ticker,company_name,status,exchange,sector,etf_sources,known_delisted,exclusion_reason,model_classification,is_stale,has_any_price,last_price_date
AARD,"Aardvark Therapeutics, Inc.",active,NASDAQ,Biotechnology,IBB,False,,ACTIVE_VALID,False,True,2026-07-10
ABCL,AbCellera Biologics Inc.,active,NASDAQ,Biotechnology,IBB,False,,ACTIVE_VALID,False,True,2026-07-09
ABEO,Abeona Therapeutics Inc.,active,,Healthcare,,False,,ACTIVE_VALID,False,True,2026-07-09
ABOS,"Acumen Pharmaceuticals, Inc.",active,,Healthcare,,False,,ACTIVE_VALID,False,True,2026-07-09
ABSI,Absci Corporation,active,NASDAQ,Biotechnology,IBB,False,,ACTIVE_VALID,False,True,2026-07-09
ABUS,Arbutus Biopharma Corporation,active,NASDAQ,Biotechnology,IBB,False,,ACTIVE_VALID,False,True,2026-07-09
ABVX,ABIVAX Société Anonyme,active,NASDAQ,Biotechnology,IBB,False,,ACTIVE_VALID,False,True,2026-07-09
ACAD,ACADIA Pharmaceuticals Inc.,active,,Healthcare,,False,,ACTIVE_VALID,False,True,2026-07-09
ACIU,AC Immune SA,active,NASDAQ,Biotechnology,IBB,False,,ACTIVE_VALID,False,True,2026-07-09
ACRS,"Aclaris Therapeutics, Inc.",active,NASDAQ,Biotechnology,IBB,False,,ACTIVE_VALID,False,True,2026-07-09
ACRV,"Acrivon Therapeutics, Inc.",active,,Healthcare,,False,,ACTIVE_VALID,False,True,2026-07-09
ADCT,ADC Therapeutics SA,active,NASDAQ,Biotechnology,IBB,False,,ACTIVE_VALID,False,True,2026-07-09
ADMA,"ADMA Biologics, Inc.",active,NASDAQ,Biotechnology,IBB,False,,ACTIVE_VALID,False,True,2026-07-09
ADPT,Adaptive Biotechnologies Corporation,active,NASDAQ,Biotechnology,IBB,False,,ACTIVE_VALID,False,True,2026-07-09
AGIO,"Agios Pharmaceuticals, Inc.",active,,Healthcare,,False,,ACTIVE_VALID,False,True,2026-07-09
AKTX,"Akari Therapeutics, Plc",active,,Healthcare,,False,,ACTIVE_VALID,False,True,2026-07-09
ALDX,"Aldeyra Therapeutics, Inc.",active,,Healthcare,,False,,ACTIVE_VALID,False,True,2026-07-09
ALGS,"Aligos Therapeutics, Inc.",active,,Healthcare,,False,,ACTIVE_VALID,False,True,2026-07-09
ALKS,Alkermes plc,active,NASDAQ,Biotechnology,IBB,False,,ACTIVE_VALID,False,True,2026-07-09
ALLO,"Allogene Therapeutics, Inc.",active,,Healthcare,,False,,ACTIVE_VALID,False,True,2026-07-09
ALMS,Alumis Inc.,active,NASDAQ,Biotechnology,IBB,False,,ACTIVE_VALID,False,True,2026-07-09
ALNY,"Alnylam Pharmaceuticals, Inc.",active,,Healthcare,,False,,ACTIVE_VALID,False,True,2026-07-09
ALT,"Altimmune, Inc.",active,NASDAQ,Biotechnology,IBB,False,,ACTIVE_VALID,False,True,2026-07-09
ALVO,Alvotech,active,NASDAQ,Biotechnology,IBB,False,,ACTIVE_VALID,False,True,2026-07-09
AMGN,Amgen Inc.,active,,Healthcare,,False,,ACTIVE_VALID,False,True,2026-07-09
AMLX,"Amylyx Pharmaceuticals, Inc.",active,NASDAQ,Biotechnology,IBB,False,,ACTIVE_VALID,False,True,2026-07-09
AMPH,"Amphastar Pharmaceuticals, Inc.",active,NASDAQ,Biotechnology,NBI,False,,ACTIVE_VALID,False,True,2026-07-09
AMRX,"Amneal Pharmaceuticals, Inc.",active,NASDAQ,Biotechnology,NBI,False,,ACTIVE_VALID,False,True,2026-07-09
ANAB,"AnaptysBio, Inc.",active,NASDAQ,Biotechnology,IBB,False,,ACTIVE_VALID,False,True,2026-07-09
ANIP,"ANI Pharmaceuticals, Inc.",active,NASDAQ,Biotechnology,NBI,False,,ACTIVE_VALID,False,True,2026-07-09
ANNX,"Annexon, Inc.",active,NASDAQ,Biotechnology,IBB,False,,ACTIVE_VALID,False,True,2026-07-09
ANRO,ANRO,active,NASDAQ,Biotechnology,IBB,False,,ACTIVE_VALID,False,True,2026-07-09
APGE,"Apogee Therapeutics, Inc.",active,NASDAQ,Biotechnology,IBB,False,,ACTIVE_VALID,False,True,2026-07-09
APLS,"Apellis Pharmaceuticals, Inc.",delisted,,Healthcare,,True,status=delisted,DELISTED_OR_INACTIVE,True,True,2026-05-15
AQST,"Aquestive Therapeutics, Inc.",active,NASDAQ,Biotechnology,NBI,False,,ACTIVE_VALID,False,True,2026-07-09
ARCT,Arcturus Therapeutics Holdings Inc.,pending_coverage,,Healthcare,,False,status=pending_coverage,NEEDS_REVIEW,False,True,2026-07-09
ARDX,"Ardelyx, Inc.",active,NASDAQ,Biotechnology,NBI,False,,ACTIVE_VALID,False,True,2026-07-09
ARGX,argenx SE,active,,Healthcare,,False,,ACTIVE_VALID,False,True,2026-07-09
ARQT,"Arcutis Biotherapeutics, Inc.",active,NASDAQ,Biotechnology,IBB,False,,ACTIVE_VALID,False,True,2026-07-09
ARTV,"Artiva Biotherapeutics, Inc.",active,,Healthcare,,False,,ACTIVE_VALID,False,True,2026-07-09
ARVN,"Arvinas, Inc.",active,,Healthcare,,False,,ACTIVE_VALID,False,True,2026-07-09
ARWR,"Arrowhead Pharmaceuticals, Inc.",active,,Healthcare,,False,,ACTIVE_VALID,False,True,2026-07-09
ASMB,"Assembly Biosciences, Inc.",active,,Healthcare,,False,,ACTIVE_VALID,False,True,2026-07-09
ASND,Ascendis Pharma A/S,active,NASDAQ,Biotechnology,IBB,False,,ACTIVE_VALID,False,True,2026-07-09
ATAI,AtaiBeckley Inc.,pending_coverage,NASDAQ,Biotechnology,IBB,False,status=pending_coverage,NEEDS_REVIEW,False,True,2026-07-09
AUPH,Aurinia Pharmaceuticals Inc.,active,NASDAQ,Biotechnology,IBB,False,,ACTIVE_VALID,False,True,2026-07-09
AURA,"Aura Biosciences, Inc.",active,NASDAQ,Biotechnology,IBB,False,,ACTIVE_VALID,False,True,2026-07-09
AUTL,Autolus Therapeutics plc,pending_coverage,NASDAQ,Biotechnology,IBB,False,status=pending_coverage,NEEDS_REVIEW,False,True,2026-07-09
AVBP,"ArriVent BioPharma, Inc.",active,NASDAQ,Biotechnology,IBB,False,,ACTIVE_VALID,False,True,2026-07-09
AVIR,"Atea Pharmaceuticals, Inc.",active,NASDAQ,Biotechnology,IBB,False,,ACTIVE_VALID,False,True,2026-07-09
AVTR,"Avantor, Inc.",active,,Healthcare,,False,,ACTIVE_VALID,False,True,2026-07-09
AVXL,Anavex Life Sciences Corp.,active,NASDAQ,Biotechnology,IBB,False,,ACTIVE_VALID,False,True,2026-07-09
AXSM,"Axsome Therapeutics, Inc.",active,,Healthcare,,False,,ACTIVE_VALID,False,True,2026-07-09
AZN,AstraZeneca PLC,active,NASDAQ,Biotechnology,NBI,False,,ACTIVE_VALID,False,True,2026-07-09
BBIO,"BridgeBio Pharma, Inc.",active,,Healthcare,,False,,ACTIVE_VALID,False,True,2026-07-09
BBOT,"BridgeBio Oncology Therapeutics, Inc.",active,NASDAQ,Biotechnology,IBB,False,,ACTIVE_VALID,False,True,2026-07-09
BCAX,Bicara Therapeutics Inc.,active,NASDAQ,Biotechnology,IBB,False,,ACTIVE_VALID,False,True,2026-07-09
BCRX,"BioCryst Pharmaceuticals, Inc.",active,,Healthcare,,False,,ACTIVE_VALID,False,True,2026-07-09
BCYC,BCYC,active,NASDAQ,Biotechnology,IBB,False,,ACTIVE_VALID,False,True,2026-07-09
BDTX,"Black Diamond Therapeutics, Inc.",active,,Healthcare,,False,,ACTIVE_VALID,False,True,2026-07-09
BEAM,Beam Therapeutics Inc.,active,,Healthcare,,False,,ACTIVE_VALID,False,True,2026-07-09
BHVN,Biohaven Ltd.,active,NASDAQ,Biotechnology,IBB,False,,ACTIVE_VALID,False,True,2026-07-09
BIIB,Biogen Inc.,active,,Healthcare,,False,,ACTIVE_VALID,False,True,2026-07-09
BIOA,"BioAge Labs, Inc.",active,NASDAQ,Biotechnology,IBB,False,,ACTIVE_VALID,False,True,2026-07-09
BLTE,"Belite Bio, Inc",active,,Healthcare,,False,,ACTIVE_VALID,False,True,2026-07-09
BMEA,"Biomea Fusion, Inc.",active,,Healthcare,,False,,ACTIVE_VALID,False,True,2026-07-09
BMRN,BioMarin Pharmaceutical Inc.,active,,Healthcare,,False,,ACTIVE_VALID,False,True,2026-07-09
BNTX,BioNTech SE,active,,Healthcare,,False,,ACTIVE_VALID,False,True,2026-07-09
BRKR,Bruker Corporation,active,NASDAQ,Biotechnology,IBB,False,,ACTIVE_VALID,False,True,2026-07-09
CABA,"Cabaletta Bio, Inc.",active,NASDAQ,Biotechnology,IBB,False,,ACTIVE_VALID,False,True,2026-07-09
CADL,"Candel Therapeutics, Inc.",active,NASDAQ,Biotechnology,IBB,False,,ACTIVE_VALID,False,True,2026-07-09
CAI,"Caris Life Sciences, Inc.",active,NASDAQ,Biotechnology,IBB,False,,ACTIVE_VALID,False,True,2026-07-09
CATX,"Perspective Therapeutics, Inc.",active,NASDAQ,Biotechnology,IBB,False,,ACTIVE_VALID,False,True,2026-07-09
CCCC,"C4 Therapeutics, Inc.",active,NASDAQ,Biotechnology,IBB,False,,ACTIVE_VALID,False,True,2026-07-09
CDNA,"CareDx, Inc.",active,,Healthcare,,False,,ACTIVE_VALID,False,True,2026-07-09
CDXS,"Codexis, Inc.",active,NASDAQ,Biotechnology,IBB,False,,ACTIVE_VALID,False,True,2026-07-09
CELC,Celcuity Inc.,active,,Healthcare,,False,,ACTIVE_VALID,False,True,2026-07-09
CERS,Cerus Corporation,active,,Healthcare,,False,,ACTIVE_VALID,False,True,2026-07-09
CGEM,"Cullinan Therapeutics, Inc.",active,NASDAQ,Biotechnology,IBB,False,,ACTIVE_VALID,False,True,2026-07-09
CGON,"CG Oncology, Inc.",active,NASDAQ,Biotechnology,IBB,False,,ACTIVE_VALID,False,True,2026-07-09
CHRS,"Coherus Oncology, Inc.",active,NASDAQ,Biotechnology,NBI,False,,ACTIVE_VALID,False,True,2026-07-09
CLDX,"Celldex Therapeutics, Inc.",active,,Healthcare,,False,,ACTIVE_VALID,False,True,2026-07-09
CLLS,Cellectis S.A.,active,NASDAQ,Biotechnology,IBB,False,,ACTIVE_VALID,False,True,2026-07-09
CLYM,"Climb Bio, Inc.",active,,Healthcare,,False,,ACTIVE_VALID,False,True,2026-07-09
CMPS,COMPASS Pathways plc,active,NASDAQ,Biotechnology,IBB,False,,ACTIVE_VALID,False,True,2026-07-09
CMPX,"Compass Therapeutics, Inc.",active,NASDAQ,Biotechnology,,False,,ACTIVE_VALID,False,True,2026-07-09
CNTA,Centessa Pharmaceuticals plc,active,NASDAQ,Biotechnology,IBB,False,,ACTIVE_VALID,False,True,2026-06-29
CNTX,Context Therapeutics Inc.,active,NASDAQ,Biotechnology,,False,,ACTIVE_VALID,False,True,2026-07-09
COGT,"Cogent Biosciences, Inc.",active,NASDAQ,Biotechnology,IBB,False,,ACTIVE_VALID,False,True,2026-07-09
COLL,"Collegium Pharmaceutical, Inc.",active,NASDAQ,Biotechnology,NBI,False,,ACTIVE_VALID,False,True,2026-07-09
CRBU,"Caribou Biosciences, Inc.",active,,Healthcare,,False,,ACTIVE_VALID,False,True,2026-07-09
CRL,"Charles River Laboratories International, Inc.",active,NASDAQ,Biotechnology,IBB,False,,ACTIVE_VALID,False,True,2026-07-09
CRMD,CorMedix Inc.,active,NASDAQ,Biotechnology,NBI,False,,ACTIVE_VALID,False,True,2026-07-09
CRNX,"Crinetics Pharmaceuticals, Inc.",active,,Healthcare,,False,,ACTIVE_VALID,False,True,2026-07-09
CRSP,CRISPR Therapeutics AG,active,,Healthcare,,False,,ACTIVE_VALID,False,True,2026-07-09
CRVS,"Corvus Pharmaceuticals, Inc.",active,,Healthcare,,False,,ACTIVE_VALID,False,True,2026-07-09
CSTL,"Castle Biosciences, Inc.",active,NASDAQ,Biotechnology,IBB,False,,ACTIVE_VALID,False,True,2026-07-09
CTKB,"Cytek Biosciences, Inc.",pending_coverage,NASDAQ,Biotechnology,IBB,False,status=pending_coverage,NEEDS_REVIEW,False,True,2026-07-09
CTMX,"CytomX Therapeutics, Inc.",active,NASDAQ,Biotechnology,IBB,False,,ACTIVE_VALID,False,True,2026-07-09
CTNM,"Contineum Therapeutics, Inc.",active,NASDAQ,Biotechnology,IBB,False,,ACTIVE_VALID,False,True,2026-07-09
CYTK,"Cytokinetics, Incorporated",active,,Healthcare,,False,,ACTIVE_VALID,False,True,2026-07-09
DFTX,"Definium Therapeutics, Inc.",active,NASDAQ,Biotechnology,IBB,False,,ACTIVE_VALID,False,True,2026-07-09
DNA,"Ginkgo Bioworks Holdings, Inc.",active,NASDAQ,Biotechnology,IBB,False,,ACTIVE_VALID,False,True,2026-07-09
DNLI,Denali Therapeutics Inc.,active,,Healthcare,,False,,ACTIVE_VALID,False,True,2026-07-09
DNTH,"Dianthus Therapeutics, Inc.",active,,Healthcare,,False,,ACTIVE_VALID,False,True,2026-07-09
DRMA,"Dermata Therapeutics, Inc.",active,,Healthcare,,False,,ACTIVE_VALID,False,True,2026-07-09
DRUG,Bright Minds Biosciences Inc.,active,,Healthcare,,False,,ACTIVE_VALID,False,True,2026-07-09
DSGN,"Design Therapeutics, Inc.",active,NASDAQ,Biotechnology,IBB,False,,ACTIVE_VALID,False,True,2026-07-09
DYN,"Dyne Therapeutics, Inc.",active,NASDAQ,Biotechnology,IBB,False,,ACTIVE_VALID,False,True,2026-07-09
EBS,Emergent BioSolutions Inc.,active,NASDAQ,Biotechnology,IBB,False,,ACTIVE_VALID,False,True,2026-07-09
EDIT,"Editas Medicine, Inc.",active,,Healthcare,,False,,ACTIVE_VALID,False,True,2026-07-09
ELDN,"Eledon Pharmaceuticals, Inc.",active,,Healthcare,,False,,ACTIVE_VALID,False,True,2026-07-09
ELVN,"Enliven Therapeutics, Inc.",active,NASDAQ,Biotechnology,IBB,False,,ACTIVE_VALID,False,True,2026-07-09
ENGN,enGene Therapeutics Inc.,pending_coverage,,Healthcare,,False,status=pending_coverage,NEEDS_REVIEW,False,True,2026-07-09
ENTA,"Enanta Pharmaceuticals, Inc.",active,NASDAQ,Biotechnology,IBB,False,,ACTIVE_VALID,False,True,2026-07-09
EOLS,"Evolus, Inc.",active,NASDAQ,Biotechnology,NBI,False,,ACTIVE_VALID,False,True,2026-07-09
EPRX,Eupraxia Pharmaceuticals Inc.,active,,Healthcare,,False,,ACTIVE_VALID,False,True,2026-07-09
ERAS,"Erasca, Inc.",active,NASDAQ,Biotechnology,IBB,False,,ACTIVE_VALID,False,True,2026-07-09
ESPR,"Esperion Therapeutics, Inc.",active,NASDAQ,Biotechnology,NBI,False,,ACTIVE_VALID,False,True,2026-07-09
ETON,"Eton Pharmaceuticals, Inc.",pending_coverage,NASDAQ,Biotechnology,NBI,False,status=pending_coverage,NEEDS_REVIEW,False,True,2026-07-09
EWTX,"Edgewise Therapeutics, Inc.",active,NASDAQ,Biotechnology,IBB,False,,ACTIVE_VALID,False,True,2026-07-09
EXEL,"Exelixis, Inc.",active,,Healthcare,,False,,ACTIVE_VALID,False,True,2026-07-09
EYPT,"EyePoint, Inc.",active,NASDAQ,Biotechnology,NBI,False,,ACTIVE_VALID,False,True,2026-07-09
FATE,"Fate Therapeutics, Inc.",active,,Healthcare,,False,,ACTIVE_VALID,False,True,2026-07-09
FDMT,"4D Molecular Therapeutics, Inc.",active,NASDAQ,Biotechnology,IBB,False,,ACTIVE_VALID,False,True,2026-07-09
FHTX,Foghorn Therapeutics Inc.,active,NASDAQ,Biotechnology,IBB,False,,ACTIVE_VALID,False,True,2026-07-09
FLGT,"Fulgent Genetics, Inc.",active,NASDAQ,Biotechnology,IBB,False,,ACTIVE_VALID,False,True,2026-07-09
FTRE,Fortrea Holdings Inc.,active,NASDAQ,Biotechnology,IBB,False,,ACTIVE_VALID,False,True,2026-07-09
FULC,"Fulcrum Therapeutics, Inc.",active,,Healthcare,,False,,ACTIVE_VALID,False,True,2026-07-09
GERN,Geron Corporation,active,NASDAQ,Biotechnology,IBB,False,,ACTIVE_VALID,False,True,2026-07-09
GH,"Guardant Health, Inc.",active,NASDAQ,Biotechnology,NBI,False,,ACTIVE_VALID,False,True,2026-07-09
GHRS,GH Research PLC,active,NASDAQ,Biotechnology,IBB,False,,ACTIVE_VALID,False,True,2026-07-09
GILD,"Gilead Sciences, Inc.",active,,Healthcare,,False,,ACTIVE_VALID,False,True,2026-07-09
GLPG,Lakefront Biotherapeutics NV,delisted,,Healthcare,,True,status=delisted,DELISTED_OR_INACTIVE,False,True,2026-06-26
GLUE,"Monte Rosa Therapeutics, Inc.",active,NASDAQ,Biotechnology,IBB,False,,ACTIVE_VALID,False,True,2026-07-09
GMAB,Genmab A/S,active,NASDAQ,Biotechnology,IBB,False,,ACTIVE_VALID,False,True,2026-07-09
GOSS,"Gossamer Bio, Inc.",active,,Healthcare,,False,,ACTIVE_VALID,False,True,2026-07-09
GPCR,Structure Therapeutics Inc.,active,NASDAQ,Biotechnology,IBB,False,,ACTIVE_VALID,False,True,2026-07-09
GRAL,"GRAIL, Inc.",active,NASDAQ,Biotechnology,IBB,False,,ACTIVE_VALID,False,True,2026-07-09
GRFS,"Grifols, S.A.",active,NASDAQ,Biotechnology,IBB,False,,ACTIVE_VALID,False,True,2026-07-09
HALO,"Halozyme Therapeutics, Inc.",active,,Healthcare,,False,,ACTIVE_VALID,False,True,2026-07-09
HOWL,"Werewolf Therapeutics, Inc.",active,,Healthcare,,False,,ACTIVE_VALID,False,True,2026-07-09
HRMY,"Harmony Biosciences Holdings, Inc.",active,NASDAQ,Biotechnology,NBI,False,,ACTIVE_VALID,False,True,2026-07-09
HROW,"Harrow, Inc.",active,NASDAQ,Biotechnology,NBI,False,,ACTIVE_VALID,False,True,2026-07-09
HRTX,"Heron Therapeutics, Inc.",active,,Healthcare,,False,,ACTIVE_VALID,False,True,2026-07-09
HUMA,"Humacyte, Inc.",active,NASDAQ,Biotechnology,IBB,False,,ACTIVE_VALID,False,True,2026-07-09
IBRX,"ImmunityBio, Inc.",active,NASDAQ,Biotechnology,IBB,False,,ACTIVE_VALID,False,True,2026-07-09
IDYA,"IDEAYA Biosciences, Inc.",active,NASDAQ,Biotechnology,IBB,False,,ACTIVE_VALID,False,True,2026-07-09
IKT,"Inhibikase Therapeutics, Inc.",active,,Healthcare,,False,,ACTIVE_VALID,False,True,2026-07-09
ILMN,"Illumina, Inc.",pending_coverage,NASDAQ,Biotechnology,IBB,False,status=pending_coverage,NEEDS_REVIEW,False,True,2026-07-09
IMCR,Immunocore Holdings plc,active,,Healthcare,,False,,ACTIVE_VALID,False,True,2026-07-09
IMMP,Immutep Limited,active,,Healthcare,,False,,ACTIVE_VALID,False,True,2026-07-09
IMRX,Immuneering Corporation,active,NASDAQ,Biotechnology,IBB,False,,ACTIVE_VALID,False,True,2026-07-09
IMTX,Immatics N.V.,active,,Healthcare,,False,,ACTIVE_VALID,False,True,2026-07-09
IMVT,"Immunovant, Inc.",active,,Healthcare,,False,,ACTIVE_VALID,False,True,2026-07-09
INBX,"Inhibrx Biosciences, Inc.",active,NASDAQ,Biotechnology,IBB,False,,ACTIVE_VALID,False,True,2026-07-09
INCY,Incyte Corporation,active,,Healthcare,,False,,ACTIVE_VALID,False,True,2026-07-09
INDV,"Indivior Pharmaceuticals, Inc.",active,NASDAQ,Biotechnology,NBI,False,,ACTIVE_VALID,False,True,2026-07-09
INSM,Insmed Incorporated,active,NASDAQ,Biotechnology,IBB,False,,ACTIVE_VALID,False,True,2026-07-09
INVA,"Innoviva, Inc.",active,NASDAQ,Biotechnology,NBI,False,,ACTIVE_VALID,False,True,2026-07-09
IONS,"Ionis Pharmaceuticals, Inc.",active,,Healthcare,,False,,ACTIVE_VALID,False,True,2026-07-09
IOVA,"Iovance Biotherapeutics, Inc.",active,NASDAQ,Biotechnology,IBB,False,,ACTIVE_VALID,False,True,2026-07-09
IRON,"Disc Medicine, Inc.",active,NASDAQ,Biotechnology,IBB,False,,ACTIVE_VALID,False,True,2026-07-09
IRWD,"Ironwood Pharmaceuticals, Inc.",active,,Healthcare,,False,,ACTIVE_VALID,False,True,2026-07-09
IVVD,"Invivyd, Inc.",active,NASDAQ,Biotechnology,NBI,False,,ACTIVE_VALID,False,True,2026-07-09
JANX,"Janux Therapeutics, Inc.",active,NASDAQ,Biotechnology,IBB,False,,ACTIVE_VALID,False,True,2026-07-09
JAZZ,Jazz Pharmaceuticals plc,active,,Healthcare,,False,,ACTIVE_VALID,False,True,2026-07-09
JBIO,"Jade Biosciences, Inc.",active,,Healthcare,,False,,ACTIVE_VALID,False,True,2026-07-09
KALA,"KALA BIO, Inc.",pending_coverage,,Healthcare,,False,status=pending_coverage,NEEDS_REVIEW,False,True,2026-07-09
KALV,KalVista Pharmaceuticals Inc,delisted,,Healthcare,,True,status=delisted,DELISTED_OR_INACTIVE,True,True,2026-06-12
KMDA,Kamada Ltd.,active,NASDAQ,Biotechnology,NBI,False,,ACTIVE_VALID,False,True,2026-07-09
KNSA,"Kiniksa Pharmaceuticals International, plc",active,NASDAQ,Biotechnology,NBI,False,,ACTIVE_VALID,False,True,2026-07-09
KOD,Kodiak Sciences Inc.,active,NASDAQ,Biotechnology,IBB,False,,ACTIVE_VALID,False,True,2026-07-09
KROS,"Keros Therapeutics, Inc.",active,NASDAQ,Biotechnology,IBB,False,,ACTIVE_VALID,False,True,2026-07-09
KRYS,"Krystal Biotech, Inc.",active,,Healthcare,,False,,ACTIVE_VALID,False,True,2026-07-09
KURA,"Kura Oncology, Inc.",active,NASDAQ,Biotechnology,IBB,False,,ACTIVE_VALID,False,True,2026-07-09
KYMR,"Kymera Therapeutics, Inc.",active,,Healthcare,,False,,ACTIVE_VALID,False,True,2026-07-09
KYTX,"Kyverna Therapeutics, Inc.",active,NASDAQ,Biotechnology,IBB,False,,ACTIVE_VALID,False,True,2026-07-09
LAB,Standard BioTools Inc.,active,NASDAQ,Biotechnology,IBB,False,,ACTIVE_VALID,False,True,2026-07-09
LBRX,LB Pharmaceuticals Inc,active,,Healthcare,,False,,ACTIVE_VALID,False,True,2026-07-09
LCTX,"Lineage Cell Therapeutics, Inc.",active,NASDAQ,Biotechnology,IBB,False,,ACTIVE_VALID,False,True,2026-07-09
LEGN,Legend Biotech Corporation,active,,Healthcare,,False,,ACTIVE_VALID,False,True,2026-07-09
LENZ,"LENZ Therapeutics, Inc.",active,NASDAQ,Biotechnology,IBB,False,,ACTIVE_VALID,False,True,2026-07-09
LFCR,"Lifecore Biomedical, Inc.",pending_coverage,NASDAQ,Biotechnology,NBI,False,status=pending_coverage,NEEDS_REVIEW,False,True,2026-07-09
LGND,Ligand Pharmaceuticals Incorporated,active,,Healthcare,,False,,ACTIVE_VALID,False,True,2026-07-09
LQDA,Liquidia Corporation,active,,Healthcare,,False,,ACTIVE_VALID,False,True,2026-07-09
LRMR,"Larimar Therapeutics, Inc.",active,NASDAQ,Biotechnology,IBB,False,,ACTIVE_VALID,False,True,2026-07-09
LXEO,"Lexeo Therapeutics, Inc.",active,NASDAQ,Biotechnology,IBB,False,,ACTIVE_VALID,False,True,2026-07-09
LYEL,"Lyell Immunopharma, Inc.",active,NASDAQ,Biotechnology,IBB,False,,ACTIVE_VALID,False,True,2026-07-09
MAZE,"Maze Therapeutics, Inc.",active,NASDAQ,Biotechnology,IBB,False,,ACTIVE_VALID,False,True,2026-07-09
MBX,"MBX Biosciences, Inc.",active,NASDAQ,Biotechnology,IBB,False,,ACTIVE_VALID,False,True,2026-07-09
MCRB,"Seres Therapeutics, Inc.",active,,Healthcare,,False,,ACTIVE_VALID,False,True,2026-07-09
MDGL,"Madrigal Pharmaceuticals, Inc.",active,,Healthcare,,False,,ACTIVE_VALID,False,True,2026-07-09
MEDP,"Medpace Holdings, Inc.",active,NASDAQ,Biotechnology,IBB,False,,ACTIVE_VALID,False,True,2026-07-09
MENS,Jyong Biotech Ltd.,pending_coverage,NASDAQ,Biotechnology,IBB,False,status=pending_coverage,NEEDS_REVIEW,False,True,2026-07-09
MESO,Mesoblast Limited,active,NASDAQ,Biotechnology,IBB,False,,ACTIVE_VALID,False,True,2026-07-09
MGTX,MeiraGTx Holdings plc,pending_coverage,NASDAQ,Biotechnology,IBB,False,status=pending_coverage,NEEDS_REVIEW,False,True,2026-07-09
MIRM,"Mirum Pharmaceuticals, Inc.",active,NASDAQ,Biotechnology,IBB,False,,ACTIVE_VALID,False,True,2026-07-09
MLTX,MoonLake Immunotherapeutics,active,,Healthcare,,False,,ACTIVE_VALID,False,True,2026-07-09
MLYS,"Mineralys Therapeutics, Inc.",active,NASDAQ,Biotechnology,IBB,False,,ACTIVE_VALID,False,True,2026-07-09
MNKD,MannKind Corporation,active,NASDAQ,Biotechnology,IBB,False,,ACTIVE_VALID,False,True,2026-07-09
MRNA,"Moderna, Inc.",active,,Healthcare,,False,,ACTIVE_VALID,False,True,2026-07-09
MRVI,"Maravai LifeSciences Holdings, Inc.",pending_coverage,,Healthcare,,False,status=pending_coverage,NEEDS_REVIEW,False,True,2026-07-09
MYGN,"Myriad Genetics, Inc.",active,NASDAQ,Biotechnology,IBB,False,,ACTIVE_VALID,False,True,2026-07-09
NAMS,NewAmsterdam Pharma Company N.V.,active,NASDAQ,Biotechnology,IBB,False,,ACTIVE_VALID,False,True,2026-07-09
NAUT,"Nautilus Biotechnology, Inc.",active,,Healthcare,,False,,ACTIVE_VALID,False,True,2026-07-09
NBIX,"Neurocrine Biosciences, Inc.",active,NASDAQ,Biotechnology,IBB,False,,ACTIVE_VALID,False,True,2026-07-09
NBP,NovaBridge Biosciences,pending_coverage,NASDAQ,Biotechnology,IBB,False,status=pending_coverage,NEEDS_REVIEW,False,True,2026-07-09
NGNE,Neurogene Inc.,active,NASDAQ,Biotechnology,IBB,False,,ACTIVE_VALID,False,True,2026-07-09
NKTX,"Nkarta, Inc.",active,,Healthcare,,False,,ACTIVE_VALID,False,True,2026-07-09
NMRA,"Neumora Therapeutics, Inc.",active,NASDAQ,Biotechnology,IBB,False,,ACTIVE_VALID,False,True,2026-07-09
NRIX,"Nurix Therapeutics, Inc.",active,NASDAQ,Biotechnology,IBB,False,,ACTIVE_VALID,False,True,2026-07-09
NTLA,"Intellia Therapeutics, Inc.",active,,Healthcare,,False,,ACTIVE_VALID,False,True,2026-07-09
NTRA,"Natera, Inc.",active,,Healthcare,,False,,ACTIVE_VALID,False,True,2026-07-09
NUVB,Nuvation Bio Inc.,active,NASDAQ,Biotechnology,IBB,False,,ACTIVE_VALID,False,True,2026-07-09
NUVL,"Nuvalent, Inc.",active,NASDAQ,Biotechnology,IBB,False,,ACTIVE_VALID,False,True,2026-07-09
NVAX,"Novavax, Inc.",active,,Healthcare,,False,,ACTIVE_VALID,False,True,2026-07-09
NVCR,NovoCure Limited,active,,Healthcare,,False,,ACTIVE_VALID,False,True,2026-07-09
OABI,"OmniAb, Inc.",active,NASDAQ,Biotechnology,IBB,False,,ACTIVE_VALID,False,True,2026-07-09
OBIO,"Orchestra BioMed Holdings, Inc.",pending_coverage,NASDAQ,Biotechnology,NBI,False,status=pending_coverage,NEEDS_REVIEW,False,True,2026-07-09
OCGN,"Ocugen, Inc.",active,,Healthcare,,False,,ACTIVE_VALID,False,True,2026-07-09
OCS,Oculis Holding AG,pending_coverage,,Healthcare,,False,status=pending_coverage,NEEDS_REVIEW,False,True,2026-07-09
OCUL,"Ocular Therapeutix, Inc.",active,NASDAQ,Biotechnology,NBI,False,,ACTIVE_VALID,False,True,2026-07-09
OLMA,"Olema Pharmaceuticals, Inc.",active,NASDAQ,Biotechnology,IBB,False,,ACTIVE_VALID,False,True,2026-07-09
OMER,Omeros Corporation,active,NASDAQ,Biotechnology,NBI,False,,ACTIVE_VALID,False,True,2026-07-09
ONC,BeOne Medicines AG,active,NASDAQ,Biotechnology,IBB,False,,ACTIVE_VALID,False,True,2026-07-09
OPCH,"Option Care Health, Inc.",active,,Healthcare,,False,,ACTIVE_VALID,False,True,2026-07-09
OPK,"OPKO Health, Inc.",active,NASDAQ,Biotechnology,IBB,False,,ACTIVE_VALID,False,True,2026-07-09
ORIC,"ORIC Pharmaceuticals, Inc.",active,NASDAQ,Biotechnology,IBB,False,,ACTIVE_VALID,False,True,2026-07-09
ORKA,"Oruka Therapeutics, Inc.",active,NASDAQ,Biotechnology,IBB,False,,ACTIVE_VALID,False,True,2026-07-09
PACB,"Pacific Biosciences of California, Inc.",pending_coverage,NASDAQ,Biotechnology,IBB,False,status=pending_coverage,NEEDS_REVIEW,False,True,2026-07-09
PAHC,Phibro Animal Health Corporation,pending_coverage,NASDAQ,Biotechnology,NBI,False,status=pending_coverage,NEEDS_REVIEW,False,True,2026-07-09
PBYI,"Puma Biotechnology, Inc.",active,NASDAQ,Biotechnology,NBI,False,,ACTIVE_VALID,False,True,2026-07-09
PCRX,"Pacira BioSciences, Inc.",active,,Healthcare,,False,,ACTIVE_VALID,False,True,2026-07-09
PCVX,"Vaxcyte, Inc.",active,,Healthcare,,False,,ACTIVE_VALID,False,True,2026-07-09
PEPG,PepGen Inc.,active,NASDAQ,Biotechnology,IBB,False,,ACTIVE_VALID,False,True,2026-07-09
PGEN,"Precigen, Inc.",active,,Healthcare,,False,,ACTIVE_VALID,False,True,2026-07-09
PHAT,"Phathom Pharmaceuticals, Inc.",active,NASDAQ,Biotechnology,IBB,False,,ACTIVE_VALID,False,True,2026-07-09
PHVS,Pharvaris N.V.,active,NASDAQ,Biotechnology,IBB,False,,ACTIVE_VALID,False,True,2026-07-09
PRAX,"Praxis Precision Medicines, Inc.",active,NASDAQ,Biotechnology,IBB,False,,ACTIVE_VALID,False,True,2026-07-09
PRLD,Prelude Therapeutics Incorporated,active,,Healthcare,,False,,ACTIVE_VALID,False,True,2026-07-09
PRME,"Prime Medicine, Inc.",active,NASDAQ,Biotechnology,IBB,False,,ACTIVE_VALID,False,True,2026-07-09
PRQR,ProQR Therapeutics N.V.,active,,Healthcare,,False,,ACTIVE_VALID,False,True,2026-07-09
PRTA,Prothena Corporation plc,active,,Healthcare,,False,,ACTIVE_VALID,False,True,2026-07-09
PRVA,"Privia Health Group, Inc.",active,,Healthcare,,False,,ACTIVE_VALID,False,True,2026-07-09
PSNL,"Personalis, Inc.",active,NASDAQ,Biotechnology,IBB,False,,ACTIVE_VALID,False,True,2026-07-09
PTCT,"PTC Therapeutics, Inc.",active,,Healthcare,,False,,ACTIVE_VALID,False,True,2026-07-09
PTGX,"Protagonist Therapeutics, Inc.",active,,Healthcare,,False,,ACTIVE_VALID,False,True,2026-07-09
PVLA,"Palvella Therapeutics, Inc.",active,,Healthcare,,False,,ACTIVE_VALID,False,True,2026-07-09
PYXS,"Pyxis Oncology, Inc.",active,NASDAQ,Biotechnology,IBB,False,,ACTIVE_VALID,False,True,2026-07-09
QSI,Quantum-Si incorporated,active,NASDAQ,Biotechnology,IBB,False,,ACTIVE_VALID,False,True,2026-07-09
QTRX,Quanterix Corporation,active,NASDAQ,Biotechnology,IBB,False,,ACTIVE_VALID,False,True,2026-07-09
QURE,uniQure N.V.,active,NASDAQ,Biotechnology,IBB,False,,ACTIVE_VALID,False,True,2026-07-09
RANI,"Rani Therapeutics Holdings, Inc.",active,NASDAQ,Biotechnology,NBI,False,,ACTIVE_VALID,False,True,2026-07-09
RAPP,"Rapport Therapeutics, Inc.",active,NASDAQ,Biotechnology,IBB,False,,ACTIVE_VALID,False,True,2026-07-09
RARE,Ultragenyx Pharmaceutical Inc.,active,,Healthcare,,False,,ACTIVE_VALID,False,True,2026-07-09
RCKT,"Rocket Pharmaceuticals, Inc.",active,NASDAQ,Biotechnology,IBB,False,,ACTIVE_VALID,False,True,2026-07-09
RCUS,"Arcus Biosciences, Inc.",active,NASDAQ,Biotechnology,IBB,False,,ACTIVE_VALID,False,True,2026-07-09
REGN,"Regeneron Pharmaceuticals, Inc.",active,NASDAQ,Biotechnology,IBB,False,,ACTIVE_VALID,False,True,2026-07-09
REPL,"Replimune Group, Inc.",active,NASDAQ,Biotechnology,IBB,False,,ACTIVE_VALID,False,True,2026-07-09
RGEN,Repligen Corporation,active,,Healthcare,,False,,ACTIVE_VALID,False,True,2026-07-09
RGNX,REGENXBIO Inc.,active,,Healthcare,,False,,ACTIVE_VALID,False,True,2026-07-09
RIGL,"Rigel Pharmaceuticals, Inc.",active,NASDAQ,Biotechnology,IBB,False,,ACTIVE_VALID,False,True,2026-07-09
RLAY,"Relay Therapeutics, Inc.",active,NASDAQ,Biotechnology,IBB,False,,ACTIVE_VALID,False,True,2026-07-09
RNA,"Atrium Therapeutics, Inc.",active,,Healthcare,,False,,ACTIVE_VALID,False,True,2026-07-09
ROIV,Roivant Sciences Ltd.,active,,Healthcare,,False,,ACTIVE_VALID,False,True,2026-07-09
RPRX,Royalty Pharma plc,pending_coverage,NASDAQ,Biotechnology,NBI,False,status=pending_coverage,NEEDS_REVIEW,False,True,2026-07-09
RVMD,"Revolution Medicines, Inc.",active,,Healthcare,,False,,ACTIVE_VALID,False,True,2026-07-09
RXRX,"Recursion Pharmaceuticals, Inc.",active,,Healthcare,,False,,ACTIVE_VALID,False,True,2026-07-09
RYTM,"Rhythm Pharmaceuticals, Inc.",active,,Healthcare,,False,,ACTIVE_VALID,False,True,2026-07-09
SABS,"SAB Biotherapeutics, Inc.",active,,Healthcare,,False,,ACTIVE_VALID,False,True,2026-07-09
SANA,"Sana Biotechnology, Inc.",active,,Healthcare,,False,,ACTIVE_VALID,False,True,2026-07-09
SEPN,"Septerna, Inc.",active,NASDAQ,Biotechnology,IBB,False,,ACTIVE_VALID,False,True,2026-07-09
SERA,"Sera Prognostics, Inc.",active,,Healthcare,,False,,ACTIVE_VALID,False,True,2026-07-09
SGMO,"Sangamo Therapeutics, Inc.",active,,Healthcare,,False,,ACTIVE_VALID,False,True,2026-07-01
SGMT,Sagimet Biosciences Inc.,active,NASDAQ,Biotechnology,IBB,False,,ACTIVE_VALID,False,True,2026-07-09
SIGA,"SIGA Technologies, Inc.",active,NASDAQ,Biotechnology,NBI,False,,ACTIVE_VALID,False,True,2026-07-09
SION,"Sionna Therapeutics, Inc.",active,NASDAQ,Biotechnology,IBB,False,,ACTIVE_VALID,False,True,2026-07-09
SKYE,"Skye Bioscience, Inc.",active,,Healthcare,,False,,ACTIVE_VALID,False,True,2026-07-09
SLDB,Solid Biosciences Inc.,active,NASDAQ,Biotechnology,IBB,False,,ACTIVE_VALID,False,True,2026-07-09
SLN,Silence Therapeutics plc,active,NASDAQ,Biotechnology,IBB,False,,ACTIVE_VALID,False,True,2026-07-09
SMMT,Summit Therapeutics Inc.,active,NASDAQ,Biotechnology,IBB,False,,ACTIVE_VALID,False,True,2026-07-09
SNDX,"Syndax Pharmaceuticals, Inc.",active,,Healthcare,,False,,ACTIVE_VALID,False,True,2026-07-09
SNY,Sanofi,active,NASDAQ,Biotechnology,NBI,False,,ACTIVE_VALID,False,True,2026-07-09
SPRY,"ARS Pharmaceuticals, Inc.",active,,Healthcare,,False,,ACTIVE_VALID,False,True,2026-07-09
SRPT,"Sarepta Therapeutics, Inc.",active,,Healthcare,,False,,ACTIVE_VALID,False,True,2026-07-09
SRRK,Scholar Rock Holding Corporation,active,NASDAQ,Biotechnology,IBB,False,,ACTIVE_VALID,False,True,2026-07-09
SRZN,"Surrozen, Inc.",pending_coverage,NASDAQ,Biotechnology,,False,status=pending_coverage,NEEDS_REVIEW,False,True,2026-07-09
STOK,"Stoke Therapeutics, Inc.",active,NASDAQ,Biotechnology,IBB,False,,ACTIVE_VALID,False,True,2026-07-09
STRO,"Sutro Biopharma, Inc.",active,NASDAQ,Biotechnology,IBB,False,,ACTIVE_VALID,False,True,2026-07-09
STVN,Stevanato Group S.p.A.,pending_coverage,NASDAQ,Biotechnology,IBB,False,status=pending_coverage,NEEDS_REVIEW,False,True,2026-07-09
SUPN,"Supernus Pharmaceuticals, Inc.",active,NASDAQ,Biotechnology,NBI,False,,ACTIVE_VALID,False,True,2026-07-09
SVRA,Savara Inc.,active,NASDAQ,Biotechnology,IBB,False,,ACTIVE_VALID,False,True,2026-07-09
SYRE,"Spyre Therapeutics, Inc.",active,NASDAQ,Biotechnology,IBB,False,,ACTIVE_VALID,False,True,2026-07-09
TARA,"Protara Therapeutics, Inc.",active,,Healthcare,,False,,ACTIVE_VALID,False,True,2026-07-09
TARS,"Tarsus Pharmaceuticals, Inc.",active,,Healthcare,,False,,ACTIVE_VALID,False,True,2026-07-09
TBPH,"Theravance Biopharma, Inc.",active,,Healthcare,,False,,ACTIVE_VALID,False,True,2026-07-09
TCRX,"TScan Therapeutics, Inc.",active,,Healthcare,,False,,ACTIVE_VALID,False,True,2026-07-09
TECH,Bio-Techne Corporation,active,,Healthcare,,False,,ACTIVE_VALID,False,True,2026-07-09
TECX,"Tectonic Therapeutic, Inc.",active,NASDAQ,Biotechnology,IBB,False,,ACTIVE_VALID,False,True,2026-07-09
TEM,"Tempus AI, Inc.",active,NASDAQ,Biotechnology,IBB,False,,ACTIVE_VALID,False,True,2026-07-09
TENX,"Tenax Therapeutics, Inc.",active,,Healthcare,,False,,ACTIVE_VALID,False,True,2026-07-09
TEVA,Teva Pharmaceutical Industries Limited,active,NYSE,Pharmaceuticals,,False,,ACTIVE_VALID,False,True,2026-07-09
TGTX,"TG Therapeutics, Inc.",active,,Healthcare,,False,,ACTIVE_VALID,False,True,2026-07-09
TKNO,"Alpha Teknova, Inc.",pending_coverage,NASDAQ,Biotechnology,IBB,False,status=pending_coverage,NEEDS_REVIEW,False,True,2026-07-09
TNGX,"Tango Therapeutics, Inc.",active,NASDAQ,Biotechnology,IBB,False,,ACTIVE_VALID,False,True,2026-07-09
TNYA,"Tenaya Therapeutics, Inc.",active,NASDAQ,Biotechnology,IBB,False,,ACTIVE_VALID,False,True,2026-07-09
TRDA,"Entrada Therapeutics, Inc.",active,NASDAQ,Biotechnology,IBB,False,,ACTIVE_VALID,False,True,2026-07-09
TRVI,"Trevi Therapeutics, Inc.",active,NASDAQ,Biotechnology,IBB,False,,ACTIVE_VALID,False,True,2026-07-09
TSHA,"Taysha Gene Therapies, Inc.",active,NASDAQ,Biotechnology,IBB,False,,ACTIVE_VALID,False,True,2026-07-09
TVTX,"Travere Therapeutics, Inc.",active,NASDAQ,Biotechnology,IBB,False,,ACTIVE_VALID,False,True,2026-07-09
TWST,Twist Bioscience Corporation,active,NASDAQ,Biotechnology,IBB,False,,ACTIVE_VALID,False,True,2026-07-09
TXG,"10x Genomics, Inc.",active,NASDAQ,Biotechnology,IBB,False,,ACTIVE_VALID,False,True,2026-07-09
TYRA,"Tyra Biosciences, Inc.",active,NASDAQ,Biotechnology,IBB,False,,ACTIVE_VALID,False,True,2026-07-09
UPB,"Upstream Bio, Inc.",active,NASDAQ,Biotechnology,IBB,False,,ACTIVE_VALID,False,True,2026-07-09
URGN,UroGen Pharma Ltd.,active,NASDAQ,Biotechnology,IBB,False,,ACTIVE_VALID,False,True,2026-07-09
UTHR,United Therapeutics Corporation,active,,Healthcare,,False,,ACTIVE_VALID,False,True,2026-07-09
VCEL,Vericel Corporation,active,NASDAQ,Biotechnology,IBB,False,,ACTIVE_VALID,False,True,2026-07-09
VCYT,"Veracyte, Inc.",active,,Healthcare,,False,,ACTIVE_VALID,False,True,2026-07-09
VERA,"Vera Therapeutics, Inc.",active,NASDAQ,Biotechnology,IBB,False,,ACTIVE_VALID,False,True,2026-07-09
VIR,"Vir Biotechnology, Inc.",active,NASDAQ,Biotechnology,IBB,False,,ACTIVE_VALID,False,True,2026-07-09
VKTX,"Viking Therapeutics, Inc.",active,,Healthcare,,False,,ACTIVE_VALID,False,True,2026-07-09
VNDA,Vanda Pharmaceuticals Inc.,active,NASDAQ,Biotechnology,IBB,False,,ACTIVE_VALID,False,True,2026-07-09
VOR,Vor Biopharma Inc.,active,NASDAQ,Biotechnology,NBI,False,,ACTIVE_VALID,False,True,2026-07-09
VRDN,"Viridian Therapeutics, Inc.",active,,Healthcare,,False,,ACTIVE_VALID,False,True,2026-07-09
VRTX,Vertex Pharmaceuticals Incorporated,active,,Healthcare,,False,,ACTIVE_VALID,False,True,2026-07-09
VTRS,Viatris Inc.,active,NASDAQ,Biotechnology,NBI,False,,ACTIVE_VALID,False,True,2026-07-09
VYGR,"Voyager Therapeutics, Inc.",active,NASDAQ,Biotechnology,IBB,False,,ACTIVE_VALID,False,True,2026-07-09
WVE,Wave Life Sciences Ltd.,active,NASDAQ,Biotechnology,IBB,False,,ACTIVE_VALID,False,True,2026-07-09
XENE,Xenon Pharmaceuticals Inc.,active,NASDAQ,Biotechnology,IBB,False,,ACTIVE_VALID,False,True,2026-07-09
XERS,"Xeris Biopharma Holdings, Inc.",pending_coverage,NASDAQ,Biotechnology,NBI,False,status=pending_coverage,NEEDS_REVIEW,False,True,2026-07-09
XNCR,"Xencor, Inc.",active,NASDAQ,Biotechnology,IBB,False,,ACTIVE_VALID,False,True,2026-07-09
ZBIO,ZBIO,active,NASDAQ,Biotechnology,IBB,False,,ACTIVE_VALID,False,True,2026-07-09
ZLAB,Zai Lab Limited,active,NASDAQ,Biotechnology,IBB,False,,ACTIVE_VALID,False,True,2026-07-09
ZVRA,"Zevra Therapeutics, Inc.",active,NASDAQ,Biotechnology,IBB,False,,ACTIVE_VALID,False,True,2026-07-09
ZYME,Zymeworks Inc.,active,NASDAQ,Biotechnology,IBB,False,,ACTIVE_VALID,False,True,2026-07-09
_XBI_BENCHMARK_,,benchmark,,,,False,,ACTIVE_BUT_STALE_PRICE,,,
KYNB,"Kyntra Bio, Inc.",active,NASDAQ,Biotechnology,,False,,ACTIVE_VALID,False,True,2026-07-09
ABBV,AbbVie Inc.,active,,Biotechnology,XBI,False,,ACTIVE_VALID,False,True,2026-07-09
ACLX,,delisted,,Biotechnology,IBB,True,status=delisted,DELISTED_OR_INACTIVE,True,True,2026-04-29
AKBA,"Akebia Therapeutics, Inc.",active,,Biotechnology,XBI,False,,ACTIVE_VALID,False,True,2026-07-09
CAPR,"Capricor Therapeutics, Inc.",active,,Biotechnology,XBI,False,,ACTIVE_VALID,False,True,2026-07-09
CPRX,"Catalyst Pharmaceuticals, Inc.",active,,Biotechnology,XBI,False,,ACTIVE_VALID,False,True,2026-07-09
DAWN,,delisted,,Biotechnology,IBB,True,status=delisted,DELISTED_OR_INACTIVE,True,True,2026-04-24
DMRA,"Damora Therapeutics, Inc.",active,,Biotechnology,XBI,False,,ACTIVE_VALID,False,True,2026-07-09
FOLD,,delisted,,Biotechnology,IBB,True,status=delisted,DELISTED_OR_INACTIVE,True,True,2026-04-27
IMNM,"Immunome, Inc.",active,,Biotechnology,XBI,False,,ACTIVE_VALID,False,True,2026-07-09
MDXG,"MiMedx Group, Inc.",active,,Biotechnology,XBI,False,,ACTIVE_VALID,False,True,2026-07-09
RNAC,"Cartesian Therapeutics, Inc.",active,,Biotechnology,IBB,False,,ACTIVE_VALID,False,True,2026-07-09
SLS,"SELLAS Life Sciences Group, Inc.",active,,Biotechnology,XBI,False,,ACTIVE_VALID,False,True,2026-07-09
TERN,,delisted,,Biotechnology,IBB,True,status=delisted,DELISTED_OR_INACTIVE,True,True,2026-05-07
TRAX,"First Tracks Biotherapeutics, Inc.",active,,Biotechnology,XBI,False,,ACTIVE_VALID,False,True,2026-07-09
VSTM,"Verastem, Inc.",active,,Biotechnology,XBI,False,,ACTIVE_VALID,False,True,2026-07-09
KLRA,"Kailera Therapeutics, Inc.",pending_coverage,NASDAQ,Biotechnology,,False,status=pending_coverage,NEEDS_REVIEW,False,True,2026-07-09
PBLS,"Parabilis Medicines, Inc.",active,NASDAQ,Biotechnology,,False,,ACTIVE_VALID,False,True,2026-07-09
GENB,"Generate Biomedicines, Inc.",pending_coverage,NASDAQ,Biotechnology,,False,status=pending_coverage,NEEDS_REVIEW,False,True,2026-07-09
KARD,"Kardigan, Inc.",active,NASDAQ,Biotechnology,,False,,ACTIVE_VALID,False,True,2026-07-09
