ticker,name,weight_pct
VRTX,VERTEX PHARMACEUTICALS INC,8.11
AMGN,AMGEN INC,7.86
GILD,GILEAD SCIENCES INC,7.03
REGN,REGENERON PHARMACEUTICALS INC,5.05
ARGX,ARGENX SE ADR,3.65
ALNY,ALNYLAM PHARMACEUTICALS INC,3.06
NTRA,NATERA INC,2.83
RVMD,REVOLUTION MEDICINES INC,2.74
BIIB,BIOGEN INC,2.5
ILMN,ILLUMINA INC,2.11
MRNA,MODERNA INC,1.93
INCY,INCYTE CORP,1.78
ONC,BEONE MEDICINES AG,1.76
UTHR,UNITED THERAPEUTICS CORP,1.76
INSM,INSMED INC,1.76
ROIV,ROIVANT SCIENCES LTD,1.39
NBIX,NEUROCRINE BIOSCIENCES INC,1.32
ASND,ASCENDIS PHARMA,1.28
GMAB,GENMAB SPONSORED ADR,1.08
EXEL,EXELIXIS INC,1.06
IONS,IONIS PHARMACEUTICALS INC,1.04
MEDP,MEDPACE HOLDINGS INC,0.96
BBIO,BRIDGEBIO PHARMA INC,0.94
BMRN,BIOMARIN PHARMACEUTICAL INC,0.89
MDGL,MADRIGAL PHARMACEUTICALS INC,0.88
TECH,BIO TECHNE CORP,0.88
ARWR,ARROWHEAD PHARMACEUTICALS INC,0.83
AXSM,AXSOME THERAPEUTICS INC,0.82
CRL,CHARLES RIVER LABORATORIES INTERNA,0.81
CYTK,CYTOKINETICS INC,0.77
KRYS,KRYSTAL BIOTECH INC,0.76
ALKS,ALKERMES,0.71
HALO,HALOZYME THERAPEUTICS INC,0.7
PRAX,PRAXIS PRECISION MEDICINES INC,0.68
BNTX,BIONTECH SE ADR,0.66
PCVX,VAXCYTE INC,0.63
RGEN,REPLIGEN CORP,0.62
KYMR,KYMERA THERAPEUTICS INC,0.61
APGE,APOGEE THERAPEUTICS INC,0.6
PTGX,PROTAGONIST THERAPEUTICS INC,0.59
RYTM,RHYTHM PHARMACEUTICALS INC,0.58
SYRE,SPYRE THERAPEUTICS INC,0.54
BRKR,BRUKER CORP,0.54
PTCT,PTC THERAPEUTICS INC,0.54
NUVL,NUVALENT INC CLASS A,0.51
ABVX,ABIVAX AMERICAN DEPOSITARY SHARES,0.5
MIRM,MIRUM PHARMACEUTICALS INC,0.49
TWST,TWIST BIOSCIENCE CORP,0.47
TEM,TEMPUS AI INC CLASS A,0.47
COGT,COGENT BIOSCIENCES INC,0.44
XENE,XENON PHARMACEUTICALS INC,0.43
TVTX,TRAVERE THERAPEUTICS INC,0.42
SRRK,SCHOLAR ROCK HOLDING CORP,0.42
CRSP,CRISPR THERAPEUTICS AG,0.39
DFTX,DEFINIUM THERAPEUTICS INC,0.37
VCYT,VERACYTE INC,0.37
ORKA,ORUKA THERAPEUTICS INC,0.36
ACAD,ACADIA PHARMACEUTICALS INC,0.34
LEGN,LEGEND BIOTECH ADR REP CORP,0.34
TXG,10X GENOMICS INC CLASS A,0.33
CGON,CG ONCOLOGY INC,0.33
DNLI,DENALI THERAPEUTICS INC,0.3
CRNX,CRINETICS PHARMACEUTICALS INC,0.28
TNGX,TANGO THERAPEUTICS INC,0.26
IBRX,IMMUNITYBIO INC,0.26
BEAM,BEAM THERAPEUTICS INC,0.26
EWTX,EDGEWISE THERAPEUTICS INC,0.26
ADPT,ADAPTIVE BIOTECHNOLOGIES CORP,0.26
IMVT,IMMUNOVANT INC,0.25
IDYA,IDEAYA BIOSCIENCES INC,0.24
ERAS,ERASCA INC,0.24
ARQT,ARCUTIS BIOTHERAPEUTICS INC,0.24
GPCR,STRUCTURE THERAPEUTICS ADR INC,0.23
DYN,DYNE THERAPEUTICS INC,0.22
RARE,ULTRAGENYX PHARMACEUTICAL INC,0.22
QURE,UNIQURE NV,0.21
RLAY,RELAY THERAPEUTICS INC,0.21
NAMS,NEWAMSTERDAM PHARMA NV,0.21
GRAL,GRAIL INC,0.21
RCUS,ARCUS BIOSCIENCES INC,0.21
TARS,TARSUS PHARMACEUTICALS INC,0.2
VERA,VERA THERAPEUTICS INC CLASS A,0.2
ELVN,ENLIVEN THERAPEUTICS INC,0.19
VCEL,VERICEL CORP,0.18
CAI,CARIS LIFE SCIENCES INC,0.18
NRIX,NURIX THERAPEUTICS INC,0.18
ALMS,ALUMIS INC,0.18
NTLA,INTELLIA THERAPEUTICS INC,0.17
BCRX,BIOCRYST PHARMACEUTICALS INC,0.17
AGIO,AGIOS PHARMACEUTICALS INC,0.17
KOD,KODIAK SCIENCES INC,0.16
IRON,DISC MEDICINE INC,0.16
BHVN,BIOHAVEN LTD,0.16
ADMA,ADMA BIOLOGICS INC,0.16
AUPH,AURINIA PHARMACEUTICALS INC,0.15
SMMT,SUMMIT THERAPEUTICS INC,0.15
ABCL,ABCELLERA BIOLOGICS INC,0.14
ANAB,ANAPTYSBIO INC,0.14
SNDX,SYNDAX PHARMACEUTICALS INC,0.14
SRPT,SAREPTA THERAPEUTICS INC,0.14
ZYME,ZYMEWORKS INC,0.13
TRVI,TREVI THERAPEUTICS INC,0.13
RXRX,RECURSION PHARMACEUTICALS INC CLAS,0.13
AMLX,AMYLYX PHARMACEUTICALS INC,0.13
FTRE,FORTREA HOLDINGS INC,0.13
IOVA,IOVANCE BIOTHERAPEUTICS INC,0.13
MLYS,MINERALYS THERAPEUTICS INC,0.13
GRFS,GRIFOLS ADR REPRESENTING ONE NON-V,0.13
ZLAB,ZAI LABORATORY ADR REPRESENTING LT,0.13
NVCR,NOVOCURE LTD,0.13
CMPS,COMPASS PATHWAYS ADR PLC,0.13
STOK,STOKE THERAPEUTICS INC,0.13
ATAI,ATAIBECKLEY INC,0.12
MBX,MBX BIOSCIENCES INC,0.12
TSHA,TAYSHA GENE THERAPIES INC,0.12
ABSI,ABSCI CORP,0.11
URGN,UROGEN PHARMA LTD,0.11
TYRA,TYRA BIOSCIENCES INC,0.11
NVAX,NOVAVAX INC,0.11
NUVB,NUVATION BIO INC CLASS A,0.11
GHRS,GH RESEARCH PLC,0.11
VIR,VIR BIOTECHNOLOGY INC,0.11
CDNA,CAREDX INC,0.11
GLUE,MONTE ROSA THERAPEUTICS INC,0.1
IMCR,IMMUNOCORE HOLDINGS ADR PLC,0.1
LKFT,LAKEFRONT BIOTHERAPEUTICS ADR NV,0.1
MNKD,MANNKIND CORP,0.1
RAPP,RAPPORT THERAPEUTICS INC,0.09
AVBP,ARRIVENT BIOPHARMA INC,0.09
SION,SIONNA THERAPEUTICS INC,0.09
XNCR,XENCOR INC,0.08
INBX,INHIBRX BIOSCIENCES INC,0.08
SEPN,SEPTERNA INC,0.08
BCAX,BICARA THERAPEUTICS INC,0.08
PHVS,PHARVARIS N V NV,0.08
WVE,WAVE LIFE SCIENCES LTD,0.08
MAZE,MAZE THERAPEUTICS INC,0.08
STVN,STEVANATO GROUP,0.07
KURA,KURA ONCOLOGY INC,0.07
PGEN,PRECIGEN INC,0.07
MESO,MESOBLAST ADR REPRESENTING LTD,0.07
REPL,REPLIMUNE GROUP INC,0.07
JANX,JANUX THERAPEUTICS INC,0.07
CRVS,CORVUS PHARMACEUTICALS INC,0.07
TBPH,THERAVANCE BIOPHARMA INC,0.07
MGTX,MEIRAGTX HOLDINGS PLC,0.07
ANRO,ALTO NEUROSCIENCE INC,0.07
CGEM,CULLINAN THERAPEUTICS INC,0.07
GERN,GERON CORP,0.07
ZBIO,ZENAS BIOPHARMA INC,0.06
PSNL,PERSONALIS INC,0.06
OLMA,OLEMA PHARMACEUTICALS INC,0.06
ZVRA,ZEVRA THERAPEUTICS INC,0.06
ANNX,ANNEXON INC,0.06
BIOA,BIOAGE LABS INC,0.06
SLDB,SOLID BIOSCIENCES INC,0.06
ABUS,ARBUTUS BIOPHARMA CORP,0.06
CSTL,CASTLE BIOSCIENCES INC,0.06
RIGL,RIGEL PHARMACEUTICALS INC,0.05
IRWD,IRONWOOD PHARMA INC CLASS A,0.05
MRVI,MARAVAI LIFESCIENCES HOLDINGS INC,0.05
SVRA,SAVARA INC,0.05
SANA,SANA BIOTECHNOLOGY INC,0.05
PHAT,PHATHOM PHARMACEUTICALS INC,0.05
ORIC,ORIC PHARMACEUTICALS INC,0.05
OPK,OPKO HEALTH INC,0.05
CADL,CANDEL THERAPEUTICS INC,0.04
CTMX,CYTOMX THERAPEUTICS INC,0.04
ACRS,ACLARIS THERAPEUTICS INC,0.04
ALLO,ALLOGENE THERAPEUTICS INC,0.04
FDMT,4D MOLECULAR THERAPEUTICS INC,0.04
SPRY,ARS PHARMACEUTICALS INC,0.04
CTKB,CYTEK BIOSCIENCES INC,0.04
MYGN,MYRIAD GENETICS INC,0.04
ALT,ALTIMMUNE INC,0.04
DNA,GINKGO BIOWORKS HOLDINGS INC CLASS,0.04
DSGN,DESIGN THERAPEUTICS INC,0.04
RGNX,REGENXBIO INC,0.04
PACB,PACIFIC BIOSCIENCES OF CALIFORNIA,0.04
PRTA,PROTHENA PLC,0.04
AURA,AURA BIOSCIENCES INC,0.04
ALVO,ALVOTECH SA,0.03
ARVN,ARVINAS INC,0.03
CABA,CABALETTA BIO INC,0.03
CCCC,C4 THERAPEUTICS INC,0.03
EBS,EMERGENT BIOSOLUTIONS INC,0.03
SGMT,SAGIMET BIOSCIENCES INC SERIES A,0.03
CTNM,CONTINEUM THERAPEUTICS INC CLASS A,0.03
NGNE,NEUROGENE INC,0.03
ENTA,ENANTA PHARMACEUTICALS INC,0.03
FLGT,FULGENT GENETICS INC,0.03
VNDA,VANDA PHARMACEUTICALS INC,0.03
RCKT,ROCKET PHARMACEUTICALS INC,0.03
AUTL,AUTOLUS THERAPEUTICS ADR PLC,0.03
PRME,PRIME MEDICINE INC,0.03
BBOT,BRIDGEBIO ONCOLOGY THERAPEUTICS IN,0.03
KYTX,KYVERNA THERAPEUTICS INC,0.03
TECX,TECTONIC THERAPEUTIC INC,0.02
OABI,OMNIAB INC,0.02
LXEO,LEXEO THERAPEUTICS INC,0.02
AVIR,ATEA PHARMACEUTICALS INC,0.02
EDIT,EDITAS MEDICINE INC,0.02
LAB,STANDARD BIOTOOLS INC,0.02
CATX,PERSPECTIVE THERAPEUTICS INC,0.02
SLN,SILENCE THERAPEUTICS ADR REPRESENT,0.02
IMRX,IMMUNEERING CORP CLASS A,0.02
UPB,UPSTREAM BIO INC,0.02
LCTX,LINEAGE CELL THERAPEUTICS INC,0.02
AVXL,ANAVEX LIFE SCIENCES CORP,0.02
FULC,FULCRUM THERAPEUTICS INC,0.02
CDXS,CODEXIS INC,0.02
KROS,KEROS THERAPEUTICS INC,0.02
LRMR,LARIMAR THERAPEUTICS INC,0.02
ARCT,ARCTURUS THERAPEUTICS HOLDINGS INC,0.01
VYGR,VOYAGER THERAPEUTICS INC,0.01
QTRX,QUANTERIX CORP,0.01
TRDA,ENTRADA THERAPEUTICS INC,0.01
LENZ,LENZ THERAPEUTICS INC,0.01
ACIU,AC IMMUNE SA,0.01
TNYA,TENAYA THERAPEUTICS INC,0.01
CRBU,CARIBOU BIOSCIENCES INC,0.01
PYXS,PYXIS ONCOLOGY INC,0.01
QSI,QUANTUM SI INC CLASS A,0.01
HUMA,HUMACYTE INC,0.01
BCYC,BICYCLE THERAPEUTICS ADR PLC,0.01
NBP,NOVABRIDGE BIOSCIENCES ADR,0.01
FHTX,FOGHORN THERAPEUTICS INC,0.01
NMRA,NEUMORA THERAPEUTICS INC,0.01
PEPG,PEPGEN INC,0.01
ADCT,ADC THERAPEUTICS SA,0.01
CLLS,CELLECTIS ADR REPRESENTING SA,0.01
LYEL,LYELL IMMUNOPHARMA INC,0.01
BDTX,BLACK DIAMOND THERAPEUTICS INC,0.01
TKNO,ALPHA TEKNOVA INC,0.0
AARD,AARDVARK THERAPEUTICS INC,0.0
MENS,JYONG BIOTECH LTD,0.0
AKE,AKERO THERAPEUTICS CVR,0.0
IMMP,IMMUTEP ADS REPRESENTING LTD,0.0
GOSS,GOSSAMER BIO INC,0.0
ADRO,CHINOOK THERAPEUTICS INC,0.0
THRD,THIRD HARMONIC BIO INC,0.0
CRGX,CARGO THERAPEUTICS INC,0.0
