ticker,company_name,actionable_rank,tier_any,tier_any_reason,tier_dev,tier_reason,tier_commercial,alpha_cohort_pct,clinical_optionality_pct_dev,clinical_alpha_z,clinical_score_z,clinical_score_z_tier,commercial_quality_pct,catalyst_days,catalyst_mode,cat_priority,mom_state,risk_flags,size_band,size_reasons,decision_engine_version,decision_engine_ruleset_id,alpha_cohort_key,alpha_cohort_raw,missing_components,archetype,composite_rank,composite_score
PVLA,"Palvella Therapeutics, Inc.",1,A,high_opt+catalyst_near,A,high_opt+catalyst_near,,0.268868,0.629121,0.538,-0.4869,1.8233,,33,specific_days,3,tailwind,,L,tier_a_dev|sponsor_confirmed|momentum_tailwind,v1.3.0,6e0bf8fb,late|near_31_90|pos,0.1,,drug_developer,86,0.1
IRON,"Disc Medicine, Inc.",2,A,high_opt+catalyst_near,A,high_opt+catalyst_near,,0.177673,0.651099,0.5366,-0.5554,1.6308,,94,specific_days,3,headwind,,L,tier_a_dev|sponsor_confirmed|momentum_headwind,v1.3.0,6e0bf8fb,late|near_91_180|pos,0.1,,drug_developer,57,0.1
PRAX,"Praxis Precision Medicines, Inc",3,A,high_opt+catalyst_mid,A,high_opt+catalyst_mid,,0.262579,0.656593,0.5345,-0.578,1.5672,,125,specific_days,3,tailwind,,L,tier_a_dev|sponsor_confirmed|momentum_tailwind|runway_short,v1.3.0,6e0bf8fb,late|near_91_180|pos,0.1,,drug_developer,84,0.1
PHVS,Pharvaris N.V.,4,A,high_opt+catalyst_near,A,high_opt+catalyst_near,,0.602201,0.700549,0.5281,-0.7227,1.1607,,5,specific_days,3,neutral,,L,tier_a_dev|sponsor_confirmed|cost_haircut_<=2000bps,v1.3.0,6e0bf8fb,late|near_0_30|pos,0.09254273684210526,,drug_developer,192,0.09254273684210526
RVMD,"Revolution Medicines, Inc.",5,A,high_opt+catalyst_near,A,high_opt+catalyst_near,,0.287736,0.684066,0.5282,-0.6897,1.2535,,93,specific_days,3,tailwind,,L,tier_a_dev|sponsor_confirmed|momentum_tailwind,v1.3.0,6e0bf8fb,late|near_91_180|pos,0.1,,drug_developer,92,0.1
ALMS,Alumis Inc.,6,A,high_opt+catalyst_mid,A,high_opt+catalyst_mid,,0.029874,0.717033,0.5271,-0.7772,1.0075,,155,specific_days,3,tailwind,high_vol|high_beta|overbought_rsi,L,tier_a_dev|sponsor_confirmed|momentum_tailwind|runway_short|high_risk,v1.3.0,6e0bf8fb,late|near_91_180|pos,0.1,,drug_developer,10,0.1
CRVS,"Corvus Pharmaceuticals, Inc.",7,A,high_opt+catalyst_near,A,high_opt+catalyst_near,,0.108491,0.739011,0.5421,-0.844,0.82,,93,specific_days,3,tailwind,high_beta|overbought_rsi,L,tier_a_dev|sponsor_confirmed|momentum_tailwind|high_risk,v1.3.0,6e0bf8fb,late|near_91_180|pos,0.1,,drug_developer,35,0.1
OCGN,"Ocugen, Inc.",8,A,high_opt+catalyst_near,A,high_opt+catalyst_near,,0.599057,0.777473,0.5135,-1.0097,0.3542,,21,specific_days,3,neutral,,S,tier_a_dev|runway_short|cost_haircut_<=2000bps,v1.3.0,6e0bf8fb,late|near_0_30|pos,0.09254273684210526,,drug_developer,191,0.09254273684210526
CRSP,CRISPR Therapeutics AG,9,A,high_opt+catalyst_mid,A,high_opt+catalyst_mid,,0.105346,0.760989,0.5184,-0.9475,0.529,,124,specific_days,3,headwind,deep_drawdown_rel_xbi,L,tier_a_dev|sponsor_confirmed|momentum_headwind,v1.3.0,6e0bf8fb,late|near_91_180|pos,0.1,,drug_developer,34,0.1
ORKA,"Oruka Therapeutics, Inc.",10,A,high_opt+catalyst_mid,A,high_opt+catalyst_mid,,0.803459,0.898352,-1.1914,-1.4218,-0.8035,,125,specific_days,3,tailwind,,L,tier_a_dev|sponsor_confirmed|momentum_tailwind,v1.3.0,6e0bf8fb,mid|near_91_180|nonpos,0.0646411489361702,,drug_developer,256,0.0646411489361702
SION,"Sionna Therapeutics, Inc.",11,A,high_opt+catalyst_mid,A,high_opt+catalyst_mid,,0.806604,0.914835,-1.1934,-1.4874,-0.9878,,125,specific_days,3,tailwind,,L,tier_a_dev|sponsor_confirmed|momentum_tailwind|runway_short,v1.3.0,6e0bf8fb,mid|near_91_180|nonpos,0.0646411489361702,,drug_developer,257,0.0646411489361702
IMVT,"Immunovant, Inc.",12,A,high_opt+catalyst_near,A,high_opt+catalyst_near,,0.165094,0.766484,0.5149,-0.9891,0.4122,,33,specific_days,3,neutral,,L,tier_a_dev|sponsor_confirmed,v1.3.0,6e0bf8fb,late|near_31_90|pos,0.1,,drug_developer,53,0.1
DNTH,"Dianthus Therapeutics, Inc.",13,A,high_opt+catalyst_mid,A,high_opt+catalyst_mid,,0.683962,0.947802,0.4653,-1.5675,-1.213,,154,specific_days,3,tailwind,,L,tier_a_dev|sponsor_confirmed|momentum_tailwind,v1.3.0,6e0bf8fb,late|near_91_180|nonpos,0.0743638577586207,,drug_developer,218,0.0743638577586207
CNTA,Centessa Pharmaceuticals plc,14,A,high_opt+catalyst_near,A,high_opt+catalyst_near,,0.677673,0.942308,0.4595,-1.5675,-1.213,,93,specific_days,3,headwind,,L,tier_a_dev|sponsor_confirmed|momentum_headwind,v1.3.0,6e0bf8fb,late|near_91_180|nonpos,0.0743638577586207,,drug_developer,216,0.0743638577586207
CGON,"CG Oncology, Inc.",15,A,high_opt+catalyst_mid,A,high_opt+catalyst_mid,,0.674528,0.892857,0.4936,-1.4201,-0.7988,,125,specific_days,3,tailwind,,L,tier_a_dev|sponsor_confirmed|momentum_tailwind,v1.3.0,6e0bf8fb,late|near_91_180|nonpos,0.0743638577586207,,drug_developer,215,0.0743638577586207
FDMT,"4D Molecular Therapeutics, Inc.",16,A,high_opt+catalyst_mid,A,high_opt+catalyst_mid,,0.690252,0.909341,0.4906,-1.4569,-0.9022,,125,specific_days,3,headwind,high_beta|deep_drawdown_rel_xbi,XS,tier_a_dev|momentum_headwind|high_risk|cost_haircut_<=2000bps,v1.3.0,6e0bf8fb,late|near_91_180|nonpos,0.0743638577586207,,drug_developer,220,0.0743638577586207
ARTV,"Artiva Biotherapeutics, Inc.",17,A,high_opt+catalyst_near,A,high_opt+catalyst_near,,0.064465,0.755495,-0.0809,-0.927,0.5868,,64,specific_days,3,tailwind,,L,tier_a_dev|sponsor_confirmed|momentum_tailwind|cost_haircut_<=2000bps,v1.3.0,6e0bf8fb,mid|near_31_90|pos,0.1,,drug_developer,21,0.1
KOD,Kodiak Sciences Inc,18,A,high_opt+catalyst_near,A,high_opt+catalyst_near,,0.43239,0.964286,0.4698,-1.5675,-1.213,,4,specific_days,3,tailwind,,L,tier_a_dev|sponsor_confirmed|momentum_tailwind,v1.3.0,6e0bf8fb,late|near_0_30|nonpos,0.09603160592255125,,drug_developer,138,0.09603160592255125
ERAS,"Erasca, Inc.",19,A,high_opt+catalyst_near,A,high_opt+catalyst_near,,0.422956,0.865385,0.4998,-1.3264,-0.5355,,5,specific_days,3,tailwind,high_vol|overbought_rsi,L,tier_a_dev|sponsor_confirmed|momentum_tailwind|high_risk,v1.3.0,6e0bf8fb,late|near_0_30|nonpos,0.09603160592255125,,drug_developer,135,0.09603160592255125
ADCT,ADC Therapeutics SA,20,A,high_opt+catalyst_near,A,high_opt+catalyst_near,,0.400943,0.881868,0.4956,-1.3829,-0.6943,,5,specific_days,3,headwind,,M,tier_a_dev|sponsor_confirmed|momentum_headwind|cost_haircut_<=2000bps,v1.3.0,6e0bf8fb,late|near_0_30|nonpos,0.09603160592255125,,drug_developer,128,0.09603160592255125
VERA,"Vera Therapeutics, Inc.",21,A,high_opt+catalyst_near,A,high_opt+catalyst_near,,0.325472,0.92033,0.4879,-1.5113,-1.0551,,47,specific_days,9,tailwind,,L,tier_a_dev|sponsor_confirmed|momentum_tailwind,v1.3.0,6e0bf8fb,late|near_31_90|nonpos,0.1,,drug_developer,104,0.1
VRDN,"Viridian Therapeutics, Inc.",22,A,high_opt+catalyst_near,A,high_opt+catalyst_near,,0.334906,0.854396,0.5018,-1.2882,-0.4282,,33,specific_days,3,tailwind,,L,tier_a_dev|sponsor_confirmed|momentum_tailwind|runway_short,v1.3.0,6e0bf8fb,late|near_31_90|nonpos,0.1,,drug_developer,107,0.1
OLMA,"Olema Pharmaceuticals, Inc.",23,A,high_opt+catalyst_near,A,high_opt+catalyst_near,,0.240566,0.832418,0.5067,-1.1712,-0.0996,,33,specific_days,3,tailwind,high_vol,L,tier_a_dev|sponsor_confirmed|momentum_tailwind|high_risk,v1.3.0,6e0bf8fb,late|near_31_90|nonpos,0.1,,drug_developer,77,0.1
IVVD,"Invivyd, Inc.",24,A,high_opt+catalyst_near,A,high_opt+catalyst_near,,0.183962,0.958791,0.4634,-1.5675,-1.213,,33,specific_days,3,tailwind,high_vol|deep_drawdown_rel_xbi,L,tier_a_dev|sponsor_confirmed|momentum_tailwind|high_risk|cost_haircut_<=2000bps,v1.3.0,6e0bf8fb,late|near_31_90|nonpos,0.1,,drug_developer,59,0.1
IBRX,"ImmunityBio, Inc.",25,A,high_opt+catalyst_near,A,high_opt+catalyst_near,,0.16195,0.815934,0.5093,-1.1315,0.0122,,47,specific_days,3,tailwind,high_vol|overbought_rsi,M,tier_a_dev|momentum_tailwind|runway_short|high_risk,v1.3.0,6e0bf8fb,late|near_31_90|pos,0.1,,drug_developer,52,0.1
NAMS,NewAmsterdam Pharma Company N.V,26,B,mod_opt+catalyst_near,B,mod_opt+catalyst_near,,0.595912,0.31044,0.586,0.6637,1.7107,,5,specific_days,3,headwind,,M,sponsor_confirmed|momentum_headwind,v1.3.0,6e0bf8fb,late|near_0_30|pos,0.09254273684210526,,drug_developer,190,0.09254273684210526
XENE,Xenon Pharmaceuticals Inc.,27,B,mod_opt+catalyst_near,B,mod_opt+catalyst_near,,0.621069,0.387363,0.5712,0.478,1.448,,5,specific_days,3,headwind,,M,sponsor_confirmed|momentum_headwind,v1.3.0,6e0bf8fb,late|near_0_30|pos,0.09254273684210526,,drug_developer,198,0.09254273684210526
ABVX,Abivax SA,28,B,mod_opt+catalyst_near,B,mod_opt+catalyst_near,,0.007862,0.348901,0.5759,0.5708,1.5793,,33,specific_days,3,neutral,,M,sponsor_confirmed|runway_short,v1.3.0,6e0bf8fb,late|near_31_90|pos,0.1,,drug_developer,3,0.1
KYTX,"Kyverna Therapeutics, Inc.",29,B,mod_opt+catalyst_near,B,mod_opt+catalyst_near,,0.658805,0.337912,-0.1256,0.6056,1.6285,,5,specific_days,3,tailwind,high_vol|high_beta,M,momentum_tailwind|high_risk,v1.3.0,6e0bf8fb,mid|near_0_30|pos,0.07679787341772153,,drug_developer,210,0.07679787341772153
PTGX,"Protagonist Therapeutics, Inc.",30,B,mod_opt+catalyst_near,B,mod_opt+catalyst_near,,0.265723,0.453297,0.5672,0.2735,1.1586,,64,specific_days,3,neutral,,L,sponsor_confirmed,v1.3.0,6e0bf8fb,late|near_31_90|pos,0.1,,drug_developer,85,0.1
GPCR,Structure Therapeutics Inc.,31,B,mod_opt+catalyst_mid,B,mod_opt+catalyst_mid,,0.143082,0.321429,-0.0445,0.6531,1.6957,,155,specific_days,3,tailwind,high_vol|overbought_rsi,L,sponsor_confirmed|momentum_tailwind|high_risk,v1.3.0,6e0bf8fb,mid|near_91_180|pos,0.1,,drug_developer,46,0.1
DNLI,Denali Therapeutics Inc.,32,B,mod_opt+catalyst_near,B,mod_opt+catalyst_near,,0.573899,0.513736,0.557,0.0428,0.8324,,29,specific_days,3,tailwind,,L,sponsor_confirmed|momentum_tailwind,v1.3.0,6e0bf8fb,late|near_0_30|pos,0.09254273684210526,,drug_developer,183,0.09254273684210526
VIR,"Vir Biotechnology, Inc.",33,B,mod_opt+catalyst_near,B,mod_opt+catalyst_near,,0.617925,0.519231,0.5554,-0.0073,0.7614,,5,specific_days,3,tailwind,high_beta|deep_drawdown_rel_xbi,L,sponsor_confirmed|momentum_tailwind|high_risk,v1.3.0,6e0bf8fb,late|near_0_30|pos,0.09254273684210526,,drug_developer,197,0.09254273684210526
FATE,"Fate Therapeutics, Inc.",34,B,mod_opt+catalyst_near,B,mod_opt+catalyst_near,,0.127358,0.354396,-0.0505,0.5581,1.5613,,94,specific_days,9,headwind,,S,sponsor_confirmed|momentum_headwind|cost_haircut_>2000bps,v1.3.0,6e0bf8fb,mid|near_91_180|pos,0.1,,drug_developer,41,0.1
CRNX,"Crinetics Pharmaceuticals, Inc.",35,B,mod_opt+catalyst_near,B,mod_opt+catalyst_near,,0.56761,0.546703,0.5533,-0.1064,0.6212,,5,specific_days,3,tailwind,,L,sponsor_confirmed|momentum_tailwind,v1.3.0,6e0bf8fb,late|near_0_30|pos,0.09254273684210526,,drug_developer,181,0.09254273684210526
CLDX,"Celldex Therapeutics, Inc.",36,B,mod_opt+catalyst_near,B,mod_opt+catalyst_near,,0.095912,0.486264,0.5578,0.0934,0.9039,,33,specific_days,3,headwind,,M,sponsor_confirmed|momentum_headwind,v1.3.0,6e0bf8fb,late|near_31_90|pos,0.1,,drug_developer,31,0.1
COGT,"Cogent Biosciences, Inc.",37,B,mod_opt+catalyst_mid,B,mod_opt+catalyst_mid,,0.099057,0.442308,-0.0543,0.3445,1.2591,,125,specific_days,3,tailwind,high_vol|high_beta,L,sponsor_confirmed|momentum_tailwind|high_risk,v1.3.0,6e0bf8fb,mid|near_91_180|pos,0.1,,drug_developer,32,0.1
IMMP,Immutep Limited,38,B,mod_opt+catalyst_near,B,mod_opt+catalyst_near,,0.589623,0.574176,0.549,-0.216,0.4661,,5,specific_days,9,tailwind,,M,momentum_tailwind|cost_haircut_>2000bps,v1.3.0,6e0bf8fb,late|near_0_30|pos,0.09254273684210526,,drug_developer,188,0.09254273684210526
WVE,Wave Life Sciences Ltd.,39,B,mod_opt+catalyst_mid,B,mod_opt+catalyst_mid,,0.34434,0.524725,-0.0635,-0.0227,0.7396,,151,specific_days,3,tailwind,high_vol|deep_drawdown|deep_drawdown_rel_xbi,L,sponsor_confirmed|momentum_tailwind|high_risk,v1.3.0,6e0bf8fb,mid|near_91_180|pos,0.1,,drug_developer,110,0.1
STRO,"Sutro Biopharma, Inc.",40,B,high_opt+catalyst_far,B,high_opt+catalyst_far,,0.816038,0.601648,-0.0695,-0.3695,0.2491,,337,specific_days,9,tailwind,high_beta|overbought_rsi,M,catalyst_far_lift|sponsor_confirmed|momentum_tailwind|runway_short|high_risk|cost_haircut_>2000bps,v1.3.0,6e0bf8fb,mid|far_271_540|pos,0.05133853608247423,,drug_developer,260,0.05133853608247423
ACLX,"Arcellx, Inc.",41,B,high_opt+catalyst_far,B,high_opt+catalyst_far,,0.97327,0.711538,-0.0779,-0.7741,-0.3234,,398,specific_days,9,headwind,,L,catalyst_far_lift|sponsor_confirmed|momentum_headwind,v1.3.0,6e0bf8fb,mid|far_271_540|nonpos,-0.012862136363636364,,drug_developer,310,-0.012862136363636364
CTMX,"CytomX Therapeutics, Inc.",42,B,high_opt+catalyst_far,B,high_opt+catalyst_far,,0.985849,0.68956,-0.075,-0.6957,-0.2125,,672,specific_days,9,tailwind,overbought_rsi,L,catalyst_far_lift|sponsor_confirmed|momentum_tailwind,v1.3.0,6e0bf8fb,mid|far_271_540|nonpos,-0.012862136363636364,,drug_developer,314,-0.012862136363636364
APGE,"Apogee Therapeutics, Inc.",43,B,high_opt+catalyst_far,B,high_opt+catalyst_far,,0.97956,0.876374,-1.4788,-1.3549,-1.1452,,278,specific_days,9,tailwind,,L,catalyst_far_lift|sponsor_confirmed|momentum_tailwind,v1.3.0,6e0bf8fb,mid|far_271_540|nonpos,-0.012862136363636364,,drug_developer,312,-0.012862136363636364
SYRE,"Spyre Therapeutics, Inc.",44,B,mod_opt+catalyst_near,B,mod_opt+catalyst_near,,0.941824,0.502747,-1.032,0.0679,0.8678,,22,specific_days,3,tailwind,,L,sponsor_confirmed|momentum_tailwind,v1.3.0,6e0bf8fb,early|near_0_30|pos,0.0,,drug_developer,300,0.0
RAPT,"RAPT Therapeutics, Inc.",45,B,high_opt+catalyst_far,B,high_opt+catalyst_far,,0.812893,0.623626,-0.0721,-0.4529,0.1309,,429,specific_days,9,tailwind,high_vol|overbought_rsi,L,catalyst_far_lift|sponsor_confirmed|momentum_tailwind|high_risk,v1.3.0,6e0bf8fb,mid|far_271_540|pos,0.05133853608247423,,drug_developer,259,0.05133853608247423
KALV,"KalVista Pharmaceuticals, Inc.",46,B,mod_opt+catalyst_mid,B,mod_opt+catalyst_mid,,0.190252,0.563187,0.5492,-0.1797,0.5175,,154,specific_days,3,neutral,,L,sponsor_confirmed,v1.3.0,6e0bf8fb,late|near_91_180|pos,0.1,,drug_developer,61,0.1
PEPG,PepGen Inc.,47,B,high_opt+catalyst_far,B,high_opt+catalyst_far,,0.856918,0.980769,-0.132,-1.5675,-1.4459,,186,specific_days,3,tailwind,,L,catalyst_far_lift|sponsor_confirmed|momentum_tailwind|cost_haircut_<=2000bps,v1.3.0,6e0bf8fb,mid|near_181_270|nonpos,0.00506,,drug_developer,273,0.00506
RAPP,"Rapport Therapeutics, Inc.",48,B,high_opt+catalyst_far,B,high_opt+catalyst_far,,0.860063,0.821429,-1.4405,-1.1467,-0.8506,,247,specific_days,3,headwind,,L,catalyst_far_lift|sponsor_confirmed|momentum_headwind,v1.3.0,6e0bf8fb,mid|near_181_270|nonpos,0.00506,,drug_developer,274,0.00506
CLLS,Cellectis S.A.,49,B,mod_opt+catalyst_mid,B,mod_opt+catalyst_mid,,0.88522,0.458791,-0.7174,0.2685,1.1516,,154,specific_days,3,neutral,,S,cost_haircut_>2000bps,v1.3.0,6e0bf8fb,early|near_91_180|pos,0.0,,drug_developer,282,0.0
NAUT,"Nautilus Biotechnology, Inc.",50,B,high_opt+catalyst_far,B,high_opt+catalyst_far,,0.850629,0.931319,-1.4345,-1.5516,-1.4235,,217,specific_days,3,tailwind,,L,catalyst_far_lift|momentum_tailwind|cost_haircut_>2000bps,v1.3.0,6e0bf8fb,mid|near_181_270|nonpos,0.00506,,drug_developer,271,0.00506
TENX,"Tenax Therapeutics, Inc.",51,B,high_opt+catalyst_far,B,high_opt+catalyst_far,,0.391509,0.607143,0.5428,-0.3707,0.2472,,885,specific_days,9,tailwind,,L,catalyst_far_lift|momentum_tailwind|cost_haircut_<=2000bps,v1.3.0,6e0bf8fb,late|far_271_540|pos,0.0961064745762712,,drug_developer,125,0.0961064745762712
SVRA,"Savara, Inc.",52,B,high_opt+catalyst_far,B,high_opt+catalyst_far,,0.38522,0.612637,0.5409,-0.4175,0.1811,,339,specific_days,9,tailwind,,L,catalyst_far_lift|sponsor_confirmed|momentum_tailwind,v1.3.0,6e0bf8fb,late|far_271_540|pos,0.0961064745762712,,drug_developer,123,0.0961064745762712
KURA,"Kura Oncology, Inc.",53,B,high_opt+catalyst_far,B,high_opt+catalyst_far,,0.639937,0.722527,0.5269,-0.7989,-0.3585,,186,specific_days,3,headwind,deep_drawdown_rel_xbi,L,catalyst_far_lift|sponsor_confirmed|momentum_headwind,v1.3.0,6e0bf8fb,late|near_181_270|nonpos,0.08571638372093023,,drug_developer,204,0.08571638372093023
TSHA,"Taysha Gene Therapies, Inc.",54,B,high_opt+catalyst_far,B,high_opt+catalyst_far,,0.533019,0.986264,-0.9818,-1.5675,-1.4459,,409,specific_days,9,headwind,high_beta,M,catalyst_far_lift|sponsor_confirmed|momentum_headwind|high_risk,v1.3.0,6e0bf8fb,late|far_271_540|nonpos,0.0930939801980198,,drug_developer,170,0.0930939801980198
ABUS,Arbutus Biopharma Corporation,55,B,mod_opt+catalyst_near,B,mod_opt+catalyst_near,,0.004717,0.552198,-0.0638,-0.1113,0.6142,,64,specific_days,3,headwind,,XS,momentum_headwind|cost_haircut_<=2000bps,v1.3.0,6e0bf8fb,mid|near_31_90|pos,0.1,,drug_developer,2,0.1
RNA,"Avidity Biosciences, Inc.",56,B,high_opt+catalyst_far,B,high_opt+catalyst_far,,0.281447,0.618132,0.5388,-0.4407,0.1482,,186,specific_days,3,headwind,overbought_rsi,M,catalyst_far_lift|sponsor_confirmed|momentum_headwind|runway_short,v1.3.0,6e0bf8fb,late|near_181_270|pos,0.1,,drug_developer,90,0.1
NUVL,"Nuvalent, Inc.",57,B,high_opt+catalyst_far,B,high_opt+catalyst_far,,0.52044,0.975275,-0.9658,-1.5675,-1.4459,,673,specific_days,9,neutral,,L,catalyst_far_lift|sponsor_confirmed,v1.3.0,6e0bf8fb,late|far_271_540|nonpos,0.0930939801980198,,drug_developer,166,0.0930939801980198
ZVRA,"Zevra Therapeutics, Inc.",58,B,high_opt+catalyst_far,B,high_opt+catalyst_far,,0.542453,0.706044,0.5274,-0.7555,-0.2971,,339,specific_days,9,headwind,deep_drawdown_rel_xbi,S,catalyst_far_lift|momentum_headwind|cost_haircut_<=2000bps,v1.3.0,6e0bf8fb,late|far_271_540|nonpos,0.0930939801980198,,drug_developer,173,0.0930939801980198
CELC,Celcuity Inc.,59,B,high_opt+catalyst_far,B,high_opt+catalyst_far,,0.482704,0.85989,0.5008,-1.3073,-1.0778,,643,specific_days,9,tailwind,,L,catalyst_far_lift|sponsor_confirmed|momentum_tailwind,v1.3.0,6e0bf8fb,late|far_271_540|nonpos,0.0930939801980198,,drug_developer,154,0.0930939801980198
PRTA,Prothena Corporation plc,60,B,high_opt+catalyst_far,B,high_opt+catalyst_far,,0.52673,0.733516,0.525,-0.8418,-0.4193,,337,specific_days,9,headwind,deep_drawdown|deep_drawdown_rel_xbi,M,catalyst_far_lift|sponsor_confirmed|momentum_headwind|cost_haircut_<=2000bps,v1.3.0,6e0bf8fb,late|far_271_540|nonpos,0.0930939801980198,,drug_developer,168,0.0930939801980198
MRSN,"Mersana Therapeutics, Inc.",61,B,high_opt+catalyst_far,B,high_opt+catalyst_far,,0.514151,0.695055,0.5281,-0.7227,-0.2507,,308,specific_days,9,tailwind,high_vol|overbought_rsi,M,catalyst_far_lift|momentum_tailwind|high_risk|cost_haircut_<=2000bps,v1.3.0,6e0bf8fb,late|far_271_540|nonpos,0.0930939801980198,,drug_developer,164,0.0930939801980198
LYEL,"Lyell Immunopharma, Inc.",62,B,high_opt+catalyst_far,B,high_opt+catalyst_far,,0.511006,0.96978,0.4411,-1.5675,-1.4459,,1069,specific_days,9,tailwind,deep_drawdown_rel_xbi,L,catalyst_far_lift|sponsor_confirmed|momentum_tailwind|cost_haircut_>2000bps,v1.3.0,6e0bf8fb,late|far_271_540|nonpos,0.0930939801980198,,drug_developer,163,0.0930939801980198
LQDA,Liquidia Corporation,63,B,high_opt+catalyst_far,B,high_opt+catalyst_far,,0.507862,0.804945,0.5117,-1.0913,-0.7722,,1251,specific_days,9,tailwind,overbought_rsi,L,catalyst_far_lift|sponsor_confirmed|momentum_tailwind,v1.3.0,6e0bf8fb,late|far_271_540|nonpos,0.0930939801980198,,drug_developer,162,0.0930939801980198
LBRX,LB Pharmaceuticals Inc,64,B,high_opt+catalyst_far,B,high_opt+catalyst_far,,0.504717,0.75,0.5185,-0.9266,-0.5392,,490,specific_days,9,tailwind,drawdown_data_missing,L,catalyst_far_lift|momentum_tailwind|cost_haircut_<=2000bps,v1.3.0,6e0bf8fb,late|far_271_540|nonpos,0.0930939801980198,drawdown,drug_developer,161,0.0930939801980198
AVBP,"ArriVent BioPharma, Inc.",65,B,high_opt+catalyst_far,B,high_opt+catalyst_far,,0.476415,0.903846,0.4912,-1.4385,-1.2635,,749,specific_days,9,neutral,,L,catalyst_far_lift|sponsor_confirmed,v1.3.0,6e0bf8fb,late|far_271_540|nonpos,0.0930939801980198,,drug_developer,152,0.0930939801980198
SRRK,Scholar Rock Holding Corporatio,66,B,high_opt+catalyst_far,B,high_opt+catalyst_far,,0.382075,0.64011,0.5367,-0.5327,0.0182,,278,specific_days,9,tailwind,,L,catalyst_far_lift|sponsor_confirmed|momentum_tailwind,v1.3.0,6e0bf8fb,late|far_271_540|pos,0.0961064745762712,,drug_developer,122,0.0961064745762712
AURA,"Aura Biosciences, Inc.",67,B,high_opt+catalyst_far,B,high_opt+catalyst_far,,0.47327,0.826923,0.508,-1.1514,-0.8572,,307,specific_days,9,headwind,deep_drawdown_rel_xbi,M,catalyst_far_lift|sponsor_confirmed|momentum_headwind|cost_haircut_>2000bps,v1.3.0,6e0bf8fb,late|far_271_540|nonpos,0.0930939801980198,,drug_developer,151,0.0930939801980198
ATXS,"Astria Therapeutics, Inc.",68,B,high_opt+catalyst_far,B,high_opt+catalyst_far,,0.470126,0.887363,0.494,-1.4016,-1.2111,,1859,specific_days,9,neutral,,L,catalyst_far_lift|sponsor_confirmed,v1.3.0,6e0bf8fb,late|far_271_540|nonpos,0.0930939801980198,,drug_developer,150,0.0930939801980198
ABEO,Abeona Therapeutics Inc.,69,B,high_opt+catalyst_far,B,high_opt+catalyst_far,,0.463836,0.744505,0.519,-0.8844,-0.4795,,520,specific_days,9,headwind,deep_drawdown_rel_xbi,M,catalyst_far_lift|sponsor_confirmed|momentum_headwind|cost_haircut_<=2000bps,v1.3.0,6e0bf8fb,late|far_271_540|nonpos,0.0930939801980198,,drug_developer,148,0.0930939801980198
ABCL,AbCellera Biologics Inc.,70,B,high_opt+catalyst_far,B,high_opt+catalyst_far,,0.460692,0.728022,-0.8439,-0.8204,-0.3889,,278,specific_days,9,headwind,deep_drawdown|deep_drawdown_rel_xbi,L,catalyst_far_lift|sponsor_confirmed|momentum_headwind,v1.3.0,6e0bf8fb,late|far_271_540|nonpos,0.0930939801980198,,drug_developer,147,0.0930939801980198
VTYX,"Ventyx Biosciences, Inc.",71,B,high_opt+no_catalyst_data,B,high_opt+no_catalyst_data,,0.341195,0.997253,-0.2,-1.5675,-1.4459,,,no_upcoming,9,tailwind,high_vol|high_beta|overbought_rsi,L,sponsor_confirmed|momentum_tailwind|high_risk,v1.3.0,6e0bf8fb,mid|none|nonpos,0.1,,drug_developer,109,0.1
NMRA,"Neumora Therapeutics, Inc.",72,B,high_opt+no_catalyst_data,B,high_opt+no_catalyst_data,,0.227987,0.634615,0.537,-0.5098,0.0505,,,no_upcoming,9,headwind,deep_drawdown_rel_xbi,XS,momentum_headwind|runway_short|cost_haircut_<=2000bps,v1.3.0,6e0bf8fb,late|none|pos,0.1,,drug_developer,73,0.1
FULC,"Fulcrum Therapeutics, Inc.",73,B,high_opt+no_catalyst_data,B,high_opt+no_catalyst_data,,0.130503,0.936813,0.4786,-1.5649,-1.4422,,,no_upcoming,9,tailwind,,L,sponsor_confirmed|momentum_tailwind,v1.3.0,6e0bf8fb,late|none|nonpos,0.1,,drug_developer,42,0.1
TBPH,"Theravance Biopharma, Inc.",74,C,low_opt,C,low_opt,,0.388365,0.03022,0.8903,1.5674,1.3391,,704,specific_days,9,tailwind,,L,catalyst_far_lift|momentum_tailwind|cost_haircut_<=2000bps,v1.3.0,6e0bf8fb,late|far_271_540|pos,0.0961064745762712,,drug_developer,124,0.0961064745762712
ACRS,"Aclaris Therapeutics, Inc.",75,C,low_opt,C,low_opt,,0.350629,0.057692,0.8903,1.5522,1.3097,,519,specific_days,9,tailwind,high_vol,L,catalyst_far_lift|sponsor_confirmed|momentum_tailwind|high_risk|cost_haircut_<=2000bps,v1.3.0,6e0bf8fb,late|far_271_540|pos,0.0961064745762712,,drug_developer,112,0.0961064745762712
GLPG,Galapagos NV,76,C,low_opt,C,low_opt,,0.139937,0.046703,0.8903,1.5654,1.3352,,33,specific_days,3,headwind,,S,sponsor_confirmed|momentum_headwind|cost_haircut_<=2000bps,v1.3.0,6e0bf8fb,late|near_31_90|pos,0.1,,drug_developer,45,0.1
SLN,Silence Therapeutics Plc - Amer,77,C,low_opt,C,low_opt,,0.966981,0.085165,0.0088,1.4605,1.133,,217,specific_days,3,headwind,deep_drawdown_rel_xbi,S,catalyst_far_lift|momentum_headwind|cost_haircut_>2000bps,v1.3.0,6e0bf8fb,mid|near_181_270|pos,-0.0007759772727272727,,drug_developer,308,-0.0007759772727272727
CTNM,"Contineum Therapeutics, Inc.",78,C,low_opt,C,low_opt,,0.65566,0.008242,0.018,1.5674,1.3391,,19,specific_days,3,tailwind,overbought_rsi,L,sponsor_confirmed|momentum_tailwind|cost_haircut_<=2000bps,v1.3.0,6e0bf8fb,mid|near_0_30|pos,0.07679787341772153,,drug_developer,209,0.07679787341772153
TRVI,"Trevi Therapeutics, Inc.",79,C,low_opt,C,low_opt,,0.66195,0.035714,0.0286,1.5674,1.3391,,5,specific_days,3,headwind,,M,sponsor_confirmed|momentum_headwind,v1.3.0,6e0bf8fb,mid|near_0_30|pos,0.07679787341772153,,drug_developer,211,0.07679787341772153
ENTA,"Enanta Pharmaceuticals, Inc.",80,C,low_opt+no_catalyst_data,C,low_opt+no_catalyst_data,,0.624214,0.013736,0.0404,1.5674,1.3391,,,no_upcoming,9,tailwind,,M,momentum_tailwind|cost_haircut_<=2000bps,v1.3.0,6e0bf8fb,mid|none|pos,0.08701244092219021,,drug_developer,199,0.08701244092219021
KYMR,"Kymera Therapeutics, Inc.",81,C,low_opt,C,low_opt,,0.809748,0.096154,0.0035,1.413,1.0414,,490,specific_days,9,tailwind,,L,catalyst_far_lift|sponsor_confirmed|momentum_tailwind,v1.3.0,6e0bf8fb,mid|far_271_540|pos,0.05133853608247423,,drug_developer,258,0.05133853608247423
ALT,"Altimmune, Inc.",82,C,low_opt,C,low_opt,,0.033019,0.068681,0.8903,1.5124,1.233,,94,specific_days,3,tailwind,overbought_rsi,L,momentum_tailwind,v1.3.0,6e0bf8fb,late|near_91_180|pos,0.1,,drug_developer,11,0.1
XNCR,"Xencor, Inc.",83,C,low_opt,C,low_opt,,0.665094,0.118132,-0.0105,1.2705,0.7667,,5,specific_days,3,headwind,deep_drawdown_rel_xbi,S,sponsor_confirmed|momentum_headwind|cost_haircut_<=2000bps,v1.3.0,6e0bf8fb,mid|near_0_30|pos,0.07679787341772153,,drug_developer,212,0.07679787341772153
EWTX,"Edgewise Therapeutics, Inc.",84,C,low_opt,C,low_opt,,0.121069,0.074176,0.0119,1.508,1.2246,,94,specific_days,3,tailwind,high_beta,L,sponsor_confirmed|momentum_tailwind|high_risk,v1.3.0,6e0bf8fb,mid|near_91_180|pos,0.1,,drug_developer,39,0.1
ASMB,"Assembly Biosciences, Inc.",85,C,low_opt,C,low_opt,,0.652516,0.156593,-0.0171,1.128,0.4919,,5,specific_days,3,headwind,deep_drawdown_rel_xbi,XS,momentum_headwind|cost_haircut_<=2000bps,v1.3.0,6e0bf8fb,mid|near_0_30|pos,0.07679787341772153,,drug_developer,208,0.07679787341772153
SABS,"SAB Biotherapeutics, Inc.",86,C,low_opt+no_catalyst_data,C,low_opt+no_catalyst_data,,0.627358,0.162088,-0.0079,1.0948,0.4278,,,no_upcoming,9,tailwind,,M,momentum_tailwind|cost_haircut_>2000bps,v1.3.0,6e0bf8fb,mid|none|pos,0.08701244092219021,,drug_developer,200,0.08701244092219021
OCUL,"Ocular Therapeutix, Inc.",87,C,low_opt,C,low_opt,,0.237421,0.151099,0.8698,1.1411,0.517,,92,specific_days,3,headwind,deep_drawdown_rel_xbi,M,sponsor_confirmed|momentum_headwind,v1.3.0,6e0bf8fb,late|near_91_180|pos,0.1,,drug_developer,76,0.1
LRMR,"Larimar Therapeutics, Inc.",88,C,mod_opt+catalyst_far,C,mod_opt+catalyst_far,,0.998428,0.304945,-0.0372,0.6673,-0.3964,,339,specific_days,9,headwind,deep_drawdown_rel_xbi,S,catalyst_far_lift|sponsor_confirmed|momentum_headwind|runway_short|cost_haircut_<=2000bps,v1.3.0,6e0bf8fb,mid|far_271_540|nonpos,-0.012862136363636364,,drug_developer,318,-0.012862136363636364
INBX,"Inhibrx Biosciences, Inc.",89,C,mod_opt+catalyst_far,C,mod_opt+catalyst_far,,0.995283,0.414835,-0.0542,0.4156,-0.8818,,276,specific_days,9,tailwind,,L,catalyst_far_lift|sponsor_confirmed|momentum_tailwind,v1.3.0,6e0bf8fb,mid|far_271_540|nonpos,-0.012862136363636364,,drug_developer,317,-0.012862136363636364
SLDB,Solid Biosciences Inc.,90,C,low_opt,C,low_opt,,0.938679,0.024725,-2.0594,1.5674,1.3391,,784,specific_days,9,headwind,high_beta,XS,catalyst_far_lift|sponsor_confirmed|momentum_headwind|runway_short|high_risk|cost_haircut_<=2000bps,v1.3.0,6e0bf8fb,early|far_271_540|pos,0.0,,drug_developer,299,0.0
EPRX,Eupraxia Pharmaceuticals Inc.,91,C,low_opt,C,low_opt,,0.992138,0.277473,-0.0419,0.748,-0.2407,,308,specific_days,9,tailwind,,L,catalyst_far_lift|sponsor_confirmed|momentum_tailwind|cost_haircut_>2000bps,v1.3.0,6e0bf8fb,mid|far_271_540|nonpos,-0.012862136363636364,,drug_developer,316,-0.012862136363636364
DRUG,Bright Minds Biosciences Inc.,92,C,mod_opt+catalyst_far,C,mod_opt+catalyst_far,,0.988994,0.475275,-0.0584,0.1583,-1.3778,,278,specific_days,9,tailwind,,L,catalyst_far_lift|sponsor_confirmed|momentum_tailwind,v1.3.0,6e0bf8fb,mid|far_271_540|nonpos,-0.012862136363636364,,drug_developer,315,-0.012862136363636364
DYN,"Dyne Therapeutics, Inc.",93,C,mod_opt+catalyst_far,C,mod_opt+catalyst_far,,0.894654,0.332418,-2.1233,0.6199,-0.4878,,1251,specific_days,9,headwind,,L,catalyst_far_lift|sponsor_confirmed|momentum_headwind,v1.3.0,6e0bf8fb,early|far_271_540|nonpos,0.0,,drug_developer,285,0.0
TNGX,"Tango Therapeutics, Inc.",94,C,low_opt,C,low_opt,,0.948113,0.255495,-0.6709,0.8272,-0.0881,,94,specific_days,3,tailwind,high_beta,L,sponsor_confirmed|momentum_tailwind|high_risk,v1.3.0,6e0bf8fb,early|near_91_180|nonpos,0.0,,drug_developer,302,0.0
UPB,"Upstream Bio, Inc.",95,C,low_opt,C,low_opt,,0.819182,0.222527,-0.0295,0.938,0.1256,,582,specific_days,9,tailwind,,L,catalyst_far_lift|sponsor_confirmed|momentum_tailwind|cost_haircut_<=2000bps,v1.3.0,6e0bf8fb,mid|far_271_540|pos,0.05133853608247423,,drug_developer,261,0.05133853608247423
VYGR,"Voyager Therapeutics, Inc.",96,C,low_opt,C,low_opt,,0.957547,0.041209,-0.6192,1.5674,1.3391,,459,specific_days,9,headwind,deep_drawdown_rel_xbi,S,catalyst_far_lift|momentum_headwind|cost_haircut_>2000bps,v1.3.0,6e0bf8fb,early|far_271_540|pos,0.0,,drug_developer,305,0.0
TRDA,"Entrada Therapeutics, Inc.",97,C,mod_opt+catalyst_far,C,mod_opt+catalyst_far,,0.954403,0.376374,-2.134,0.4955,-0.7277,,1156,specific_days,9,tailwind,,L,catalyst_far_lift|momentum_tailwind|cost_haircut_>2000bps,v1.3.0,6e0bf8fb,early|far_271_540|nonpos,0.0,,drug_developer,304,0.0
ELVN,"Enliven Therapeutics, Inc.",98,C,low_opt,C,low_opt,,0.897799,0.217033,-1.8452,0.9516,0.1518,,155,specific_days,3,tailwind,high_vol,L,sponsor_confirmed|momentum_tailwind|high_risk,v1.3.0,6e0bf8fb,early|near_91_180|pos,0.0,,drug_developer,286,0.0
SANA,"Sana Biotechnology, Inc.",99,C,low_opt,C,low_opt,,0.93239,0.184066,-0.6629,1.0346,0.3117,,673,specific_days,9,neutral,high_beta,L,catalyst_far_lift|sponsor_confirmed|high_risk,v1.3.0,6e0bf8fb,early|far_271_540|pos,0.0,,drug_developer,297,0.0
ORIC,"Oric Pharmaceuticals, Inc.",100,C,low_opt,C,low_opt,,0.922956,0.07967,-0.6374,1.4907,1.1912,,94,specific_days,3,headwind,,M,sponsor_confirmed|momentum_headwind,v1.3.0,6e0bf8fb,early|near_91_180|pos,0.0,,drug_developer,294,0.0
NKTX,"Nkarta, Inc.",101,C,low_opt,C,low_opt,,0.919811,0.200549,-0.6636,0.9931,0.2317,,429,specific_days,9,neutral,overbought_rsi,L,catalyst_far_lift|sponsor_confirmed|cost_haircut_>2000bps,v1.3.0,6e0bf8fb,early|far_271_540|pos,0.0,,drug_developer,293,0.0
LXEO,"Lexeo Therapeutics, Inc.",102,C,low_opt,C,low_opt,,0.916667,0.145604,-0.6569,1.159,0.5515,,308,specific_days,9,headwind,high_beta|deep_drawdown_rel_xbi,XS,catalyst_far_lift|momentum_headwind|high_risk|cost_haircut_<=2000bps,v1.3.0,6e0bf8fb,early|far_271_540|pos,0.0,,drug_developer,292,0.0
GLUE,"Monte Rosa Therapeutics, Inc.",103,C,low_opt,C,low_opt,,0.904088,0.107143,-0.6466,1.3248,0.8713,,33,specific_days,3,tailwind,high_vol|high_beta,L,sponsor_confirmed|momentum_tailwind|high_risk,v1.3.0,6e0bf8fb,early|near_31_90|pos,0.0,,drug_developer,288,0.0
FHTX,Foghorn Therapeutics Inc.,104,C,mod_opt+catalyst_far,C,mod_opt+catalyst_far,,0.900943,0.436813,-0.7171,0.3505,-1.0073,,490,specific_days,9,neutral,,M,catalyst_far_lift|cost_haircut_>2000bps,v1.3.0,6e0bf8fb,early|far_271_540|nonpos,0.0,,drug_developer,287,0.0
CGEM,"Cullinan Therapeutics, Inc.",105,C,low_opt,C,low_opt,,0.882075,0.134615,-0.7155,1.2004,0.6315,,4,specific_days,3,tailwind,high_beta,L,sponsor_confirmed|momentum_tailwind|high_risk,v1.3.0,6e0bf8fb,early|near_0_30|pos,0.0,,drug_developer,281,0.0
BNTX,BioNTech SE,106,C,low_opt,C,low_opt,,0.558176,0.211538,0.8538,0.9819,0.2102,,5,specific_days,3,headwind,overbought_rsi,M,sponsor_confirmed|momentum_headwind,v1.3.0,6e0bf8fb,late|near_0_30|pos,0.09254273684210526,,drug_developer,178,0.09254273684210526
BEAM,Beam Therapeutics Inc.,107,C,low_opt,C,low_opt,,0.872642,0.228022,-0.6981,0.9101,0.0718,,2,specific_days,3,tailwind,,L,sponsor_confirmed|momentum_tailwind,v1.3.0,6e0bf8fb,early|near_0_30|pos,0.0,,drug_developer,278,0.0
CLYM,"Climb Bio, Inc.",108,C,low_opt,C,low_opt,,0.888365,0.282967,-1.4119,0.7443,-0.248,,64,specific_days,3,tailwind,,L,sponsor_confirmed|momentum_tailwind|cost_haircut_<=2000bps,v1.3.0,6e0bf8fb,early|near_31_90|nonpos,0.0,,drug_developer,283,0.0
BBOT,BridgeBio Oncology Therapeutics,109,C,low_opt,C,low_opt,,0.866352,0.244505,-2.1,0.8687,-0.0081,,551,specific_days,9,neutral,,L,catalyst_far_lift|sponsor_confirmed|cost_haircut_<=2000bps,v1.3.0,6e0bf8fb,early|far_271_540|nonpos,0.0,,drug_developer,276,0.0
CABA,"Cabaletta Bio, Inc.",110,C,low_opt,C,low_opt,,0.875786,0.090659,-0.6395,1.4492,1.1112,,948,specific_days,9,tailwind,high_vol,L,catalyst_far_lift|sponsor_confirmed|momentum_tailwind|high_risk|cost_haircut_<=2000bps,v1.3.0,6e0bf8fb,early|far_271_540|pos,0.0,,drug_developer,279,0.0
NRIX,"Nurix Therapeutics, Inc.",111,C,low_opt,C,low_opt,,0.853774,0.260989,-0.0396,0.7955,-0.1491,,216,specific_days,3,tailwind,,L,catalyst_far_lift|sponsor_confirmed|momentum_tailwind,v1.3.0,6e0bf8fb,mid|near_181_270|nonpos,0.00506,,drug_developer,272,0.00506
DSGN,"Design Therapeutics, Inc.",112,C,mod_opt+catalyst_far,C,mod_opt+catalyst_far,,0.847484,0.464286,-0.0551,0.2508,-1.1995,,217,specific_days,3,tailwind,high_beta,L,catalyst_far_lift|sponsor_confirmed|momentum_tailwind|high_risk|cost_haircut_<=2000bps,v1.3.0,6e0bf8fb,mid|near_181_270|nonpos,0.00506,,drug_developer,270,0.00506
TYRA,"Tyra Biosciences, Inc.",113,C,mod_opt+catalyst_far,C,mod_opt+catalyst_far,,0.863208,0.508242,-0.0603,0.0672,-1.5535,,217,specific_days,3,tailwind,overbought_rsi,L,catalyst_far_lift|sponsor_confirmed|momentum_tailwind,v1.3.0,6e0bf8fb,mid|near_181_270|nonpos,0.00506,,drug_developer,275,0.00506
ABOS,"Acumen Pharmaceuticals, Inc.",114,C,mod_opt+catalyst_far,C,mod_opt+catalyst_far,,0.841195,0.392857,-0.0511,0.4631,-0.7902,,247,specific_days,3,tailwind,overbought_rsi,M,catalyst_far_lift|momentum_tailwind|runway_short|cost_haircut_>2000bps,v1.3.0,6e0bf8fb,mid|near_181_270|nonpos,0.00506,,drug_developer,268,0.00506
LCTX,"Lineage Cell Therapeutics, Inc.",115,C,low_opt+no_catalyst_data,C,low_opt+no_catalyst_data,,0.828616,0.123626,-0.6517,1.2419,0.7114,,,no_upcoming,9,headwind,,XS,momentum_headwind|cost_haircut_>2000bps,v1.3.0,6e0bf8fb,early|none|pos,0.023322922839506172,,drug_developer,264,0.023322922839506172
EYPT,"EyePoint, Inc.",116,C,low_opt+no_catalyst_data,C,low_opt+no_catalyst_data,,0.124214,0.178571,0.8629,1.0681,0.3764,,,no_upcoming,9,neutral,,M,sponsor_confirmed|runway_short,v1.3.0,6e0bf8fb,late|none|pos,0.1,,drug_developer,40,0.1
CYTK,"Cytokinetics, Incorporated",117,C,mod_opt+catalyst_far,C,mod_opt+catalyst_far,,0.636792,0.365385,0.573,0.5311,-0.6591,,217,specific_days,3,neutral,,L,catalyst_far_lift|sponsor_confirmed,v1.3.0,6e0bf8fb,late|near_181_270|nonpos,0.08571638372093023,,drug_developer,203,0.08571638372093023
URGN,UroGen Pharma Ltd.,118,C,mod_opt+catalyst_far,C,mod_opt+catalyst_far,,0.649371,0.596154,0.5429,-0.3472,-2.3524,,217,specific_days,3,headwind,,M,catalyst_far_lift|sponsor_confirmed|momentum_headwind|runway_short,v1.3.0,6e0bf8fb,late|near_181_270|nonpos,0.08571638372093023,,drug_developer,207,0.08571638372093023
MESO,Mesoblast Limited,119,C,low_opt,C,low_opt,,0.643082,0.288462,0.5887,0.73,-0.2756,,247,specific_days,3,headwind,,S,catalyst_far_lift|momentum_headwind|cost_haircut_<=2000bps,v1.3.0,6e0bf8fb,late|near_181_270|nonpos,0.08571638372093023,,drug_developer,205,0.08571638372093023
ACIU,AC Immune SA,120,C,low_opt,C,low_opt,,0.014151,0.14011,-0.0156,1.1755,0.5835,,33,specific_days,3,neutral,,S,cost_haircut_>2000bps,v1.3.0,6e0bf8fb,mid|near_31_90|pos,0.1,,drug_developer,5,0.1
GOSS,"Gossamer Bio, Inc.",121,C,mod_opt+catalyst_far,C,mod_opt+catalyst_far,,0.488994,0.57967,0.5474,-0.276,-2.2152,,673,specific_days,9,headwind,deep_drawdown_rel_xbi,M,catalyst_far_lift|sponsor_confirmed|momentum_headwind|cost_haircut_<=2000bps,v1.3.0,6e0bf8fb,late|far_271_540|nonpos,0.0930939801980198,,drug_developer,156,0.0930939801980198
VKTX,"Viking Therapeutics, Inc.",122,C,mod_opt+catalyst_far,C,mod_opt+catalyst_far,,0.539308,0.409341,0.5693,0.425,-0.8636,,520,specific_days,9,headwind,,L,catalyst_far_lift|sponsor_confirmed|momentum_headwind,v1.3.0,6e0bf8fb,late|far_271_540|nonpos,0.0930939801980198,,drug_developer,172,0.0930939801980198
MBX,"MBX Biosciences, Inc.",123,C,low_opt,C,low_opt,,0.20283,0.206044,-0.0292,0.9855,0.2172,,123,specific_days,3,tailwind,high_beta,L,sponsor_confirmed|momentum_tailwind|high_risk,v1.3.0,6e0bf8fb,mid|near_91_180|pos,0.1,,drug_developer,65,0.1
IMTX,Immatics N.V.,124,C,mod_opt+catalyst_far,C,mod_opt+catalyst_far,,0.498428,0.431319,0.5679,0.3521,-1.0041,,582,specific_days,9,headwind,,S,catalyst_far_lift|momentum_headwind|cost_haircut_<=2000bps,v1.3.0,6e0bf8fb,late|far_271_540|nonpos,0.0930939801980198,,drug_developer,159,0.0930939801980198
CVAC,CureVac N.V.,125,C,mod_opt+catalyst_far,C,mod_opt+catalyst_far,,0.485849,0.541209,0.5542,-0.0818,-1.8407,,1434,specific_days,9,headwind,,S,catalyst_far_lift|momentum_headwind|cost_haircut_<=2000bps,v1.3.0,6e0bf8fb,late|far_271_540|nonpos,0.0930939801980198,,drug_developer,155,0.0930939801980198
ANNX,"Annexon, Inc.",126,C,mod_opt+catalyst_far,C,mod_opt+catalyst_far,,0.466981,0.326923,0.5835,0.6239,-0.4801,,277,specific_days,9,tailwind,,L,catalyst_far_lift|sponsor_confirmed|momentum_tailwind,v1.3.0,6e0bf8fb,late|far_271_540|nonpos,0.0930939801980198,,drug_developer,149,0.0930939801980198
BLTE,"Belite Bio, Inc",127,C,mod_opt+catalyst_far,C,mod_opt+catalyst_far,,0.47956,0.535714,0.5547,-0.0571,-1.793,,519,specific_days,9,tailwind,,L,catalyst_far_lift|sponsor_confirmed|momentum_tailwind|runway_short,v1.3.0,6e0bf8fb,late|far_271_540|nonpos,0.0930939801980198,,drug_developer,153,0.0930939801980198
AARD,"Aardvark Therapeutics, Inc.",128,C,mod_opt+catalyst_far,C,mod_opt+catalyst_far,,0.457547,0.590659,0.5457,-0.2998,-2.2611,,398,specific_days,9,neutral,,M,catalyst_far_lift|cost_haircut_>2000bps,v1.3.0,6e0bf8fb,late|far_271_540|nonpos,0.0930939801980198,,drug_developer,146,0.0930939801980198
ALDX,"Aldeyra Therapeutics, Inc.",129,C,low_opt+no_catalyst_data,C,low_opt+no_catalyst_data,,0.02673,0.195055,0.6159,1.0084,0.2614,,,no_upcoming,9,headwind,,S,sponsor_confirmed|momentum_headwind|cost_haircut_<=2000bps,v1.3.0,6e0bf8fb,late|none|pos,0.1,,drug_developer,9,0.1
ANRO,"Alto Neuroscience, Inc.",130,C,low_opt,C,low_opt,,0.407233,0.271978,0.8371,0.783,-0.1733,,5,specific_days,3,tailwind,,L,sponsor_confirmed|momentum_tailwind|cost_haircut_<=2000bps,v1.3.0,6e0bf8fb,late|near_0_30|nonpos,0.09603160592255125,,drug_developer,130,0.09603160592255125
PGEN,"Precigen, Inc.",131,C,low_opt,C,low_opt,,0.256289,0.233516,0.845,0.9024,0.0568,,129,specific_days,3,tailwind,,L,momentum_tailwind,v1.3.0,6e0bf8fb,late|near_91_180|pos,0.1,,drug_developer,82,0.1
ROIV,Roivant Sciences Ltd.,132,C,mod_opt+no_catalyst_data,C,mod_opt+no_catalyst_data,,0.284591,0.447802,-0.0507,0.3445,-1.0188,,,no_upcoming,9,tailwind,,L,sponsor_confirmed|momentum_tailwind,v1.3.0,6e0bf8fb,mid|none|nonpos,0.1,,drug_developer,91,0.1
MLYS,"Mineralys Therapeutics, Inc.",133,C,mod_opt+no_catalyst_data,C,mod_opt+no_catalyst_data,,0.215409,0.381868,0.5717,0.4913,-0.7358,,,no_upcoming,9,tailwind,deep_drawdown_rel_xbi,L,sponsor_confirmed|momentum_tailwind,v1.3.0,6e0bf8fb,late|none|nonpos,0.1,,drug_developer,69,0.1
GHRS,GH Research PLC,134,C,low_opt+no_catalyst_data,C,low_opt+no_catalyst_data,,0.136792,0.299451,-0.0436,0.7006,-0.3323,,,no_upcoming,9,neutral,,M,sponsor_confirmed|cost_haircut_<=2000bps,v1.3.0,6e0bf8fb,mid|none|nonpos,0.1,,drug_developer,44,0.1
AGIO,"Agios Pharmaceuticals, Inc.",135,C,low_opt,C,low_opt,,0.02044,0.25,0.5995,0.8626,-0.0199,,33,specific_days,3,headwind,deep_drawdown|deep_drawdown_rel_xbi,M,sponsor_confirmed|momentum_headwind,v1.3.0,6e0bf8fb,late|near_31_90|nonpos,0.1,,drug_developer,7,0.1
ARDX,"Ardelyx, Inc.",136,B,mod_quality+catalyst_near,,,B,0.551887,,0.8903,1.2802,1.3832,0.650735,5,specific_days,3,tailwind,,L,momentum_tailwind,v1.3.0,6e0bf8fb,late|near_0_30|pos,0.09254273684210526,,commercial_biotech,176,0.09254273684210526
RYTM,"Rhythm Pharmaceuticals, Inc.",137,C,low_quality,,,C,0.375786,,0.8903,1.2362,1.1751,0.341912,444,specific_days,9,headwind,,L,catalyst_far_lift|sponsor_confirmed|momentum_headwind,v1.3.0,6e0bf8fb,late|far_271_540|pos,0.0961064745762712,,commercial_biotech,120,0.0961064745762712
VRTX,Vertex Pharmaceuticals Incorporated,138,C,low_quality,,,C,0.33805,,0.8903,1.2802,1.2207,0.327206,35,specific_days,3,headwind,,M,sponsor_confirmed|momentum_headwind,v1.3.0,6e0bf8fb,late|near_31_90|pos,0.1,,commercial_biotech,108,0.1
REGN,"Regeneron Pharmaceuticals, Inc.",139,B,mod_quality+catalyst_near,,,B,0.608491,,0.8769,0.8871,0.9551,0.716912,4,specific_days,9,neutral,,L,sponsor_confirmed,v1.3.0,6e0bf8fb,late|near_0_30|pos,0.09254273684210526,,commercial_biotech,194,0.09254273684210526
CAI,"Caris Life Sciences, Inc.",140,C,low_quality,,,C,0.561321,,0.8809,1.0128,0.9436,0.305147,3,specific_days,3,headwind,deep_drawdown_rel_xbi,M,sponsor_confirmed|momentum_headwind,v1.3.0,6e0bf8fb,late|near_0_30|pos,0.09254273684210526,,commercial_biotech,179,0.09254273684210526
AXSM,"Axsome Therapeutics, Inc.",141,C,low_quality,,,C,0.360063,,0.8837,1.0826,1.0159,0.334559,308,specific_days,9,tailwind,,L,catalyst_far_lift|sponsor_confirmed|momentum_tailwind,v1.3.0,6e0bf8fb,late|far_271_540|pos,0.0961064745762712,,commercial_biotech,115,0.0961064745762712
TECH,Bio-Techne Corporation,142,C,low_quality,,,C,0.611635,,0.8785,0.943,0.8712,0.136029,4,specific_days,3,headwind,,S,momentum_headwind,v1.3.0,6e0bf8fb,late|near_0_30|pos,0.09254273684210526,,commercial_biotech,195,0.09254273684210526
MNKD,MannKind Corporation,143,C,low_quality,,,C,0.218553,,0.8899,1.1943,1.1317,0.349265,64,specific_days,3,headwind,,S,momentum_headwind,v1.3.0,6e0bf8fb,late|near_31_90|pos,0.1,,commercial_biotech,70,0.1
MIRM,"Mirum Pharmaceuticals, Inc.",144,C,low_quality,,,C,0.372642,,0.8836,1.0687,1.0014,0.371324,429,specific_days,9,tailwind,overbought_rsi,L,catalyst_far_lift|sponsor_confirmed|momentum_tailwind,v1.3.0,6e0bf8fb,late|far_271_540|pos,0.0961064745762712,,commercial_biotech,119,0.0961064745762712
TARS,"Tarsus Pharmaceuticals, Inc.",145,C,low_quality+no_catalyst_data,,,C,0.319182,,0.8808,0.9988,0.9291,0.488971,,no_upcoming,9,headwind,,M,sponsor_confirmed|momentum_headwind,v1.3.0,6e0bf8fb,late|none|pos,0.1,,commercial_biotech,102,0.1
HALO,"Halozyme Therapeutics, Inc.",146,C,low_quality+no_catalyst_data,,,C,0.146226,,0.8852,1.1245,1.0593,0.1875,,no_upcoming,9,headwind,,S,momentum_headwind,v1.3.0,6e0bf8fb,late|none|pos,0.1,,commercial_biotech,47,0.1
AMGN,Amgen Inc.,147,B,mod_quality+catalyst_near,,,B,0.548742,,0.8898,0.8873,0.7897,0.775735,5,specific_days,9,headwind,,S,momentum_headwind,v1.3.0,6e0bf8fb,late|near_0_30|pos,0.09254273684210526,,commercial_pharma,175,0.09254273684210526
AZN,Astrazeneca PLC,148,C,low_quality,,,C,0.555031,,0.8903,0.9126,0.7626,0.003676,3,specific_days,3,headwind,,S,sponsor_confirmed|momentum_headwind|runway_short,v1.3.0,6e0bf8fb,late|near_0_30|pos,0.09254273684210526,,commercial_pharma,177,0.09254273684210526
IRWD,"Ironwood Pharmaceuticals, Inc.",149,B,high_quality+no_catalyst_data,,,B,0.180818,,0.8903,0.9777,1.0011,0.959559,,no_upcoming,9,tailwind,high_vol,M,momentum_tailwind|high_risk,v1.3.0,6e0bf8fb,late|none|pos,0.1,,commercial_pharma,58,0.1
NVAX,"Novavax, Inc.",150,A,high_quality+catalyst_near,,,A,0.234277,,0.8903,1.2802,0.9552,0.996324,110,specific_days,9,neutral,,L,tier_a_commercial,v1.3.0,6e0bf8fb,late|near_91_180|pos,0.1,,commercial_biotech,75,0.1
ALKS,Alkermes plc,151,C,mod_quality+catalyst_far,,,C,0.353774,,0.8903,0.9777,0.8314,0.665441,856,specific_days,9,headwind,overbought_rsi,L,catalyst_far_lift|sponsor_confirmed|momentum_headwind,v1.3.0,6e0bf8fb,late|far_271_540|pos,0.0961064745762712,,commercial_pharma,113,0.0961064745762712
INCY,Incyte Corporation,152,B,mod_quality+catalyst_near,,,B,0.592767,,0.8532,0.6498,0.6966,0.702206,5,specific_days,3,headwind,,M,sponsor_confirmed|momentum_headwind,v1.3.0,6e0bf8fb,late|near_0_30|pos,0.09254273684210526,,commercial_biotech,189,0.09254273684210526
TVTX,"Travere Therapeutics, Inc.",153,B,mod_quality+catalyst_near,,,B,0.61478,,0.8452,0.5939,0.6358,0.613971,5,specific_days,3,headwind,,M,sponsor_confirmed|momentum_headwind,v1.3.0,6e0bf8fb,late|near_0_30|pos,0.09254273684210526,,commercial_biotech,196,0.09254273684210526
VNDA,Vanda Pharmaceuticals Inc.,154,A,high_quality+catalyst_near,,,A,0.328616,,0.8895,1.1664,0.8327,0.981618,33,specific_days,3,tailwind,,L,tier_a_commercial|momentum_tailwind,v1.3.0,6e0bf8fb,late|near_31_90|pos,0.1,,commercial_biotech,105,0.1
SNY,Sanofi,155,C,low_quality,,,C,0.303459,,0.8903,0.9505,0.8027,0.297794,33,specific_days,3,headwind,,S,momentum_headwind,v1.3.0,6e0bf8fb,late|near_31_90|pos,0.1,,commercial_pharma,97,0.1
INDV,Indivior PLC,156,C,low_quality+no_catalyst_data,,,C,0.168239,,0.8903,0.9777,0.8314,0.518382,,no_upcoming,9,neutral,,M,,v1.3.0,6e0bf8fb,late|none|pos,0.1,,commercial_pharma,54,0.1
GILD,"Gilead Sciences, Inc.",157,C,low_quality,,,C,0.580189,,0.8799,0.7102,0.5486,0.363971,3,specific_days,3,neutral,overbought_rsi,L,sponsor_confirmed,v1.3.0,6e0bf8fb,late|near_0_30|pos,0.09254273684210526,,commercial_pharma,185,0.09254273684210526
SUPN,"Supernus Pharmaceuticals, Inc.",158,C,low_quality,,,C,0.312893,,0.8872,0.862,0.7091,0.452206,217,specific_days,3,headwind,,L,catalyst_far_lift|sponsor_confirmed|momentum_headwind,v1.3.0,6e0bf8fb,late|near_181_270|pos,0.1,,commercial_pharma,100,0.1
KMDA,Kamada Ltd.,159,C,low_quality,,,C,0.369497,,0.8847,0.824,0.6689,0.3125,1039,specific_days,9,neutral,overbought_rsi,M,catalyst_far_lift|cost_haircut_>2000bps,v1.3.0,6e0bf8fb,late|far_271_540|pos,0.0961064745762712,,commercial_pharma,118,0.0961064745762712
ESPR,"Esperion Therapeutics, Inc.",160,C,mod_quality+no_catalyst_data,,,C,0.117925,,0.8903,0.9777,0.8314,0.797794,,no_upcoming,9,tailwind,,L,momentum_tailwind,v1.3.0,6e0bf8fb,late|none|pos,0.1,,commercial_pharma,38,0.1
EBS,Emergent BioSolutions Inc.,161,C,mod_quality+no_catalyst_data,,,C,0.111635,,0.8903,0.9777,0.8314,0.680147,,no_upcoming,9,headwind,high_beta,XS,momentum_headwind|high_risk|cost_haircut_<=2000bps,v1.3.0,6e0bf8fb,late|none|pos,0.1,,commercial_pharma,36,0.1
ACAD,ACADIA Pharmaceuticals Inc.,162,B,mod_quality+catalyst_near,,,B,0.011006,,0.8629,0.7545,0.8107,0.672794,108,specific_days,3,headwind,,M,sponsor_confirmed|momentum_headwind,v1.3.0,6e0bf8fb,late|near_91_180|pos,0.1,,commercial_biotech,4,0.1
EXEL,"Exelixis, Inc.",163,C,low_quality,,,C,0.577044,,0.8433,0.5241,0.437,0.496324,5,specific_days,3,headwind,,S,momentum_headwind,v1.3.0,6e0bf8fb,late|near_0_30|pos,0.09254273684210526,,commercial_biotech,184,0.09254273684210526
NBIX,"Neurocrine Biosciences, Inc.",164,C,low_quality,,,C,0.224843,,0.8793,0.6976,0.5352,0.202206,33,specific_days,3,headwind,,M,sponsor_confirmed|momentum_headwind,v1.3.0,6e0bf8fb,late|near_31_90|pos,0.1,,commercial_pharma,72,0.1
ARGX,argenx SE,165,C,low_quality,,,C,0.058176,,0.8628,0.7335,0.6541,0.011029,43,specific_days,3,headwind,,M,sponsor_confirmed|momentum_headwind,v1.3.0,6e0bf8fb,late|near_31_90|pos,0.1,,commercial_biotech,19,0.1
CHRS,"Coherus Oncology, Inc.",166,A,high_quality+catalyst_near,,,A,0.564465,,0.8601,0.7056,0.3368,0.974265,2,specific_days,3,tailwind,overbought_rsi,L,tier_a_commercial|momentum_tailwind|cost_haircut_<=2000bps,v1.3.0,6e0bf8fb,late|near_0_30|pos,0.09254273684210526,,commercial_biotech,180,0.09254273684210526
INSM,Insmed Incorporated,167,C,low_quality,,,C,0.366352,,0.5953,0.4682,0.3791,0.018382,1821,specific_days,9,headwind,,L,catalyst_far_lift|sponsor_confirmed|momentum_headwind,v1.3.0,6e0bf8fb,late|far_271_540|pos,0.0961064745762712,,commercial_biotech,117,0.0961064745762712
JAZZ,Jazz Pharmaceuticals plc,168,A,high_quality+catalyst_near,,,A,0.187107,,0.8718,0.8452,0.4871,0.908088,64,specific_days,9,neutral,,L,tier_a_commercial|sponsor_confirmed,v1.3.0,6e0bf8fb,late|near_31_90|pos,0.1,,commercial_biotech,60,0.1
GMAB,Genmab A/S,169,C,low_quality,,,C,0.583333,,0.8306,0.3426,0.2488,0.290441,28,specific_days,3,neutral,,L,sponsor_confirmed,v1.3.0,6e0bf8fb,late|near_0_30|pos,0.09254273684210526,,commercial_biotech,186,0.09254273684210526
BMRN,BioMarin Pharmaceutical Inc.,170,A,high_quality+catalyst_mid,,,A,0.086478,,0.8754,0.8732,0.5172,0.871324,125,specific_days,3,headwind,,L,tier_a_commercial|sponsor_confirmed|momentum_headwind,v1.3.0,6e0bf8fb,late|near_91_180|pos,0.1,,commercial_biotech,28,0.1
TWST,Twist Bioscience Corporation,171,C,low_quality+no_catalyst_data,,,C,0.778302,,-2.2492,,,0.253676,,no_upcoming,9,tailwind,,L,momentum_tailwind,v1.3.0,6e0bf8fb,early|none|nonpos,0.06969944897959185,,platform_diagnostics,248,0.06969944897959185
AMRX,"Amneal Pharmaceuticals, Inc.",172,C,low_quality+no_catalyst_data,,,C,0.045597,,0.8776,0.647,0.4817,0.224265,,no_upcoming,9,tailwind,,L,momentum_tailwind,v1.3.0,6e0bf8fb,late|none|pos,0.1,,commercial_pharma,15,0.1
IONS,"Ionis Pharmaceuticals, Inc.",173,C,low_quality,,,C,0.174528,,0.5957,0.4822,0.3935,0.599265,64,specific_days,3,tailwind,,L,momentum_tailwind,v1.3.0,6e0bf8fb,late|near_31_90|pos,0.1,,commercial_biotech,56,0.1
FOLD,"Amicus Therapeutics, Inc.",174,C,low_quality,,,C,0.693396,,0.5677,-0.0271,-0.1344,0.180147,125,specific_days,3,tailwind,overbought_rsi,L,sponsor_confirmed|momentum_tailwind,v1.3.0,6e0bf8fb,late|near_91_180|nonpos,0.0743638577586207,,commercial_biotech,221,0.0743638577586207
MEDP,"Medpace Holdings, Inc.",175,C,low_quality+no_catalyst_data,,,C,0.737421,,-2.253,,,0.172794,,no_upcoming,9,headwind,,S,momentum_headwind,v1.3.0,6e0bf8fb,early|none|nonpos,0.06969944897959185,,platform_diagnostics,235,0.06969944897959185
ONC,BeOne Medicines Ltd.,176,C,low_quality,,,C,0.243711,,0.8335,0.4124,0.3212,0.481618,64,specific_days,3,headwind,,M,sponsor_confirmed|momentum_headwind,v1.3.0,6e0bf8fb,late|near_31_90|pos,0.1,,commercial_biotech,78,0.1
ANAB,"AnaptysBio, Inc.",177,C,low_quality,,,C,0.048742,,-0.0251,0.7175,0.6375,0.540441,94,specific_days,3,tailwind,,L,sponsor_confirmed|momentum_tailwind,v1.3.0,6e0bf8fb,mid|near_91_180|pos,0.1,,commercial_biotech,16,0.1
BBIO,"BridgeBio Pharma, Inc.",178,C,low_quality,,,C,0.671384,,0.5186,-1.3237,-1.4784,0.069853,93,specific_days,3,tailwind,,L,sponsor_confirmed|momentum_tailwind,v1.3.0,6e0bf8fb,late|near_91_180|nonpos,0.0743638577586207,,commercial_biotech,214,0.0743638577586207
TGTX,"TG Therapeutics, Inc.",179,C,low_quality,,,C,0.394654,,0.8295,0.3007,0.2054,0.113971,704,specific_days,9,headwind,deep_drawdown_rel_xbi,L,catalyst_far_lift|sponsor_confirmed|momentum_headwind,v1.3.0,6e0bf8fb,late|far_271_540|pos,0.0961064745762712,,commercial_biotech,126,0.0961064745762712
DVAX,Dynavax Technologies Corporation,180,B,mod_quality+catalyst_mid,,,B,0.687107,,0.5698,-0.0992,-1.5162,0.849265,122,specific_days,3,tailwind,overbought_rsi,L,sponsor_confirmed|momentum_tailwind,v1.3.0,6e0bf8fb,late|near_91_180|nonpos,0.0743638577586207,,commercial_pharma,219,0.0743638577586207
NTRA,"Natera, Inc.",181,C,low_quality,,,C,0.646226,,0.8865,,,0.150735,217,specific_days,3,tailwind,,L,catalyst_far_lift|sponsor_confirmed|momentum_tailwind,v1.3.0,6e0bf8fb,late|near_181_270|nonpos,0.08571638372093023,,platform_diagnostics,206,0.08571638372093023
CRL,Charles River Laboratories Inte,182,C,low_quality,,,C,0.680818,,0.8632,,,0.378676,125,specific_days,3,neutral,,M,,v1.3.0,6e0bf8fb,late|near_91_180|nonpos,0.0743638577586207,,platform_diagnostics,217,0.0743638577586207
AVIR,"Atea Pharmaceuticals, Inc.",183,A,high_quality+catalyst_mid,,,A,0.668239,,0.5704,0.1192,-0.2944,0.863971,122,specific_days,3,neutral,,L,tier_a_commercial|sponsor_confirmed|cost_haircut_>2000bps,v1.3.0,6e0bf8fb,late|near_91_180|nonpos,0.0743638577586207,,commercial_biotech,213,0.0743638577586207
CERS,Cerus Corporation,184,C,mod_quality+catalyst_far,,,C,0.633648,,0.8439,,,0.606618,184,specific_days,3,tailwind,,L,catalyst_far_lift|momentum_tailwind|cost_haircut_<=2000bps,v1.3.0,6e0bf8fb,late|near_181_270|nonpos,0.08571638372093023,,platform_devices,202,0.08571638372093023
PBYI,Puma Biotechnology Inc,185,B,mod_quality+catalyst_mid,,,B,0.25,,0.5762,0.2448,0.2556,0.827206,124,specific_days,3,tailwind,,M,momentum_tailwind|cost_haircut_<=2000bps,v1.3.0,6e0bf8fb,late|near_91_180|pos,0.1,,commercial_biotech,80,0.1
BCRX,"BioCryst Pharmaceuticals, Inc.",186,C,low_quality,,,C,0.630503,,0.572,-0.036,-0.2405,0.143382,247,specific_days,3,headwind,deep_drawdown|deep_drawdown_rel_xbi,L,catalyst_far_lift|sponsor_confirmed|momentum_headwind,v1.3.0,6e0bf8fb,late|near_181_270|nonpos,0.08571638372093023,,commercial_pharma,201,0.08571638372093023
ZYME,Zymeworks Inc.,187,C,low_quality,,,C,0.545597,,0.5025,-1.686,-1.8539,0.430147,490,specific_days,9,tailwind,,L,catalyst_far_lift|sponsor_confirmed|momentum_tailwind,v1.3.0,6e0bf8fb,late|far_271_540|nonpos,0.0930939801980198,,commercial_biotech,174,0.0930939801980198
MDGL,"Madrigal Pharmaceuticals, Inc.",188,C,low_quality,,,C,0.209119,,0.5855,0.3146,0.2199,0.231618,33,specific_days,3,neutral,,L,sponsor_confirmed,v1.3.0,6e0bf8fb,late|near_31_90|pos,0.1,,commercial_biotech,67,0.1
APLS,"Apellis Pharmaceuticals, Inc.",189,C,mod_quality+catalyst_far,,,C,0.356918,,0.5734,0.2029,0.1041,0.709559,490,specific_days,9,headwind,deep_drawdown_rel_xbi,L,catalyst_far_lift|sponsor_confirmed|momentum_headwind,v1.3.0,6e0bf8fb,late|far_271_540|pos,0.0961064745762712,,commercial_biotech,114,0.0961064745762712
PTCT,"PTC Therapeutics, Inc.",190,B,high_quality+catalyst_far,,,B,0.529874,,0.5622,-0.1912,-0.2193,0.930147,703,specific_days,9,neutral,,L,catalyst_far_lift|sponsor_confirmed,v1.3.0,6e0bf8fb,late|far_271_540|nonpos,0.0930939801980198,,commercial_biotech,169,0.0930939801980198
IDYA,"IDEAYA Biosciences, Inc.",191,C,mod_quality+catalyst_far,,,C,0.492138,,-0.9006,-1.7063,-1.875,0.694853,338,specific_days,9,neutral,,L,catalyst_far_lift|sponsor_confirmed,v1.3.0,6e0bf8fb,late|far_271_540|nonpos,0.0930939801980198,,commercial_biotech,157,0.0930939801980198
TXG,"10x Genomics, Inc.",192,C,mod_quality+catalyst_far,,,C,0.536164,,-0.9014,,,0.8125,272,specific_days,9,tailwind,,L,catalyst_far_lift|momentum_tailwind,v1.3.0,6e0bf8fb,late|far_271_540|nonpos,0.0930939801980198,,platform_services,171,0.0930939801980198
ARQT,"Arcutis Biotherapeutics, Inc.",193,C,low_quality,,,C,0.061321,,0.5869,0.3775,0.285,0.283088,108,specific_days,3,neutral,,L,sponsor_confirmed,v1.3.0,6e0bf8fb,late|near_91_180|pos,0.1,,commercial_biotech,20,0.1
KNSA,"Kiniksa Pharmaceuticals, Ltd.",194,C,low_quality,,,C,0.501572,,0.5868,0.1411,-0.0533,0.511029,703,specific_days,9,neutral,,L,catalyst_far_lift|sponsor_confirmed,v1.3.0,6e0bf8fb,late|far_271_540|nonpos,0.0930939801980198,,commercial_pharma,160,0.0930939801980198
IMCR,Immunocore Holdings plc,195,C,low_quality,,,C,0.429245,,0.4891,-1.9425,-2.1198,0.577206,5,specific_days,3,headwind,,M,sponsor_confirmed|momentum_headwind,v1.3.0,6e0bf8fb,late|near_0_30|nonpos,0.09603160592255125,,commercial_biotech,137,0.09603160592255125
TEM,"Tempus AI, Inc.",196,C,low_quality,,,C,0.451258,,0.873,,,0.238971,3,specific_days,3,headwind,deep_drawdown|deep_drawdown_rel_xbi,M,sponsor_confirmed|momentum_headwind,v1.3.0,6e0bf8fb,late|near_0_30|nonpos,0.09603160592255125,,platform_services,144,0.09603160592255125
RCUS,"Arcus Biosciences, Inc.",197,B,mod_quality+catalyst_near,,,B,0.441824,,0.5583,-0.2451,-0.2779,0.841912,4,specific_days,2,tailwind,,L,sponsor_confirmed|momentum_tailwind,v1.3.0,6e0bf8fb,late|near_0_30|nonpos,0.09603160592255125,,commercial_biotech,141,0.09603160592255125
ALNY,"Alnylam Pharmaceuticals, Inc.",198,C,low_quality,,,C,0.404088,,0.5642,-0.1641,-0.2764,0.216912,23,specific_days,3,headwind,deep_drawdown_rel_xbi,M,sponsor_confirmed|momentum_headwind,v1.3.0,6e0bf8fb,late|near_0_30|nonpos,0.09603160592255125,,commercial_biotech,129,0.09603160592255125
CMPS,COMPASS Pathways Plc - American,199,C,low_quality,,,C,0.416667,,0.548,,,0.275735,5,specific_days,3,neutral,,L,sponsor_confirmed,v1.3.0,6e0bf8fb,late|near_0_30|nonpos,0.09603160592255125,,platform_services,133,0.09603160592255125
RIGL,"Rigel Pharmaceuticals, Inc.",200,C,low_quality,,,C,0.448113,,0.569,0.0493,-0.0551,0.591912,5,specific_days,3,headwind,high_beta,XS,momentum_headwind|high_risk,v1.3.0,6e0bf8fb,late|near_0_30|nonpos,0.09603160592255125,,commercial_biotech,143,0.09603160592255125
BIIB,Biogen Inc.,201,A,high_quality+catalyst_near,,,A,0.410377,,0.8846,0.8114,0.0,0.9375,20,specific_days,3,headwind,,L,tier_a_commercial|sponsor_confirmed|momentum_headwind,v1.3.0,6e0bf8fb,late|near_0_30|nonpos,0.09603160592255125,,commercial_pharma,131,0.09603160592255125
RGNX,REGENXBIO Inc.,202,B,mod_quality+catalyst_near,,,B,0.444969,,0.5212,-1.2791,-1.404,0.834559,5,specific_days,3,neutral,high_beta,XS,high_risk|cost_haircut_<=2000bps,v1.3.0,6e0bf8fb,late|near_0_30|nonpos,0.09603160592255125,,commercial_biotech,142,0.09603160592255125
LAB,Standard BioTools Inc.,203,B,mod_quality+catalyst_near,,,B,0.435535,,0.8771,,,0.628676,5,specific_days,3,neutral,,S,cost_haircut_>2000bps,v1.3.0,6e0bf8fb,late|near_0_30|nonpos,0.09603160592255125,,platform_devices,139,0.09603160592255125
SIGA,SIGA Technologies Inc.,204,C,mod_quality+no_catalyst_data,,,C,0.294025,,0.8426,0.2802,0.0938,0.724265,,no_upcoming,9,headwind,deep_drawdown_rel_xbi,XS,momentum_headwind|cost_haircut_>2000bps,v1.3.0,6e0bf8fb,late|none|pos,0.1,,commercial_pharma,94,0.1
GH,"Guardant Health, Inc.",205,C,low_quality,,,C,0.426101,,0.8817,,,0.422794,9,specific_days,9,tailwind,,L,sponsor_confirmed|momentum_tailwind,v1.3.0,6e0bf8fb,late|near_0_30|nonpos,0.09603160592255125,,platform_diagnostics,136,0.09603160592255125
DAWN,"Day One Biopharmaceuticals, Inc.",206,A,high_quality+catalyst_near,,,A,0.419811,,0.4813,-1.9804,-2.5541,0.915441,5,specific_days,3,tailwind,,L,tier_a_commercial|momentum_tailwind,v1.3.0,6e0bf8fb,late|near_0_30|nonpos,0.09603160592255125,,commercial_biotech,134,0.09603160592255125
CDNA,"CareDx, Inc.",207,C,low_quality,,,C,0.413522,,0.8689,,,0.555147,4,specific_days,3,tailwind,,L,sponsor_confirmed|momentum_tailwind,v1.3.0,6e0bf8fb,late|near_0_30|nonpos,0.09603160592255125,,platform_diagnostics,132,0.09603160592255125
UTHR,United Therapeutics Corporation,208,B,mod_quality+catalyst_near,,,B,0.322327,,0.8596,0.432,-0.2746,0.636029,62,specific_days,3,neutral,,L,sponsor_confirmed,v1.3.0,6e0bf8fb,late|near_31_90|nonpos,0.1,,commercial_pharma,103,0.1
HROW,"Harrow, Inc.",209,C,low_quality+no_catalyst_data,,,C,0.152516,,-0.5915,0.3308,0.1473,0.040441,,no_upcoming,9,headwind,,S,momentum_headwind,v1.3.0,6e0bf8fb,late|none|pos,0.1,,commercial_pharma,49,0.1
STOK,"Stoke Therapeutics, Inc.",210,C,low_quality+no_catalyst_data,,,C,0.309748,,0.4896,-1.9234,-2.1,0.261029,,no_upcoming,9,tailwind,,L,sponsor_confirmed|momentum_tailwind,v1.3.0,6e0bf8fb,late|none|nonpos,0.1,,commercial_biotech,99,0.1
HRMY,"Harmony Biosciences Holdings, I",211,A,high_quality+catalyst_near,,,A,0.149371,,0.8402,0.4962,0.1114,0.966912,64,specific_days,3,neutral,,L,tier_a_commercial|sponsor_confirmed,v1.3.0,6e0bf8fb,late|near_31_90|pos,0.1,,commercial_biotech,48,0.1
PCRX,"Pacira BioSciences, Inc.",212,C,mod_quality+no_catalyst_data,,,C,0.253145,,-0.6946,-1.8182,-2.1252,0.761029,,no_upcoming,9,headwind,,S,momentum_headwind,v1.3.0,6e0bf8fb,late|none|nonpos,0.1,,commercial_pharma,81,0.1
OPK,"Opko Health, Inc.",213,C,mod_quality+no_catalyst_data,,,C,0.246855,,0.8818,,,0.805147,,no_upcoming,9,headwind,deep_drawdown_rel_xbi,XS,momentum_headwind|cost_haircut_<=2000bps,v1.3.0,6e0bf8fb,late|none|nonpos,0.1,,platform_diagnostics,79,0.1
KRYS,"Krystal Biotech, Inc.",214,C,low_quality,,,C,0.196541,,0.5183,-1.3898,-1.5469,0.246324,33,specific_days,3,tailwind,,L,sponsor_confirmed|momentum_tailwind,v1.3.0,6e0bf8fb,late|near_31_90|nonpos,0.1,,commercial_biotech,63,0.1
KROS,"Keros Therapeutics, Inc.",215,B,high_quality+no_catalyst_data,,,B,0.193396,,-0.1028,-1.7251,-1.8897,0.893382,,no_upcoming,9,neutral,,M,sponsor_confirmed|cost_haircut_<=2000bps,v1.3.0,6e0bf8fb,mid|none|nonpos,0.1,,commercial_biotech,62,0.1
ASND,Ascendis Pharma A/S,216,C,low_quality,,,C,0.073899,,0.5564,-0.3515,-0.4707,0.025735,33,specific_days,3,neutral,,L,sponsor_confirmed,v1.3.0,6e0bf8fb,late|near_31_90|nonpos,0.1,,commercial_biotech,24,0.1
INVA,"Innoviva, Inc.",217,C,mod_quality+no_catalyst_data,,,C,0.171384,,-0.6347,-0.2985,-0.4157,0.768382,,no_upcoming,9,headwind,,S,momentum_headwind,v1.3.0,6e0bf8fb,late|none|nonpos,0.1,,commercial_biotech,55,0.1
AMLX,"Amylyx Pharmaceuticals, Inc.",218,C,low_quality,,,C,0.039308,,0.5456,-0.8257,-1.0757,0.584559,33,specific_days,3,tailwind,,L,sponsor_confirmed|momentum_tailwind,v1.3.0,6e0bf8fb,late|near_31_90|nonpos,0.1,,commercial_pharma,13,0.1
COLL,"Collegium Pharmaceutical, Inc.",219,C,mod_quality+no_catalyst_data,,,C,0.102201,,0.747,-1.6904,-1.9901,0.753676,,no_upcoming,9,neutral,,M,,v1.3.0,6e0bf8fb,late|none|nonpos,0.1,,commercial_pharma,33,0.1
BIOA,"BioAge Labs, Inc.",220,C,mod_quality+no_catalyst_data,,,C,0.083333,,-0.1531,-2.0121,-2.3303,0.783088,,no_upcoming,9,tailwind,,L,sponsor_confirmed|momentum_tailwind,v1.3.0,6e0bf8fb,mid|none|nonpos,0.1,,commercial_pharma,27,0.1
ANIP,"ANI Pharmaceuticals, Inc.",221,C,low_quality,,,C,0.051887,,-0.3426,0.217,0.027,0.4375,155,specific_days,3,headwind,,M,sponsor_confirmed|momentum_headwind,v1.3.0,6e0bf8fb,late|near_91_180|pos,0.1,,commercial_pharma,17,0.1
ARVN,"Arvinas, Inc.",222,A,high_quality+catalyst_near,,,A,0.06761,,0.5685,0.0284,-0.392,0.988971,38,specific_days,3,tailwind,deep_drawdown_rel_xbi,L,tier_a_commercial|sponsor_confirmed|momentum_tailwind,v1.3.0,6e0bf8fb,late|near_31_90|nonpos,0.1,,commercial_biotech,22,0.1
AUPH,Aurinia Pharmaceuticals Inc,223,C,low_quality+no_catalyst_data,,,C,0.077044,,0.5674,-0.0547,-0.163,0.533088,,no_upcoming,9,headwind,,S,momentum_headwind,v1.3.0,6e0bf8fb,late|none|nonpos,0.1,,commercial_biotech,25,0.1
ARWR,"Arrowhead Pharmaceuticals, Inc.",224,B,mod_quality+catalyst_near,,,B,0.070755,,0.5382,-0.8586,-0.9461,0.621324,33,specific_days,3,tailwind,,L,sponsor_confirmed|momentum_tailwind,v1.3.0,6e0bf8fb,late|near_31_90|nonpos,0.1,,commercial_biotech,23,0.1
AMPH,"Amphastar Pharmaceuticals, Inc.",225,C,mod_quality+no_catalyst_data,,,C,0.042453,,0.8271,-0.0802,-0.2874,0.746324,,no_upcoming,9,headwind,deep_drawdown_rel_xbi,XS,momentum_headwind|cost_haircut_<=2000bps,v1.3.0,6e0bf8fb,late|none|nonpos,0.1,,commercial_pharma,14,0.1
ADMA,ADMA Biologics Inc,226,C,low_quality+no_catalyst_data,,,C,0.017296,,-0.637,-0.6154,-0.7442,0.077206,,no_upcoming,9,headwind,deep_drawdown_rel_xbi,M,sponsor_confirmed|momentum_headwind,v1.3.0,6e0bf8fb,late|none|nonpos,0.1,,commercial_biotech,6,0.1
ABSI,Absci Corporation,,D,ineligible,D,ineligible,,0.001572,0.568681,-0.887,-0.216,-0.2323,,,no_upcoming,9,headwind,high_beta|deep_drawdown|deep_drawdown_rel_xbi,XS,ineligible,v1.3.0,6e0bf8fb,late|none|nonpos,0.1,,drug_developer,1,0.1
AKRO,"Akero Therapeutics, Inc.",,D,ineligible,D,ineligible,,0.023585,0.81044,0.5094,-1.1114,-1.1536,,64,specific_days,3,neutral,,XS,ineligible,v1.3.0,6e0bf8fb,late|near_31_90|nonpos,0.1,,drug_developer,8,0.1
ALVO,Alvotech,,D,ineligible,,,D,0.036164,,0.6024,0.3687,1.2714,0.047794,,no_upcoming,9,headwind,deep_drawdown|deep_drawdown_rel_xbi,XS,ineligible,v1.3.0,6e0bf8fb,late|none|pos,0.1,,commercial_pharma,12,0.1
AQST,"Aquestive Therapeutics, Inc.",,D,ineligible,,,D,0.055031,,0.5512,-0.642,0.1538,0.459559,,no_upcoming,9,headwind,deep_drawdown|deep_drawdown_rel_xbi,XS,ineligible,v1.3.0,6e0bf8fb,late|none|pos,0.1,,commercial_pharma,18,0.1
AVXL,Anavex Life Sciences Corp.,,D,ineligible,D,ineligible,,0.080189,0.403846,0.5702,0.4515,0.4545,,,no_upcoming,9,headwind,deep_drawdown|deep_drawdown_rel_xbi,XS,ineligible,v1.3.0,6e0bf8fb,late|none|pos,0.1,,drug_developer,26,0.1
CADL,"Candel Therapeutics, Inc.",,D,ineligible,D,ineligible,,0.089623,0.46978,0.5664,0.2474,0.2446,,155,specific_days,3,headwind,deep_drawdown|deep_drawdown_rel_xbi,XS,ineligible,v1.3.0,6e0bf8fb,late|near_91_180|pos,0.1,,drug_developer,29,0.1
CDTX,"Cidara Therapeutics, Inc.",,D,ineligible,D,ineligible,,0.092767,0.370879,0.5729,0.5178,0.5227,,94,specific_days,3,tailwind,overbought_rsi,XS,ineligible,v1.3.0,6e0bf8fb,late|near_91_180|pos,0.1,,drug_developer,30,0.1
EOLS,"Evolus, Inc. Common Stock",,D,ineligible,,,D,0.11478,,0.8697,0.5585,1.4811,0.158088,,no_upcoming,9,headwind,deep_drawdown|deep_drawdown_rel_xbi,XS,ineligible,v1.3.0,6e0bf8fb,late|none|pos,0.1,,commercial_pharma,37,0.1
GERN,Geron Corporation,,D,ineligible,,,D,0.133648,,0.5799,0.2588,0.636,0.900735,125,specific_days,3,headwind,deep_drawdown|deep_drawdown_rel_xbi,XS,ineligible,v1.3.0,6e0bf8fb,late|near_91_180|pos,0.1,,commercial_biotech,43,0.1
HRTX,"Heron Therapeutics, Inc.",,D,ineligible,D,ineligible,,0.15566,0.343407,0.878,0.5894,0.5964,,,no_upcoming,9,headwind,deep_drawdown|deep_drawdown_rel_xbi,XS,ineligible,v1.3.0,6e0bf8fb,late|none|pos,0.1,,drug_developer,50,0.1
HUMA,"Humacyte, Inc.",,D,ineligible,D,ineligible,,0.158805,0.425824,0.5691,0.4117,0.4136,,247,specific_days,3,headwind,deep_drawdown|deep_drawdown_rel_xbi,XS,ineligible,v1.3.0,6e0bf8fb,late|near_181_270|pos,0.1,,drug_developer,51,0.1
LENZ,"LENZ Therapeutics, Inc.",,D,ineligible,D,ineligible,,0.199686,0.557692,0.5756,-0.1383,-0.1523,,,no_upcoming,9,headwind,deep_drawdown|deep_drawdown_rel_xbi,XS,ineligible,v1.3.0,6e0bf8fb,late|none|nonpos,0.1,,drug_developer,64,0.1
MCRB,"Seres Therapeutics, Inc.",,D,ineligible,D,ineligible,,0.205975,0.667582,0.5311,-0.623,-0.651,,,no_upcoming,9,headwind,deep_drawdown|deep_drawdown_rel_xbi,XS,ineligible,v1.3.0,6e0bf8fb,late|none|nonpos,0.1,,drug_developer,66,0.1
MLTX,MoonLake Immunotherapeutics,,D,ineligible,D,ineligible,,0.212264,0.837912,0.5059,-1.191,-1.2355,,59,specific_days,3,headwind,deep_drawdown|deep_drawdown_rel_xbi,XS,ineligible,v1.3.0,6e0bf8fb,late|near_31_90|nonpos,0.1,,drug_developer,68,0.1
MRUS,Merus N.V.,,D,ineligible,D,ineligible,,0.221698,0.793956,0.5121,-1.071,-1.1121,,33,specific_days,3,headwind,,XS,ineligible,v1.3.0,6e0bf8fb,late|near_31_90|nonpos,0.1,,drug_developer,71,0.1
NTLA,"Intellia Therapeutics, Inc.",,D,ineligible,D,ineligible,,0.231132,0.925824,0.4805,-1.5471,-1.6019,,63,specific_days,3,tailwind,high_vol|high_beta|deep_drawdown|deep_drawdown_rel_xbi,XS,ineligible,v1.3.0,6e0bf8fb,late|near_31_90|nonpos,0.1,,drug_developer,74,0.1
PHAT,"Phathom Pharmaceuticals, Inc.",,D,ineligible,,,D,0.259434,,0.8786,0.957,1.3198,0.128676,,no_upcoming,9,headwind,,XS,ineligible,v1.3.0,6e0bf8fb,late|none|pos,0.1,,commercial_biotech,83,0.1
QSI,Quantum-Si Incorporated,,D,ineligible,,,D,0.272013,,0.8903,,,0.731618,63,specific_days,3,headwind,deep_drawdown|deep_drawdown_rel_xbi,XS,ineligible,v1.3.0,6e0bf8fb,late|near_31_90|nonpos,0.1,,platform_devices,87,0.1
RCKT,"Rocket Pharmaceuticals, Inc.",,D,ineligible,D,ineligible,,0.275157,0.239011,-0.0364,0.8905,0.9062,,98,specific_days,3,headwind,deep_drawdown|deep_drawdown_rel_xbi,XS,ineligible,v1.3.0,6e0bf8fb,mid|near_91_180|pos,0.1,,drug_developer,88,0.1
REPL,"Replimune Group, Inc.",,D,ineligible,D,ineligible,,0.278302,0.843407,0.504,-1.2106,-1.2557,,33,specific_days,9,headwind,deep_drawdown|deep_drawdown_rel_xbi,XS,ineligible,v1.3.0,6e0bf8fb,late|near_31_90|nonpos,0.1,,drug_developer,89,0.1
SGMT,Sagimet Biosciences Inc. - Seri,,D,ineligible,D,ineligible,,0.290881,0.480769,0.5594,0.1443,0.1385,,125,specific_days,9,headwind,deep_drawdown|deep_drawdown_rel_xbi,XS,ineligible,v1.3.0,6e0bf8fb,late|near_91_180|pos,0.1,,drug_developer,93,0.1
SMMT,Summit Therapeutics Inc.,,D,ineligible,D,ineligible,,0.29717,0.673077,0.5309,-0.6453,-0.674,,56,specific_days,3,headwind,deep_drawdown|deep_drawdown_rel_xbi,XS,ineligible,v1.3.0,6e0bf8fb,late|near_31_90|nonpos,0.1,,drug_developer,95,0.1
SNDX,"Syndax Pharmaceuticals, Inc.",,D,ineligible,,,D,0.300314,,-0.004,1.0676,1.4282,0.386029,34,specific_days,3,tailwind,,XS,ineligible,v1.3.0,6e0bf8fb,mid|near_31_90|pos,0.1,,commercial_biotech,96,0.1
SPRY,"ARS Pharmaceuticals, Inc.",,D,ineligible,D,ineligible,,0.306604,0.293956,0.8311,0.7101,0.7206,,125,specific_days,3,headwind,deep_drawdown|deep_drawdown_rel_xbi,XS,ineligible,v1.3.0,6e0bf8fb,late|near_91_180|pos,0.1,,drug_developer,98,0.1
TARA,"Protara Therapeutics, Inc.",,D,ineligible,D,ineligible,,0.316038,0.167582,-0.0243,1.0805,1.1017,,94,specific_days,3,tailwind,high_beta|overbought_rsi,XS,ineligible,v1.3.0,6e0bf8fb,mid|near_91_180|pos,0.1,,drug_developer,101,0.1
VOR,Vor Biopharma Inc.,,D,ineligible,D,ineligible,,0.331761,0.991758,0.4078,-1.5675,-1.6229,,,no_upcoming,9,headwind,high_vol|deep_drawdown|deep_drawdown_rel_xbi,XS,ineligible,v1.3.0,6e0bf8fb,late|none|nonpos,0.1,,drug_developer,106,0.1
ZLAB,Zai Lab Limited,,D,ineligible,,,D,0.347484,,0.5501,-0.5338,-0.1403,0.5625,32,specific_days,3,headwind,deep_drawdown|deep_drawdown_rel_xbi,XS,ineligible,v1.3.0,6e0bf8fb,late|near_31_90|nonpos,0.1,,commercial_biotech,111,0.1
CRMD,CorMedix Inc.,,D,ineligible,,,D,0.363208,,0.8093,-0.1369,0.2484,0.319853,339,specific_days,9,headwind,deep_drawdown|deep_drawdown_rel_xbi,XS,ineligible,v1.3.0,6e0bf8fb,late|far_271_540|pos,0.0961064745762712,,commercial_biotech,116,0.0961064745762712
SRPT,"Sarepta Therapeutics, Inc.",,D,ineligible,,,D,0.378931,,0.8493,0.6358,1.0052,0.922794,277,specific_days,9,headwind,high_beta|deep_drawdown|deep_drawdown_rel_xbi,XS,ineligible,v1.3.0,6e0bf8fb,late|far_271_540|pos,0.0961064745762712,,commercial_biotech,121,0.0961064745762712
VCEL,Vericel Corporation,,D,ineligible,,,D,0.397799,,0.8823,1.0547,1.4155,0.121324,490,specific_days,9,headwind,deep_drawdown|deep_drawdown_rel_xbi,XS,ineligible,v1.3.0,6e0bf8fb,late|far_271_540|pos,0.0961064745762712,,commercial_biotech,127,0.0961064745762712
NVCR,NovoCure Limited,,D,ineligible,,,D,0.438679,,0.8357,,,0.944853,4,specific_days,2,headwind,deep_drawdown|deep_drawdown_rel_xbi,XS,ineligible,v1.3.0,6e0bf8fb,late|near_0_30|nonpos,0.09603160592255125,,platform_devices,140,0.09603160592255125
ZBIO,"Zenas BioPharma, Inc.",,D,ineligible,D,ineligible,,0.454403,0.678571,0.53,-0.6676,-0.6969,,5,specific_days,3,headwind,high_vol|high_beta|deep_drawdown|deep_drawdown_rel_xbi,XS,ineligible,v1.3.0,6e0bf8fb,late|near_0_30|nonpos,0.09603160592255125,,drug_developer,145,0.09603160592255125
IKT,"Inhibikase Therapeutics, Inc.",,D,ineligible,D,ineligible,,0.495283,0.953297,0.4659,-1.5675,-1.6229,,519,specific_days,9,headwind,deep_drawdown|deep_drawdown_rel_xbi,XS,ineligible,v1.3.0,6e0bf8fb,late|far_271_540|nonpos,0.0930939801980198,,drug_developer,158,0.0930939801980198
NGNE,Neurogene Inc.,,D,ineligible,D,ineligible,,0.517296,0.870879,0.4975,-1.3453,-1.3943,,1009,specific_days,9,headwind,deep_drawdown|deep_drawdown_rel_xbi,XS,ineligible,v1.3.0,6e0bf8fb,late|far_271_540|nonpos,0.0930939801980198,,drug_developer,165,0.0930939801980198
PCVX,"Vaxcyte, Inc.",,D,ineligible,D,ineligible,,0.523585,0.782967,0.5133,-1.0303,-1.0701,,339,specific_days,9,tailwind,deep_drawdown|deep_drawdown_rel_xbi,XS,ineligible,v1.3.0,6e0bf8fb,late|far_271_540|nonpos,0.0930939801980198,,drug_developer,167,0.0930939801980198
DNA,"Ginkgo Bioworks Holdings, Inc.",,D,ineligible,,,D,0.570755,,0.867,0.7894,1.1557,0.819853,4,specific_days,3,headwind,deep_drawdown|deep_drawdown_rel_xbi,XS,ineligible,v1.3.0,6e0bf8fb,late|near_0_30|pos,0.09254273684210526,,commercial_biotech,182,0.09254273684210526
GRFS,"Grifols, S.A.",,D,ineligible,,,D,0.586478,,0.8468,0.3814,1.2854,0.055147,5,specific_days,3,headwind,,XS,ineligible,v1.3.0,6e0bf8fb,late|near_0_30|pos,0.09254273684210526,,commercial_pharma,187,0.09254273684210526
RARE,Ultragenyx Pharmaceutical Inc.,,D,ineligible,,,D,0.605346,,0.8616,0.7196,1.0873,0.738971,5,specific_days,3,headwind,high_vol|deep_drawdown|deep_drawdown_rel_xbi,XS,ineligible,v1.3.0,6e0bf8fb,late|near_0_30|pos,0.09254273684210526,,commercial_biotech,193,0.09254273684210526
IOVA,"Iovance Biotherapeutics, Inc.",,D,ineligible,,,D,0.696541,,0.5319,-1.0025,-0.5995,0.393382,155,specific_days,3,tailwind,high_beta|deep_drawdown|deep_drawdown_rel_xbi,XS,ineligible,v1.3.0,6e0bf8fb,late|near_91_180|nonpos,0.0743638577586207,,commercial_biotech,222,0.0743638577586207
NUVB,Nuvation Bio Inc.,,D,ineligible,D,ineligible,,0.699686,0.788462,0.5132,-1.0507,-1.0911,,155,specific_days,9,tailwind,high_vol|deep_drawdown|deep_drawdown_rel_xbi,XS,ineligible,v1.3.0,6e0bf8fb,late|near_91_180|nonpos,0.0743638577586207,,drug_developer,223,0.0743638577586207
ADPT,Adaptive Biotechnologies Corpor,,D,ineligible,,,D,0.70283,,-2.3845,-1.4988,-1.0856,0.165441,,no_upcoming,9,neutral,,XS,ineligible,v1.3.0,6e0bf8fb,early|none|nonpos,0.06969944897959185,,commercial_biotech,224,0.06969944897959185
AVTR,"Avantor, Inc.",,D,ineligible,,,D,0.705975,,-2.3845,,,0.408088,,no_upcoming,9,headwind,deep_drawdown|deep_drawdown_rel_xbi,XS,ineligible,v1.3.0,6e0bf8fb,early|none|nonpos,0.06969944897959185,,platform_devices,225,0.06969944897959185
BRKR,Bruker Corporation,,D,ineligible,,,D,0.709119,,-2.3845,,,0.658088,,no_upcoming,9,neutral,,XS,ineligible,v1.3.0,6e0bf8fb,early|none|nonpos,0.06969944897959185,,platform_devices,226,0.06969944897959185
CSTL,"Castle Biosciences, Inc.",,D,ineligible,,,D,0.712264,,-2.3845,,,0.952206,,no_upcoming,9,tailwind,,XS,ineligible,v1.3.0,6e0bf8fb,early|none|nonpos,0.06969944897959185,,platform_diagnostics,227,0.06969944897959185
CTKB,"Cytek Biosciences, Inc.",,D,ineligible,,,D,0.715409,,-2.3845,,,0.790441,,no_upcoming,9,neutral,,XS,ineligible,v1.3.0,6e0bf8fb,early|none|nonpos,0.06969944897959185,,platform_devices,228,0.06969944897959185
ETON,"Eton Pharmaceuticals, Inc.",,D,ineligible,,,D,0.718553,,-2.3845,-1.5394,-0.8383,0.099265,,no_upcoming,9,headwind,deep_drawdown_rel_xbi,XS,ineligible,v1.3.0,6e0bf8fb,early|none|nonpos,0.06969944897959185,,commercial_pharma,229,0.06969944897959185
FLGT,"Fulgent Genetics, Inc.",,D,ineligible,,,D,0.721698,,-2.3845,,,0.856618,,no_upcoming,9,neutral,,XS,ineligible,v1.3.0,6e0bf8fb,early|none|nonpos,0.06969944897959185,,platform_diagnostics,230,0.06969944897959185
FTRE,Fortrea Holdings Inc.,,D,ineligible,,,D,0.724843,,-2.3845,-1.4988,-1.0856,0.503676,,no_upcoming,9,tailwind,,XS,ineligible,v1.3.0,6e0bf8fb,early|none|nonpos,0.06969944897959185,,commercial_biotech,231,0.06969944897959185
ILMN,"Illumina, Inc.",,D,ineligible,,,D,0.727987,,-2.3824,,,0.569853,,no_upcoming,9,tailwind,,XS,ineligible,v1.3.0,6e0bf8fb,early|none|nonpos,0.06969944897959185,,platform_diagnostics,232,0.06969944897959185
LFCR,"Lifecore Biomedical, Inc.",,D,ineligible,,,D,0.731132,,-2.3845,-1.5394,-0.8383,0.0625,,no_upcoming,9,headwind,,XS,ineligible,v1.3.0,6e0bf8fb,early|none|nonpos,0.06969944897959185,,commercial_pharma,233,0.06969944897959185
LGND,Ligand Pharmaceuticals Incorporated,,D,ineligible,,,D,0.734277,,-2.3845,-1.4988,-1.0856,0.466912,,no_upcoming,9,headwind,,XS,ineligible,v1.3.0,6e0bf8fb,early|none|nonpos,0.06969944897959185,,commercial_biotech,234,0.06969944897959185
MRVI,"Maravai LifeSciences Holdings, Inc.",,D,ineligible,,,D,0.740566,,-2.3845,-1.4988,-1.0856,0.474265,,no_upcoming,9,tailwind,deep_drawdown_rel_xbi,XS,ineligible,v1.3.0,6e0bf8fb,early|none|nonpos,0.06969944897959185,,commercial_biotech,236,0.06969944897959185
MYGN,"Myriad Genetics, Inc.",,D,ineligible,,,D,0.743711,,-2.3845,,,0.878676,,no_upcoming,9,headwind,deep_drawdown|deep_drawdown_rel_xbi,XS,ineligible,v1.3.0,6e0bf8fb,early|none|nonpos,0.06969944897959185,,platform_diagnostics,237,0.06969944897959185
OPCH,"Option Care Health, Inc.",,D,ineligible,,,D,0.746855,,-2.3845,,,0.415441,,no_upcoming,9,neutral,,XS,ineligible,v1.3.0,6e0bf8fb,early|none|nonpos,0.06969944897959185,,platform_services,238,0.06969944897959185
PACB,Pacific Biosciences of Californ,,D,ineligible,,,D,0.75,,-2.3845,,,0.886029,,no_upcoming,9,tailwind,,XS,ineligible,v1.3.0,6e0bf8fb,early|none|nonpos,0.06969944897959185,,platform_devices,239,0.06969944897959185
PAHC,Phibro Animal Health Corporatio,,D,ineligible,,,D,0.753145,,-2.3845,-1.5394,-0.8383,0.106618,,no_upcoming,9,headwind,,XS,ineligible,v1.3.0,6e0bf8fb,early|none|nonpos,0.06969944897959185,,commercial_pharma,240,0.06969944897959185
PRVA,"Privia Health Group, Inc.",,D,ineligible,,,D,0.756289,,-2.3845,,,0.400735,,no_upcoming,9,headwind,,XS,ineligible,v1.3.0,6e0bf8fb,early|none|nonpos,0.06969944897959185,,platform_services,241,0.06969944897959185
PSNL,"Personalis, Inc.",,D,ineligible,,,D,0.759434,,-2.3845,,,0.356618,,no_upcoming,9,tailwind,high_beta,XS,ineligible,v1.3.0,6e0bf8fb,early|none|nonpos,0.06969944897959185,,platform_diagnostics,242,0.06969944897959185
RGEN,Repligen Corporation,,D,ineligible,,,D,0.762579,,-2.3845,,,0.209559,,no_upcoming,9,headwind,,XS,ineligible,v1.3.0,6e0bf8fb,early|none|nonpos,0.06969944897959185,,platform_devices,243,0.06969944897959185
RPRX,Royalty Pharma plc,,D,ineligible,,,D,0.765723,,-2.3845,-1.4988,-1.0856,0.525735,,no_upcoming,9,headwind,,XS,ineligible,v1.3.0,6e0bf8fb,early|none|nonpos,0.06969944897959185,,commercial_biotech,244,0.06969944897959185
SERA,"Sera Prognostics, Inc.",,D,ineligible,,,D,0.768868,,-2.3245,,,0.6875,,no_upcoming,9,headwind,deep_drawdown|deep_drawdown_rel_xbi,XS,ineligible,v1.3.0,6e0bf8fb,early|none|nonpos,0.06969944897959185,,platform_devices,245,0.06969944897959185
STVN,Stevanato Group S.p.A.,,D,ineligible,,,D,0.772013,,-2.3845,,,0.091912,,no_upcoming,9,headwind,deep_drawdown|deep_drawdown_rel_xbi,XS,ineligible,v1.3.0,6e0bf8fb,early|none|nonpos,0.06969944897959185,,platform_devices,246,0.06969944897959185
TKNO,"Alpha Teknova, Inc.",,D,ineligible,,,D,0.775157,,-2.3845,-1.5394,-0.8383,0.194853,,no_upcoming,9,headwind,deep_drawdown|deep_drawdown_rel_xbi,XS,ineligible,v1.3.0,6e0bf8fb,early|none|nonpos,0.06969944897959185,,commercial_pharma,247,0.06969944897959185
VCYT,"Veracyte, Inc.",,D,ineligible,,,D,0.781447,,-2.3845,,,0.444853,,no_upcoming,9,headwind,,XS,ineligible,v1.3.0,6e0bf8fb,early|none|nonpos,0.06969944897959185,,platform_diagnostics,249,0.06969944897959185
VTRS,Viatris Inc.,,D,ineligible,,,D,0.784591,,-2.3845,-1.5394,-0.8383,0.547794,,no_upcoming,9,neutral,,XS,ineligible,v1.3.0,6e0bf8fb,early|none|nonpos,0.06969944897959185,,commercial_pharma,250,0.06969944897959185
XERS,"Xeris Biopharma Holdings, Inc.",,D,ineligible,,,D,0.787736,,-2.3845,-1.4988,-1.0856,0.084559,,no_upcoming,9,headwind,,XS,ineligible,v1.3.0,6e0bf8fb,early|none|nonpos,0.06969944897959185,,commercial_biotech,251,0.06969944897959185
BDTX,"Black Diamond Therapeutics, Inc.",,D,ineligible,D,ineligible,,0.790881,0.848901,-0.0974,-1.2174,-1.2626,,125,specific_days,3,headwind,deep_drawdown|deep_drawdown_rel_xbi,XS,ineligible,v1.3.0,6e0bf8fb,mid|near_91_180|nonpos,0.0646411489361702,,drug_developer,252,0.0646411489361702
BMEA,"Biomea Fusion, Inc.",,D,ineligible,,,D,0.794025,,-0.0781,-1.2664,-0.8579,0.268382,94,specific_days,3,headwind,deep_drawdown|deep_drawdown_rel_xbi,XS,ineligible,v1.3.0,6e0bf8fb,mid|near_91_180|nonpos,0.0646411489361702,,commercial_biotech,253,0.0646411489361702
ELDN,"Eledon Pharmaceuticals, Inc.",,D,ineligible,D,ineligible,,0.79717,0.585165,-0.0689,-0.2847,-0.303,,125,specific_days,9,headwind,deep_drawdown|deep_drawdown_rel_xbi,XS,ineligible,v1.3.0,6e0bf8fb,mid|near_91_180|nonpos,0.0646411489361702,,drug_developer,254,0.0646411489361702
LEGN,Legend Biotech Corporation,,D,ineligible,,,D,0.800314,,-0.0657,-0.5794,-0.185,0.033088,94,specific_days,3,headwind,deep_drawdown|deep_drawdown_rel_xbi,XS,ineligible,v1.3.0,6e0bf8fb,mid|near_91_180|nonpos,0.0646411489361702,,commercial_biotech,255,0.0646411489361702
BCYC,Bicycle Therapeutics plc,,D,ineligible,D,ineligible,,0.822327,0.002747,-0.6194,1.5674,1.6027,,,no_upcoming,9,headwind,deep_drawdown|deep_drawdown_rel_xbi,XS,ineligible,v1.3.0,6e0bf8fb,early|none|pos,0.023322922839506172,,drug_developer,262,0.023322922839506172
EDIT,"Editas Medicine, Inc.",,D,ineligible,D,ineligible,,0.825472,0.173077,-0.6628,1.076,1.0971,,,no_upcoming,9,headwind,high_beta|deep_drawdown|deep_drawdown_rel_xbi,XS,ineligible,v1.3.0,6e0bf8fb,early|none|pos,0.023322922839506172,,drug_developer,263,0.023322922839506172
MAZE,"Maze Therapeutics, Inc.",,D,ineligible,D,ineligible,,0.831761,0.18956,-0.6618,1.0159,1.0352,,,no_upcoming,9,tailwind,,XS,ineligible,v1.3.0,6e0bf8fb,early|none|pos,0.023322922839506172,,drug_developer,265,0.023322922839506172
OABI,"OmniAb, Inc.",,D,ineligible,D,ineligible,,0.834906,0.491758,-2.285,0.0718,0.0639,,,no_upcoming,9,headwind,deep_drawdown|deep_drawdown_rel_xbi,XS,ineligible,v1.3.0,6e0bf8fb,early|none|pos,0.023322922839506172,,drug_developer,266,0.023322922839506172
PRLD,Prelude Therapeutics Incorporated,,D,ineligible,D,ineligible,,0.83805,0.019231,-0.5659,1.5674,1.6027,,,no_upcoming,9,tailwind,deep_drawdown|deep_drawdown_rel_xbi,XS,ineligible,v1.3.0,6e0bf8fb,early|none|pos,0.023322922839506172,,drug_developer,267,0.023322922839506172
ACRV,"Acrivon Therapeutics, Inc.",,D,ineligible,D,ineligible,,0.84434,0.799451,-1.3648,-1.0747,-1.1159,,197,specific_days,3,headwind,deep_drawdown|deep_drawdown_rel_xbi,XS,ineligible,v1.3.0,6e0bf8fb,mid|near_181_270|nonpos,0.00506,,drug_developer,269,0.00506
BCAX,Bicara Therapeutics Inc.,,D,ineligible,D,ineligible,,0.869497,0.35989,-2.0998,0.5369,0.5424,,338,specific_days,9,neutral,,XS,ineligible,v1.3.0,6e0bf8fb,early|far_271_540|pos,0.0,,drug_developer,277,0.0
CATX,"Perspective Therapeutics, Inc.",,D,ineligible,,,D,0.878931,,-0.6401,,,0.643382,93,specific_days,3,headwind,deep_drawdown|deep_drawdown_rel_xbi,XS,ineligible,v1.3.0,6e0bf8fb,early|near_91_180|nonpos,0.0,,platform_devices,280,0.0
CRBU,"Caribou Biosciences, Inc.",,D,ineligible,D,ineligible,,0.891509,0.398352,-0.7094,0.454,0.4571,,673,specific_days,9,headwind,high_beta|deep_drawdown|deep_drawdown_rel_xbi,XS,ineligible,v1.3.0,6e0bf8fb,early|far_271_540|pos,0.0,,drug_developer,284,0.0
IMRX,Immuneering Corporation,,D,ineligible,D,ineligible,,0.907233,0.101648,-0.642,1.3663,1.3957,,125,specific_days,3,headwind,high_beta|deep_drawdown|deep_drawdown_rel_xbi,XS,ineligible,v1.3.0,6e0bf8fb,early|near_91_180|pos,0.0,,drug_developer,289,0.0
JANX,"Janux Therapeutics, Inc.",,D,ineligible,D,ineligible,,0.910377,0.266484,-0.6743,0.7857,0.7984,,247,specific_days,3,headwind,high_vol|high_beta|deep_drawdown|deep_drawdown_rel_xbi,XS,ineligible,v1.3.0,6e0bf8fb,early|near_181_270|pos,0.0,,drug_developer,290,0.0
JBIO,"Jade Biosciences, Inc.",,D,ineligible,D,ineligible,,0.913522,0.497253,-2.0643,0.0679,0.0598,,247,specific_days,3,tailwind,deep_drawdown|deep_drawdown_rel_xbi,XS,ineligible,v1.3.0,6e0bf8fb,early|near_181_270|pos,0.0,,drug_developer,291,0.0
PYXS,"Pyxis Oncology, Inc.",,D,ineligible,D,ineligible,,0.926101,0.315934,-1.6177,0.6613,0.6704,,94,specific_days,3,headwind,high_vol|deep_drawdown|deep_drawdown_rel_xbi,XS,ineligible,v1.3.0,6e0bf8fb,early|near_91_180|pos,0.0,,drug_developer,295,0.0
RANI,"Rani Therapeutics Holdings, Inc",,D,ineligible,D,ineligible,,0.929245,0.063187,-0.6342,1.5322,1.5664,,33,specific_days,3,tailwind,high_vol|deep_drawdown|deep_drawdown_rel_xbi,XS,ineligible,v1.3.0,6e0bf8fb,early|near_31_90|pos,0.0,,drug_developer,296,0.0
SEPN,"Septerna, Inc.",,D,ineligible,D,ineligible,,0.935535,0.53022,-1.1716,-0.0496,-0.0611,,33,specific_days,3,tailwind,,XS,ineligible,v1.3.0,6e0bf8fb,early|near_31_90|nonpos,0.0,,drug_developer,298,0.0
TCRX,"TScan Therapeutics, Inc.",,D,ineligible,D,ineligible,,0.944969,0.112637,-0.6513,1.2834,1.3104,,125,specific_days,3,headwind,high_beta|deep_drawdown|deep_drawdown_rel_xbi,XS,ineligible,v1.3.0,6e0bf8fb,early|near_91_180|pos,0.0,,drug_developer,301,0.0
TNYA,"Tenaya Therapeutics, Inc.",,D,ineligible,D,ineligible,,0.951258,0.42033,-1.6415,0.4125,0.4144,,94,specific_days,3,headwind,high_beta|deep_drawdown|deep_drawdown_rel_xbi,XS,ineligible,v1.3.0,6e0bf8fb,early|near_91_180|pos,0.0,,drug_developer,303,0.0
QURE,uniQure N.V.,,D,ineligible,D,ineligible,,0.960692,0.129121,-0.0143,1.223,1.2484,,246,specific_days,3,headwind,high_vol|deep_drawdown|deep_drawdown_rel_xbi,XS,ineligible,v1.3.0,6e0bf8fb,mid|near_181_270|pos,-0.0007759772727272727,,drug_developer,306,-0.0007759772727272727
SGMO,"Sangamo Therapeutics, Inc.",,D,ineligible,D,ineligible,,0.963836,0.052198,0.015,1.5555,1.5905,,209,specific_days,3,headwind,deep_drawdown|deep_drawdown_rel_xbi,XS,ineligible,v1.3.0,6e0bf8fb,mid|near_181_270|pos,-0.0007759772727272727,,drug_developer,307,-0.0007759772727272727
CCCC,"C4 Therapeutics, Inc.",,D,ineligible,D,ineligible,,0.970126,0.662088,-0.0749,-0.6161,-0.6439,,63,specific_days,3,headwind,deep_drawdown|deep_drawdown_rel_xbi,XS,ineligible,v1.3.0,6e0bf8fb,mid|near_31_90|nonpos,-0.00679275,,drug_developer,309,-0.00679275
ALLO,"Allogene Therapeutics, Inc.",,D,ineligible,D,ineligible,,0.976415,0.645604,-0.0742,-0.5351,-0.5607,,582,specific_days,9,tailwind,deep_drawdown|deep_drawdown_rel_xbi,XS,ineligible,v1.3.0,6e0bf8fb,mid|far_271_540|nonpos,-0.012862136363636364,,drug_developer,311,-0.012862136363636364
CNTX,Context Therapeutics Inc.,,D,ineligible,D,ineligible,,0.982704,0.771978,-0.0823,-1.0015,-1.0405,,308,specific_days,9,tailwind,overbought_rsi,XS,ineligible,v1.3.0,6e0bf8fb,mid|far_271_540|nonpos,-0.012862136363636364,,drug_developer,313,-0.012862136363636364
