ticker,dd_stored,dd_recomputed,dd_diff,dd_verdict,dd_source,dd_xbi_stored,dd_xbi_recomputed,dd_xbi_diff,dd_xbi_verdict,dd_rel_stored,dd_rel_recomputed,dd_rel_diff,dd_rel_verdict,rsi_stored,rsi_recomputed,rsi_diff,rsi_verdict,beta_stored,beta_recomputed,beta_missing_reason,beta_diff,beta_verdict,alpha_stored,alpha_recomputed,alpha_missing_reason,alpha_diff,alpha_verdict
IRON,-0.319945,-0.319945,0.0,OK,price_csv,-0.050772,-0.050772,0.0,OK,-0.269173,-0.269173,0.0,OK,38.1575,38.1575,0.0,OK,0.8183,0.8183,,0.0,OK,-0.374122,-0.374122,,0.0,OK
NMRA,-0.060891,-0.060891,0.0,OK,price_csv,-0.050772,-0.050772,0.0,OK,-0.010119,-0.010119,0.0,OK,72.8754,72.8754,0.0,OK,1.3408,1.3408,,0.0,OK,0.293417,0.293417,,0.0,OK
PVLA,-0.280875,-0.280875,0.0,OK,price_csv,-0.050772,-0.050772,0.0,OK,-0.230103,-0.230103,0.0,OK,42.1363,42.1363,0.0,OK,1.5275,1.5275,,0.0,OK,-0.297122,-0.297122,,0.0,OK
RNA,-0.001645,-0.001645,0.0,OK,price_csv,-0.050772,-0.050772,0.0,OK,0.049127,0.049127,0.0,OK,62.1085,62.1085,0.0,OK,0.0471,0.0471,,0.0,OK,0.025826,0.025826,,0.0,OK
ALMS,0.0,0.0,0.0,OK,price_csv,-0.050772,-0.050772,0.0,OK,0.050772,0.050772,0.0,OK,73.1384,73.1384,0.0,OK,2.0181,2.0181,,0.0,OK,3.112343,3.112343,,0.0,OK
PRAX,-0.031299,-0.031299,0.0,OK,price_csv,-0.050772,-0.050772,0.0,OK,0.019473,0.019473,0.0,OK,57.023,57.023,0.0,OK,0.7773,0.7773,,0.0,OK,0.887039,0.887039,,0.0,OK
ZBIO,-0.38499,-0.38499,0.0,OK,price_csv,-0.050772,-0.050772,0.0,OK,-0.334218,-0.334218,0.0,OK,58.8643,58.8643,0.0,OK,1.5412,1.5412,,0.0,OK,-0.393286,-0.393286,,0.0,OK
SYRE,0.0,0.0,0.0,OK,price_csv,-0.050772,-0.050772,0.0,OK,0.050772,0.050772,0.0,OK,63.7722,63.7722,0.0,OK,1.2632,1.2632,,0.0,OK,0.44703,0.44703,,0.0,OK
IMVT,-0.045389,-0.045389,0.0,OK,price_csv,-0.050772,-0.050772,0.0,OK,0.005383,0.005383,0.0,OK,51.5741,51.5741,0.0,OK,1.2649,1.2649,,0.0,OK,0.026084,0.026084,,0.0,OK
PHVS,-0.084284,-0.084284,0.0,OK,price_csv,-0.050772,-0.050772,0.0,OK,-0.033512,-0.033512,0.0,OK,51.5878,51.5878,0.0,OK,1.5214,1.5214,,0.0,OK,-0.042188,-0.042188,,0.0,OK
RVMD,-0.184798,-0.184798,0.0,OK,price_csv,-0.050772,-0.050772,0.0,OK,-0.134026,-0.134026,0.0,OK,53.4299,53.4299,0.0,OK,1.1963,1.1963,,0.0,OK,0.317459,0.317459,,0.0,OK
KURA,-0.2986,-0.2986,0.0,OK,price_csv,-0.050772,-0.050772,0.0,OK,-0.247828,-0.247828,0.0,OK,49.4358,49.4358,0.0,OK,1.7258,1.7258,,0.0,OK,-0.398446,-0.398446,,0.0,OK
PEPG,-0.106695,-0.106695,0.0,OK,price_csv,-0.050772,-0.050772,0.0,OK,-0.055923,-0.055923,0.0,OK,57.555,57.555,0.0,OK,1.3093,1.3093,,0.0,OK,0.126383,0.126383,,0.0,OK
ORKA,-0.098227,-0.098227,0.0,OK,price_csv,-0.050772,-0.050772,0.0,OK,-0.047455,-0.047455,0.0,OK,47.5857,47.5857,0.0,OK,1.5433,1.5433,,0.0,OK,0.031554,0.031554,,0.0,OK
SION,-0.15063,-0.15063,0.0,OK,price_csv,-0.050772,-0.050772,0.0,OK,-0.099858,-0.099858,0.0,OK,45.2557,45.2557,0.0,OK,1.7621,1.7621,,0.0,OK,-0.207395,-0.207395,,0.0,OK
VRDN,-0.169627,-0.169627,0.0,OK,price_csv,-0.050772,-0.050772,0.0,OK,-0.118855,-0.118855,0.0,OK,32.5602,32.5602,0.0,OK,0.6649,0.6649,,0.0,OK,-0.115201,-0.115201,,0.0,OK
DNTH,-0.07773,-0.07773,0.0,OK,price_csv,-0.050772,-0.050772,0.0,OK,-0.026958,-0.026958,0.0,OK,52.6194,52.6194,0.0,OK,1.3118,1.3118,,0.0,OK,0.086895,0.086895,,0.0,OK
COGT,-0.09867,-0.09867,0.0,OK,price_csv,-0.050772,-0.050772,0.0,OK,-0.047898,-0.047898,0.0,OK,52.7864,52.7864,0.0,OK,1.1302,1.1302,,0.0,OK,-0.020111,-0.020111,,0.0,OK
CGON,-0.027044,-0.027044,0.0,OK,price_csv,-0.050772,-0.050772,0.0,OK,0.023728,0.023728,0.0,OK,60.8974,60.8974,0.0,OK,1.2714,1.2714,,0.0,OK,0.237242,0.237242,,0.0,OK
OCGN,-0.209424,-0.209424,0.0,OK,price_csv,-0.050772,-0.050772,0.0,OK,-0.158652,-0.158652,0.0,OK,53.2016,53.2016,0.0,OK,0.9695,0.9695,,0.0,OK,0.262642,0.262642,,0.0,OK
KOD,-0.12323,-0.12323,0.0,OK,price_csv,-0.050772,-0.050772,0.0,OK,-0.072458,-0.072458,0.0,OK,59.2337,59.2337,0.0,OK,1.8433,1.8433,,0.0,OK,0.205226,0.205226,,0.0,OK
FDMT,-0.259169,-0.259169,0.0,OK,price_csv,-0.050772,-0.050772,0.0,OK,-0.208397,-0.208397,0.0,OK,53.2875,53.2875,0.0,OK,1.9424,1.9424,,0.0,OK,-0.316668,-0.316668,,0.0,OK
CLYM,-0.067591,-0.067591,0.0,OK,price_csv,-0.050772,-0.050772,0.0,OK,-0.016819,-0.016819,0.0,OK,56.0403,56.0403,0.0,OK,1.813,1.813,,0.0,OK,1.92709,1.92709,,0.0,OK
VERA,-0.239357,-0.239357,0.0,OK,price_csv,-0.050772,-0.050772,0.0,OK,-0.188585,-0.188585,0.0,OK,43.5042,43.5042,0.0,OK,1.4818,1.4818,,0.0,OK,0.370022,0.370022,,0.0,OK
NUVL,-0.080007,-0.080007,0.0,OK,price_csv,-0.050772,-0.050772,0.0,OK,-0.029235,-0.029235,0.0,OK,49.2686,49.2686,0.0,OK,1.1591,1.1591,,0.0,OK,-0.162935,-0.162935,,0.0,OK
CRSP,-0.308674,-0.308674,0.0,OK,price_csv,-0.050772,-0.050772,0.0,OK,-0.257902,-0.257902,0.0,OK,51.8451,51.8451,0.0,OK,1.4837,1.4837,,0.0,OK,-0.072653,-0.072653,,0.0,OK
OLMA,-0.350405,-0.350405,0.0,OK,price_csv,-0.050772,-0.050772,0.0,OK,-0.299633,-0.299633,0.0,OK,41.0528,41.0528,0.0,OK,1.067,1.067,,0.0,OK,-0.050071,-0.050071,,0.0,OK
IBRX,-0.100703,-0.100703,0.0,OK,price_csv,-0.050772,-0.050772,0.0,OK,-0.049931,-0.049931,0.0,OK,64.0862,64.0862,0.0,OK,1.2029,1.2029,,0.0,OK,2.680737,2.680737,,0.0,OK
ADCT,-0.115551,-0.115551,0.0,OK,price_csv,-0.050772,-0.050772,0.0,OK,-0.064779,-0.064779,0.0,OK,57.87,57.87,0.0,OK,0.4149,0.4149,,0.0,OK,-0.015503,-0.015503,,0.0,OK
ARTV,-0.315873,-0.315873,0.0,OK,price_csv,-0.050772,-0.050772,0.0,OK,-0.265101,-0.265101,0.0,OK,52.9495,52.9495,0.0,OK,1.2778,1.2778,,0.0,OK,0.230829,0.230829,,0.0,OK
CNTA,-0.175945,-0.175945,0.0,OK,price_csv,-0.050772,-0.050772,0.0,OK,-0.125173,-0.125173,0.0,OK,52.3237,52.3237,0.0,OK,0.6389,0.6389,,0.0,OK,-0.169425,-0.169425,,0.0,OK
CELC,-0.094542,-0.094542,0.0,OK,price_csv,-0.050772,-0.050772,0.0,OK,-0.04377,-0.04377,0.0,OK,49.2771,49.2771,0.0,OK,1.0458,1.0458,,0.0,OK,0.024006,0.024006,,0.0,OK
ABVX,-0.090427,-0.090427,0.0,OK,price_csv,-0.050772,-0.050772,0.0,OK,-0.039655,-0.039655,0.0,OK,65.8981,65.8981,0.0,OK,1.1927,1.1927,,0.0,OK,-0.044788,-0.044788,,0.0,OK
CYTK,-0.025092,-0.025092,0.0,OK,price_csv,-0.050772,-0.050772,0.0,OK,0.02568,0.02568,0.0,OK,55.7007,55.7007,0.0,OK,0.9915,0.9915,,0.0,OK,-0.053636,-0.053636,,0.0,OK
KYTX,-0.284658,-0.284658,0.0,OK,price_csv,-0.050772,-0.050772,0.0,OK,-0.233886,-0.233886,0.0,OK,46.1935,46.1935,0.0,OK,2.3995,2.3995,,0.0,OK,-0.201528,-0.201528,,0.0,OK
PTGX,-0.134137,-0.134137,0.0,OK,price_csv,-0.050772,-0.050772,0.0,OK,-0.083365,-0.083365,0.0,OK,48.1128,48.1128,0.0,OK,0.7818,0.7818,,0.0,OK,-0.098277,-0.098277,,0.0,OK
DNLI,-0.14752,-0.14752,0.0,OK,price_csv,-0.050772,-0.050772,0.0,OK,-0.096748,-0.096748,0.0,OK,48.6268,48.6268,0.0,OK,1.3501,1.3501,,0.0,OK,-0.006394,-0.006394,,0.0,OK
VIR,-0.223858,-0.223858,0.0,OK,price_csv,-0.050772,-0.050772,0.0,OK,-0.173086,-0.173086,0.0,OK,57.4434,57.4434,0.0,OK,1.7463,1.7463,,0.0,OK,0.198987,0.198987,,0.0,OK
XENE,-0.072266,-0.072266,0.0,OK,price_csv,-0.050772,-0.050772,0.0,OK,-0.021494,-0.021494,0.0,OK,54.6458,54.6458,0.0,OK,0.8928,0.8928,,0.0,OK,-0.028403,-0.028403,,0.0,OK
CLDX,-0.224161,-0.224161,0.0,OK,price_csv,-0.050772,-0.050772,0.0,OK,-0.173389,-0.173389,0.0,OK,39.5766,39.5766,0.0,OK,1.3733,1.3733,,0.0,OK,-0.2162,-0.2162,,0.0,OK
FATE,-0.216316,-0.216316,0.0,OK,price_csv,-0.050772,-0.050772,0.0,OK,-0.165544,-0.165544,0.0,OK,61.9837,61.9837,0.0,OK,1.7259,1.7259,,0.0,OK,0.166143,0.166143,,0.0,OK
INBX,-0.110897,-0.110897,0.0,OK,price_csv,-0.050772,-0.050772,0.0,OK,-0.060125,-0.060125,0.0,OK,55.5291,55.5291,0.0,OK,0.9032,0.9032,,0.0,OK,-0.049703,-0.049703,,0.0,OK
CRVS,-0.317006,-0.317006,0.0,OK,price_csv,-0.050772,-0.050772,0.0,OK,-0.266234,-0.266234,0.0,OK,50.0896,50.0896,0.0,OK,2.2692,2.2692,,0.0,OK,0.819461,0.819461,,0.0,OK
AARD,-0.291499,-0.291499,0.0,OK,price_csv,-0.050772,-0.050772,0.0,OK,-0.240727,-0.240727,0.0,OK,43.0763,43.0763,0.0,OK,1.5107,1.5107,,0.0,OK,0.155793,0.155793,,0.0,OK
RAPP,-0.073824,-0.073824,0.0,OK,price_csv,-0.050772,-0.050772,0.0,OK,-0.023052,-0.023052,0.0,OK,59.5552,59.5552,0.0,OK,1.4637,1.4637,,0.0,OK,-0.047157,-0.047157,,0.0,OK
CTMX,-0.106732,-0.106732,0.0,OK,price_csv,-0.050772,-0.050772,0.0,OK,-0.05596,-0.05596,0.0,OK,53.2191,53.2191,0.0,OK,1.4425,1.4425,,0.0,OK,0.297578,0.297578,,0.0,OK
IMMP,-0.105346,-0.105346,0.0,OK,price_csv,-0.050772,-0.050772,0.0,OK,-0.054574,-0.054574,0.0,OK,52.3156,52.3156,0.0,OK,0.6426,0.6426,,0.0,OK,0.618663,0.618663,,0.0,OK
RAPT,-0.000346,-0.000346,0.0,OK,price_csv,-0.050772,-0.050772,0.0,OK,0.050426,0.050426,0.0,OK,78.5185,78.5185,0.0,OK,1.1813,1.1813,,0.0,OK,1.000436,1.000436,,0.0,OK
BCAX,-0.21978,-0.21978,0.0,OK,price_csv,-0.050772,-0.050772,0.0,OK,-0.169008,-0.169008,0.0,OK,41.812,41.812,0.0,OK,1.5169,1.5169,,0.0,OK,-0.231384,-0.231384,,0.0,OK
WVE,-0.387142,-0.387142,0.0,OK,price_csv,-0.050772,-0.050772,0.0,OK,-0.33637,-0.33637,0.0,OK,45.983,45.983,0.0,OK,1.1724,1.1724,,0.0,OK,0.813784,0.813784,,0.0,OK
APGE,-0.164261,-0.164261,0.0,OK,price_csv,-0.050772,-0.050772,0.0,OK,-0.113489,-0.113489,0.0,OK,47.8431,47.8431,0.0,OK,0.9668,0.9668,,0.0,OK,-0.010338,-0.010338,,0.0,OK
CLLS,-0.262617,-0.262617,0.0,OK,price_csv,-0.050772,-0.050772,0.0,OK,-0.211845,-0.211845,0.0,OK,49.8209,49.8209,0.0,OK,1.1301,1.1301,,0.0,OK,-0.288591,-0.288591,,0.0,OK
TECX,-0.321054,-0.321054,0.0,OK,price_csv,-0.050772,-0.050772,0.0,OK,-0.270282,-0.270282,0.0,OK,49.9709,49.9709,0.0,OK,1.3389,1.3389,,0.0,OK,0.048881,0.048881,,0.0,OK
NAUT,-0.04461,-0.04461,0.0,OK,price_csv,-0.050772,-0.050772,0.0,OK,0.006162,0.006162,0.0,OK,64.9252,64.9252,0.0,OK,1.5927,1.5927,,0.0,OK,0.054598,0.054598,,0.0,OK
KALV,-0.082791,-0.082791,0.0,OK,price_csv,-0.050772,-0.050772,0.0,OK,-0.032019,-0.032019,0.0,OK,52.1677,52.1677,0.0,OK,1.3668,1.3668,,0.0,OK,0.053481,0.053481,,0.0,OK
SLDB,-0.176803,-0.176803,0.0,OK,price_csv,-0.050772,-0.050772,0.0,OK,-0.126031,-0.126031,0.0,OK,45.187,45.187,0.0,OK,1.7888,1.7888,,0.0,OK,0.124636,0.124636,,0.0,OK
TSHA,-0.213198,-0.213198,0.0,OK,price_csv,-0.050772,-0.050772,0.0,OK,-0.162426,-0.162426,0.0,OK,47.8344,47.8344,0.0,OK,1.9034,1.9034,,0.0,OK,-0.026434,-0.026434,,0.0,OK
PCVX,-0.333493,-0.333493,0.0,OK,price_csv,-0.050772,-0.050772,0.0,OK,-0.282721,-0.282721,0.0,OK,58.2365,58.2365,0.0,OK,1.3058,1.3058,,0.0,OK,0.033899,0.033899,,0.0,OK
ZVRA,-0.316654,-0.316654,0.0,OK,price_csv,-0.050772,-0.050772,0.0,OK,-0.265882,-0.265882,0.0,OK,50.6397,50.6397,0.0,OK,0.6533,0.6533,,0.0,OK,-0.100102,-0.100102,,0.0,OK
ACLX,-0.260961,-0.260961,0.0,OK,price_csv,-0.050772,-0.050772,0.0,OK,-0.210189,-0.210189,0.0,OK,48.9074,48.9074,0.0,OK,0.4515,0.4515,,0.0,OK,-0.283366,-0.283366,,0.0,OK
MRSN,-0.163165,-0.163165,0.0,OK,price_csv,-0.050772,-0.050772,0.0,OK,-0.112393,-0.112393,0.0,OK,78.0543,78.0543,0.0,OK,-2.6923,-2.6923,,0.0,OK,2.609916,2.609916,,0.0,OK
LYEL,-0.363858,-0.363858,0.0,OK,price_csv,-0.050772,-0.050772,0.0,OK,-0.313086,-0.313086,0.0,OK,47.825,47.825,0.0,OK,1.7082,1.7082,,0.0,OK,0.23661,0.23661,,0.0,OK
LQDA,-0.22893,-0.22893,0.0,OK,price_csv,-0.050772,-0.050772,0.0,OK,-0.178158,-0.178158,0.0,OK,42.0679,42.0679,0.0,OK,1.0548,1.0548,,0.0,OK,0.152613,0.152613,,0.0,OK
LBRX,,,,BOTH_MISSING,no_data,-0.050772,-0.050772,0.0,OK,,,,BOTH_MISSING,57.886,57.886,0.0,OK,0.3779,0.3779,,0.0,OK,0.483127,0.483127,,0.0,OK
ABUS,-0.160606,-0.160606,0.0,OK,price_csv,-0.050772,-0.050772,0.0,OK,-0.109834,-0.109834,0.0,OK,48.9996,48.9996,0.0,OK,1.074,1.074,,0.0,OK,-0.118965,-0.118965,,0.0,OK
AVBP,-0.157539,-0.157539,0.0,OK,price_csv,-0.050772,-0.050772,0.0,OK,-0.106767,-0.106767,0.0,OK,56.3266,56.3266,0.0,OK,1.3999,1.3999,,0.0,OK,0.0092,0.0092,,0.0,OK
FULC,-0.209589,-0.209589,0.0,OK,price_csv,-0.050772,-0.050772,0.0,OK,-0.158817,-0.158817,0.0,OK,61.2874,61.2874,0.0,OK,0.6176,0.6176,,0.0,OK,-0.01885,-0.01885,,0.0,OK
ERAS,-0.007899,-0.007899,0.0,OK,price_csv,-0.050772,-0.050772,0.0,OK,0.042873,0.042873,0.0,OK,73.9759,73.9759,0.0,OK,1.356,1.356,,0.0,OK,3.381312,3.381312,,0.0,OK
AURA,-0.31634,-0.31634,0.0,OK,price_csv,-0.050772,-0.050772,0.0,OK,-0.265568,-0.265568,0.0,OK,43.6981,43.6981,0.0,OK,1.4549,1.4549,,0.0,OK,-0.169072,-0.169072,,0.0,OK
ATXS,-0.04697,-0.04697,0.0,OK,price_csv,-0.050772,-0.050772,0.0,OK,0.003802,0.003802,0.0,OK,46.0934,46.0934,0.0,OK,0.296,0.296,,0.0,OK,-0.041569,-0.041569,,0.0,OK
SRRK,-0.023149,-0.023149,0.0,OK,price_csv,-0.050772,-0.050772,0.0,OK,0.027623,0.027623,0.0,OK,54.1474,54.1474,0.0,OK,1.4637,1.4637,,0.0,OK,0.084454,0.084454,,0.0,OK
ABEO,-0.274551,-0.274551,0.0,OK,price_csv,-0.050772,-0.050772,0.0,OK,-0.223779,-0.223779,0.0,OK,54.9292,54.9292,0.0,OK,1.1692,1.1692,,0.0,OK,0.125045,0.125045,,0.0,OK
VTYX,-0.004633,-0.004633,0.0,OK,price_csv,-0.050772,-0.050772,0.0,OK,0.046139,0.046139,0.0,OK,72.2034,72.2034,0.0,OK,1.8428,1.8428,,0.0,OK,0.267434,0.267434,,0.0,OK
GLPG,-0.093168,-0.093168,0.0,OK,price_csv,-0.050772,-0.050772,0.0,OK,-0.042396,-0.042396,0.0,OK,53.8163,53.8163,0.0,OK,0.3766,0.3766,,0.0,OK,0.090183,0.090183,,0.0,OK
TBPH,-0.079074,-0.079074,0.0,OK,price_csv,-0.050772,-0.050772,0.0,OK,-0.028302,-0.028302,0.0,OK,46.4917,46.4917,0.0,OK,0.7301,0.7301,,0.0,OK,-0.006549,-0.006549,,0.0,OK
CTNM,-0.043492,-0.043492,0.0,OK,price_csv,-0.050772,-0.050772,0.0,OK,0.00728,0.00728,0.0,OK,61.1426,61.1426,0.0,OK,0.7338,0.7338,,0.0,OK,0.158854,0.158854,,0.0,OK
AGIO,-0.372609,-0.372609,0.0,OK,price_csv,-0.050772,-0.050772,0.0,OK,-0.321837,-0.321837,0.0,OK,55.4509,55.4509,0.0,OK,0.9558,0.9558,,0.0,OK,0.065242,0.065242,,0.0,OK
SLN,-0.347297,-0.347297,0.0,OK,price_csv,-0.050772,-0.050772,0.0,OK,-0.296525,-0.296525,0.0,OK,46.0546,46.0546,0.0,OK,1.0043,1.0043,,0.0,OK,-0.340596,-0.340596,,0.0,OK
TRVI,-0.277699,-0.277699,0.0,OK,price_csv,-0.050772,-0.050772,0.0,OK,-0.226927,-0.226927,0.0,OK,41.0657,41.0657,0.0,OK,1.2903,1.2903,,0.0,OK,-0.169019,-0.169019,,0.0,OK
ENTA,-0.166172,-0.166172,0.0,OK,price_csv,-0.050772,-0.050772,0.0,OK,-0.1154,-0.1154,0.0,OK,56.2028,56.2028,0.0,OK,0.9723,0.9723,,0.0,OK,0.060285,0.060285,,0.0,OK
ACRS,-0.295806,-0.295806,0.0,OK,price_csv,-0.050772,-0.050772,0.0,OK,-0.245034,-0.245034,0.0,OK,44.9973,44.9973,0.0,OK,1.5526,1.5526,,0.0,OK,0.167162,0.167162,,0.0,OK
KYMR,-0.102757,-0.102757,0.0,OK,price_csv,-0.050772,-0.050772,0.0,OK,-0.051985,-0.051985,0.0,OK,64.4003,64.4003,0.0,OK,1.1414,1.1414,,0.0,OK,0.1941,0.1941,,0.0,OK
XNCR,-0.355017,-0.355017,0.0,OK,price_csv,-0.050772,-0.050772,0.0,OK,-0.304245,-0.304245,0.0,OK,40.9713,40.9713,0.0,OK,1.5285,1.5285,,0.0,OK,-0.402857,-0.402857,,0.0,OK
SABS,-0.173034,-0.173034,0.0,OK,price_csv,-0.050772,-0.050772,0.0,OK,-0.122262,-0.122262,0.0,OK,36.4135,36.4135,0.0,OK,0.6127,0.6127,,0.0,OK,-0.093334,-0.093334,,0.0,OK
EWTX,-0.034839,-0.034839,0.0,OK,price_csv,-0.050772,-0.050772,0.0,OK,0.015933,0.015933,0.0,OK,57.0802,57.0802,0.0,OK,1.671,1.671,,0.0,OK,0.176295,0.176295,,0.0,OK
ACIU,-0.364662,-0.364662,0.0,OK,price_csv,-0.050772,-0.050772,0.0,OK,-0.31389,-0.31389,0.0,OK,30.7144,30.7144,0.0,OK,1.2809,1.2809,,0.0,OK,-0.257971,-0.257971,,0.0,OK
ASMB,-0.294805,-0.294805,0.0,OK,price_csv,-0.050772,-0.050772,0.0,OK,-0.244033,-0.244033,0.0,OK,46.1473,46.1473,0.0,OK,1.2317,1.2317,,0.0,OK,-0.384968,-0.384968,,0.0,OK
STRO,-0.079679,-0.079679,0.0,OK,price_csv,-0.050772,-0.050772,0.0,OK,-0.028907,-0.028907,0.0,OK,65.0205,65.0205,0.0,OK,1.9069,1.9069,,0.0,OK,0.832505,0.832505,,0.0,OK
EPRX,-0.142778,-0.142778,0.0,OK,price_csv,-0.050772,-0.050772,0.0,OK,-0.092006,-0.092006,0.0,OK,42.8768,42.8768,0.0,OK,-0.0067,-0.0067,,0.0,OK,0.252688,0.252688,,0.0,OK
DYN,-0.372787,-0.372787,0.0,OK,price_csv,-0.050772,-0.050772,0.0,OK,-0.322015,-0.322015,0.0,OK,33.4142,33.4142,0.0,OK,1.7038,1.7038,,0.0,OK,-0.414523,-0.414523,,0.0,OK
CABA,-0.157895,-0.157895,0.0,OK,price_csv,-0.050772,-0.050772,0.0,OK,-0.107123,-0.107123,0.0,OK,61.887,61.887,0.0,OK,1.2496,1.2496,,0.0,OK,0.288004,0.288004,,0.0,OK
TNGX,-0.038432,-0.038432,0.0,OK,price_csv,-0.050772,-0.050772,0.0,OK,0.01234,0.01234,0.0,OK,56.4034,56.4034,0.0,OK,1.8453,1.8453,,0.0,OK,0.219626,0.219626,,0.0,OK
ALLO,-0.173077,-0.173077,0.0,OK,price_csv,-0.050772,-0.050772,0.0,OK,-0.122305,-0.122305,0.0,OK,65.8087,65.8087,0.0,OK,1.6363,1.6363,,0.0,OK,0.568945,0.568945,,0.0,OK
VYGR,-0.380863,-0.380863,0.0,OK,price_csv,-0.050772,-0.050772,0.0,OK,-0.330091,-0.330091,0.0,OK,31.3592,31.3592,0.0,OK,1.2037,1.2037,,0.0,OK,-0.314478,-0.314478,,0.0,OK
TRDA,-0.158761,-0.158761,0.0,OK,price_csv,-0.050772,-0.050772,0.0,OK,-0.107989,-0.107989,0.0,OK,51.7454,51.7454,0.0,OK,1.0368,1.0368,,0.0,OK,0.094517,0.094517,,0.0,OK
ELVN,-0.112848,-0.112848,0.0,OK,price_csv,-0.050772,-0.050772,0.0,OK,-0.062076,-0.062076,0.0,OK,51.8376,51.8376,0.0,OK,0.3517,0.3517,,0.0,OK,0.191632,0.191632,,0.0,OK
SANA,-0.326858,-0.326858,0.0,OK,price_csv,-0.050772,-0.050772,0.0,OK,-0.276086,-0.276086,0.0,OK,44.1776,44.1776,0.0,OK,2.3172,2.3172,,0.0,OK,0.00019,0.00019,,0.0,OK
ORIC,-0.242887,-0.242887,0.0,OK,price_csv,-0.050772,-0.050772,0.0,OK,-0.192115,-0.192115,0.0,OK,54.1471,54.1471,0.0,OK,1.3838,1.3838,,0.0,OK,-0.189128,-0.189128,,0.0,OK
NKTX,-0.123574,-0.123574,0.0,OK,price_csv,-0.050772,-0.050772,0.0,OK,-0.072802,-0.072802,0.0,OK,60.5808,60.5808,0.0,OK,1.1283,1.1283,,0.0,OK,0.218646,0.218646,,0.0,OK
LCTX,-0.118061,-0.118061,0.0,OK,price_csv,-0.050772,-0.050772,0.0,OK,-0.067289,-0.067289,0.0,OK,52.9117,52.9117,0.0,OK,0.8468,0.8468,,0.0,OK,-0.050261,-0.050261,,0.0,OK
GPCR,-0.284892,-0.284892,0.0,OK,price_csv,-0.050772,-0.050772,0.0,OK,-0.23412,-0.23412,0.0,OK,36.7012,36.7012,0.0,OK,0.9084,0.9084,,0.0,OK,0.861556,0.861556,,0.0,OK
GLUE,-0.27578,-0.27578,0.0,OK,price_csv,-0.050772,-0.050772,0.0,OK,-0.225008,-0.225008,0.0,OK,40.5315,40.5315,0.0,OK,2.1199,2.1199,,0.0,OK,0.1421,0.1421,,0.0,OK
FHTX,-0.152695,-0.152695,0.0,OK,price_csv,-0.050772,-0.050772,0.0,OK,-0.101923,-0.101923,0.0,OK,52.0853,52.0853,0.0,OK,1.1714,1.1714,,0.0,OK,0.115047,0.115047,,0.0,OK
CGEM,-0.050341,-0.050341,0.0,OK,price_csv,-0.050772,-0.050772,0.0,OK,0.000431,0.000431,0.0,OK,58.0177,58.0177,0.0,OK,1.8252,1.8252,,0.0,OK,0.254681,0.254681,,0.0,OK
BEAM,-0.231573,-0.231573,0.0,OK,price_csv,-0.050772,-0.050772,0.0,OK,-0.180801,-0.180801,0.0,OK,46.4459,46.4459,0.0,OK,1.905,1.905,,0.0,OK,0.128865,0.128865,,0.0,OK
BBOT,-0.242535,-0.242535,0.0,OK,price_csv,-0.050772,-0.050772,0.0,OK,-0.191763,-0.191763,0.0,OK,40.9248,40.9248,0.0,OK,0.725,0.725,,0.0,OK,-0.219216,-0.219216,,0.0,OK
BNTX,-0.109756,-0.109756,0.0,OK,price_csv,-0.050772,-0.050772,0.0,OK,-0.058984,-0.058984,0.0,OK,49.2112,49.2112,0.0,OK,0.6477,0.6477,,0.0,OK,0.041348,0.041348,,0.0,OK
DSGN,-0.051789,-0.051789,0.0,OK,price_csv,-0.050772,-0.050772,0.0,OK,-0.001017,-0.001017,0.0,OK,51.3242,51.3242,0.0,OK,1.8054,1.8054,,0.0,OK,0.097572,0.097572,,0.0,OK
TYRA,-0.085034,-0.085034,0.0,OK,price_csv,-0.050772,-0.050772,0.0,OK,-0.034262,-0.034262,0.0,OK,51.4314,51.4314,0.0,OK,1.3631,1.3631,,0.0,OK,0.271658,0.271658,,0.0,OK
MAZE,-0.050806,-0.050806,0.0,OK,price_csv,-0.050772,-0.050772,0.0,OK,-3.4e-05,-3.4e-05,0.0,OK,53.1519,53.1519,0.0,OK,1.2697,1.2697,,0.0,OK,0.162789,0.162789,,0.0,OK
DRUG,-0.172058,-0.172058,0.0,OK,price_csv,-0.050772,-0.050772,0.0,OK,-0.121286,-0.121286,0.0,OK,48.826,48.826,0.0,OK,1.3944,1.3944,,0.0,OK,0.242986,0.242986,,0.0,OK
ABOS,-0.085409,-0.085409,0.0,OK,price_csv,-0.050772,-0.050772,0.0,OK,-0.034637,-0.034637,0.0,OK,58.129,58.129,0.0,OK,1.4749,1.4749,,0.0,OK,0.498778,0.498778,,0.0,OK
EYPT,-0.203183,-0.203183,0.0,OK,price_csv,-0.050772,-0.050772,0.0,OK,-0.152411,-0.152411,0.0,OK,53.6654,53.6654,0.0,OK,1.2105,1.2105,,0.0,OK,-0.020836,-0.020836,,0.0,OK
ALDX,-0.27937,-0.27937,0.0,OK,price_csv,-0.050772,-0.050772,0.0,OK,-0.228598,-0.228598,0.0,OK,46.7727,46.7727,0.0,OK,1.0832,1.0832,,0.0,OK,-0.045753,-0.045753,,0.0,OK
NAMS,-0.169843,-0.169843,0.0,OK,price_csv,-0.050772,-0.050772,0.0,OK,-0.119071,-0.119071,0.0,OK,52.1299,52.1299,0.0,OK,0.9792,0.9792,,0.0,OK,-0.186206,-0.186206,,0.0,OK
URGN,-0.25153,-0.25153,0.0,OK,price_csv,-0.050772,-0.050772,0.0,OK,-0.200758,-0.200758,0.0,OK,55.5652,55.5652,0.0,OK,0.8015,0.8015,,0.0,OK,-0.194311,-0.194311,,0.0,OK
CRNX,-0.234007,-0.234007,0.0,OK,price_csv,-0.050772,-0.050772,0.0,OK,-0.183235,-0.183235,0.0,OK,34.2853,34.2853,0.0,OK,1.0717,1.0717,,0.0,OK,-0.078117,-0.078117,,0.0,OK
ANNX,-0.266523,-0.266523,0.0,OK,price_csv,-0.050772,-0.050772,0.0,OK,-0.215751,-0.215751,0.0,OK,39.5939,39.5939,0.0,OK,1.5478,1.5478,,0.0,OK,0.039544,0.039544,,0.0,OK
TENX,-0.322277,-0.322277,0.0,OK,price_csv,-0.050772,-0.050772,0.0,OK,-0.271505,-0.271505,0.0,OK,43.6208,43.6208,0.0,OK,0.9836,0.9836,,0.0,OK,0.507869,0.507869,,0.0,OK
MESO,-0.196565,-0.196565,0.0,OK,price_csv,-0.050772,-0.050772,0.0,OK,-0.145793,-0.145793,0.0,OK,45.2359,45.2359,0.0,OK,0.8738,0.8738,,0.0,OK,0.087905,0.087905,,0.0,OK
MBX,-0.134678,-0.134678,0.0,OK,price_csv,-0.050772,-0.050772,0.0,OK,-0.083906,-0.083906,0.0,OK,50.7665,50.7665,0.0,OK,2.0813,2.0813,,0.0,OK,0.171279,0.171279,,0.0,OK
VKTX,-0.281302,-0.281302,0.0,OK,price_csv,-0.050772,-0.050772,0.0,OK,-0.23053,-0.23053,0.0,OK,48.1914,48.1914,0.0,OK,1.5609,1.5609,,0.0,OK,-0.27463,-0.27463,,0.0,OK
SVRA,-0.167291,-0.167291,0.0,OK,price_csv,-0.050772,-0.050772,0.0,OK,-0.116519,-0.116519,0.0,OK,52.8204,52.8204,0.0,OK,1.2768,1.2768,,0.0,OK,0.108782,0.108782,,0.0,OK
IMTX,-0.160067,-0.160067,0.0,OK,price_csv,-0.050772,-0.050772,0.0,OK,-0.109295,-0.109295,0.0,OK,51.7617,51.7617,0.0,OK,1.573,1.573,,0.0,OK,-0.171417,-0.171417,,0.0,OK
CVAC,-0.167857,-0.167857,0.0,OK,price_csv,-0.050772,-0.050772,0.0,OK,-0.117085,-0.117085,0.0,OK,47.9642,47.9642,0.0,OK,0.3146,0.3146,,0.0,OK,-0.18581,-0.18581,,0.0,OK
BLTE,-0.051634,-0.051634,0.0,OK,price_csv,-0.050772,-0.050772,0.0,OK,-0.000862,-0.000862,0.0,OK,58.517,58.517,0.0,OK,0.3535,0.3535,,0.0,OK,0.596171,0.596171,,0.0,OK
PGEN,-0.105566,-0.105566,0.0,OK,price_csv,-0.050772,-0.050772,0.0,OK,-0.054794,-0.054794,0.0,OK,50.9092,50.9092,0.0,OK,1.4344,1.4344,,0.0,OK,0.050295,0.050295,,0.0,OK
ANRO,-0.07485,-0.07485,0.0,OK,price_csv,-0.050772,-0.050772,0.0,OK,-0.024078,-0.024078,0.0,OK,60.0827,60.0827,0.0,OK,1.0767,1.0767,,0.0,OK,0.201725,0.201725,,0.0,OK
ROIV,-0.014998,-0.014998,0.0,OK,price_csv,-0.050772,-0.050772,0.0,OK,0.035774,0.035774,0.0,OK,69.0481,69.0481,0.0,OK,1.1798,1.1798,,0.0,OK,0.225683,0.225683,,0.0,OK
NRIX,-0.276199,-0.276199,0.0,OK,price_csv,-0.050772,-0.050772,0.0,OK,-0.225427,-0.225427,0.0,OK,36.7363,36.7363,0.0,OK,1.4197,1.4197,,0.0,OK,-0.129396,-0.129396,,0.0,OK
GHRS,-0.189744,-0.189744,0.0,OK,price_csv,-0.050772,-0.050772,0.0,OK,-0.138972,-0.138972,0.0,OK,52.8418,52.8418,0.0,OK,1.7639,1.7639,,0.0,OK,-0.048409,-0.048409,,0.0,OK
VNDA,-0.314059,-0.314059,0.0,OK,price_csv,-0.050772,-0.050772,0.0,OK,-0.263287,-0.263287,0.0,OK,34.5152,34.5152,0.0,OK,1.6119,1.6119,,0.0,OK,0.087533,0.087533,,0.0,OK
NVAX,-0.120707,-0.120707,0.0,OK,price_csv,-0.050772,-0.050772,0.0,OK,-0.069935,-0.069935,0.0,OK,53.2351,53.2351,0.0,OK,1.1758,1.1758,,0.0,OK,0.281006,0.281006,,0.0,OK
VRTX,-0.089653,-0.089653,0.0,OK,price_csv,-0.050772,-0.050772,0.0,OK,-0.038881,-0.038881,0.0,OK,50.3948,50.3948,0.0,OK,0.5989,0.5989,,0.0,OK,0.04709,0.04709,,0.0,OK
REGN,-0.037118,-0.037118,0.0,OK,price_csv,-0.050772,-0.050772,0.0,OK,0.013654,0.013654,0.0,OK,53.9003,53.9003,0.0,OK,0.553,0.553,,0.0,OK,0.005483,0.005483,,0.0,OK
RYTM,-0.146574,-0.146574,0.0,OK,price_csv,-0.050772,-0.050772,0.0,OK,-0.095802,-0.095802,0.0,OK,45.3388,45.3388,0.0,OK,1.1653,1.1653,,0.0,OK,-0.120235,-0.120235,,0.0,OK
SNY,-0.183461,-0.183461,0.0,OK,price_csv,-0.050772,-0.050772,0.0,OK,-0.132689,-0.132689,0.0,OK,44.4226,44.4226,0.0,OK,0.2143,0.2143,,0.0,OK,-0.071303,-0.071303,,0.0,OK
TECH,-0.188848,-0.188848,0.0,OK,price_csv,-0.050772,-0.050772,0.0,OK,-0.138076,-0.138076,0.0,OK,34.814,34.814,0.0,OK,0.4954,0.4954,,0.0,OK,-0.064065,-0.064065,,0.0,OK
AZN,-0.013175,-0.013175,0.0,OK,price_csv,-0.050772,-0.050772,0.0,OK,0.037597,0.037597,0.0,OK,82.7928,82.7928,0.0,OK,-1.0429,-1.0429,,0.0,OK,1.436194,1.436194,,0.0,OK
HALO,-0.122615,-0.122615,0.0,OK,price_csv,-0.050772,-0.050772,0.0,OK,-0.071843,-0.071843,0.0,OK,42.4824,42.4824,0.0,OK,0.545,0.545,,0.0,OK,-0.021584,-0.021584,,0.0,OK
MNKD,-0.120773,-0.120773,0.0,OK,price_csv,-0.050772,-0.050772,0.0,OK,-0.070001,-0.070001,0.0,OK,43.5335,43.5335,0.0,OK,0.7078,0.7078,,0.0,OK,0.027251,0.027251,,0.0,OK
ARDX,-0.151564,-0.151564,0.0,OK,price_csv,-0.050772,-0.050772,0.0,OK,-0.100792,-0.100792,0.0,OK,42.952,42.952,0.0,OK,0.5697,0.5697,,0.0,OK,0.16402,0.16402,,0.0,OK
VCEL,-0.346833,-0.346833,0.0,OK,price_csv,-0.050772,-0.050772,0.0,OK,-0.296061,-0.296061,0.0,OK,55.2613,55.2613,0.0,OK,0.614,0.614,,0.0,OK,-0.064793,-0.064793,,0.0,OK
TARS,-0.234941,-0.234941,0.0,OK,price_csv,-0.050772,-0.050772,0.0,OK,-0.184169,-0.184169,0.0,OK,36.8446,36.8446,0.0,OK,0.7461,0.7461,,0.0,OK,-0.255183,-0.255183,,0.0,OK
ALKS,-0.104074,-0.104074,0.0,OK,price_csv,-0.050772,-0.050772,0.0,OK,-0.053302,-0.053302,0.0,OK,45.0586,45.0586,0.0,OK,0.6964,0.6964,,0.0,OK,0.068865,0.068865,,0.0,OK
AXSM,-0.03358,-0.03358,0.0,OK,price_csv,-0.050772,-0.050772,0.0,OK,0.017192,0.017192,0.0,OK,54.222,54.222,0.0,OK,0.6445,0.6445,,0.0,OK,0.210247,0.210247,,0.0,OK
INCY,-0.089536,-0.089536,0.0,OK,price_csv,-0.050772,-0.050772,0.0,OK,-0.038764,-0.038764,0.0,OK,46.6472,46.6472,0.0,OK,0.7099,0.7099,,0.0,OK,-0.082264,-0.082264,,0.0,OK
NBIX,-0.172782,-0.172782,0.0,OK,price_csv,-0.050772,-0.050772,0.0,OK,-0.12201,-0.12201,0.0,OK,39.8676,39.8676,0.0,OK,0.6907,0.6907,,0.0,OK,-0.143297,-0.143297,,0.0,OK
JAZZ,-0.066418,-0.066418,0.0,OK,price_csv,-0.050772,-0.050772,0.0,OK,-0.015646,-0.015646,0.0,OK,55.8567,55.8567,0.0,OK,0.5023,0.5023,,0.0,OK,-0.089634,-0.089634,,0.0,OK
ARGX,-0.103129,-0.103129,0.0,OK,price_csv,-0.050772,-0.050772,0.0,OK,-0.052357,-0.052357,0.0,OK,49.9401,49.9401,0.0,OK,0.3524,0.3524,,0.0,OK,-0.1278,-0.1278,,0.0,OK
INDV,-0.06694,-0.06694,0.0,OK,price_csv,-0.050772,-0.050772,0.0,OK,-0.016168,-0.016168,0.0,OK,48.4658,48.4658,0.0,OK,0.2077,0.2077,,0.0,OK,0.053979,0.053979,,0.0,OK
ESPR,-0.134804,-0.134804,0.0,OK,price_csv,-0.050772,-0.050772,0.0,OK,-0.084032,-0.084032,0.0,OK,53.4112,53.4112,0.0,OK,1.4025,1.4025,,0.0,OK,0.055249,0.055249,,0.0,OK
SUPN,-0.112018,-0.112018,0.0,OK,price_csv,-0.050772,-0.050772,0.0,OK,-0.061246,-0.061246,0.0,OK,52.9404,52.9404,0.0,OK,0.5109,0.5109,,0.0,OK,0.078557,0.078557,,0.0,OK
GILD,-0.02792,-0.02792,0.0,OK,price_csv,-0.050772,-0.050772,0.0,OK,0.022852,0.022852,0.0,OK,63.2004,63.2004,0.0,OK,0.2867,0.2867,,0.0,OK,0.190803,0.190803,,0.0,OK
KMDA,-0.050661,-0.050661,0.0,OK,price_csv,-0.050772,-0.050772,0.0,OK,0.000111,0.000111,0.0,OK,57.9472,57.9472,0.0,OK,0.2598,0.2598,,0.0,OK,0.264233,0.264233,,0.0,OK
MIRM,-0.005121,-0.005121,0.0,OK,price_csv,-0.050772,-0.050772,0.0,OK,0.045651,0.045651,0.0,OK,68.9095,68.9095,0.0,OK,0.911,0.911,,0.0,OK,0.425096,0.425096,,0.0,OK
EXEL,-0.051598,-0.051598,0.0,OK,price_csv,-0.050772,-0.050772,0.0,OK,-0.000826,-0.000826,0.0,OK,54.4802,54.4802,0.0,OK,0.7743,0.7743,,0.0,OK,-0.020001,-0.020001,,0.0,OK
ACAD,-0.159658,-0.159658,0.0,OK,price_csv,-0.050772,-0.050772,0.0,OK,-0.108886,-0.108886,0.0,OK,43.5825,43.5825,0.0,OK,0.7744,0.7744,,0.0,OK,-0.048359,-0.048359,,0.0,OK
BMRN,-0.158177,-0.158177,0.0,OK,price_csv,-0.050772,-0.050772,0.0,OK,-0.107405,-0.107405,0.0,OK,64.7378,64.7378,0.0,OK,0.6848,0.6848,,0.0,OK,0.099232,0.099232,,0.0,OK
IRWD,-0.134508,-0.134508,0.0,OK,price_csv,-0.050772,-0.050772,0.0,OK,-0.083736,-0.083736,0.0,OK,52.4372,52.4372,0.0,OK,0.5588,0.5588,,0.0,OK,0.415286,0.415286,,0.0,OK
CHRS,-0.360558,-0.360558,0.0,OK,price_csv,-0.050772,-0.050772,0.0,OK,-0.309786,-0.309786,0.0,OK,39.7912,39.7912,0.0,OK,0.4584,0.4584,,0.0,OK,0.412888,0.412888,,0.0,OK
ONC,-0.053408,-0.053408,0.0,OK,price_csv,-0.050772,-0.050772,0.0,OK,-0.002636,-0.002636,0.0,OK,59.9638,59.9638,0.0,OK,0.3558,0.3558,,0.0,OK,-0.012901,-0.012901,,0.0,OK
EBS,-0.232374,-0.232374,0.0,OK,price_csv,-0.050772,-0.050772,0.0,OK,-0.181602,-0.181602,0.0,OK,39.7539,39.7539,0.0,OK,1.5942,1.5942,,0.0,OK,0.014427,0.014427,,0.0,OK
INSM,-0.263185,-0.263185,0.0,OK,price_csv,-0.050772,-0.050772,0.0,OK,-0.212413,-0.212413,0.0,OK,47.8667,47.8667,0.0,OK,0.4988,0.4988,,0.0,OK,-0.270021,-0.270021,,0.0,OK
AMGN,-0.019359,-0.019359,0.0,OK,price_csv,-0.050772,-0.050772,0.0,OK,0.031413,0.031413,0.0,OK,64.5478,64.5478,0.0,OK,0.4826,0.4826,,0.0,OK,0.080789,0.080789,,0.0,OK
AMRX,-0.030283,-0.030283,0.0,OK,price_csv,-0.050772,-0.050772,0.0,OK,0.020489,0.020489,0.0,OK,61.5867,61.5867,0.0,OK,0.2684,0.2684,,0.0,OK,0.252148,0.252148,,0.0,OK
TVTX,-0.293446,-0.293446,0.0,OK,price_csv,-0.050772,-0.050772,0.0,OK,-0.242674,-0.242674,0.0,OK,40.9123,40.9123,0.0,OK,0.9238,0.9238,,0.0,OK,-0.273647,-0.273647,,0.0,OK
BIIB,-0.044786,-0.044786,0.0,OK,price_csv,-0.050772,-0.050772,0.0,OK,0.005986,0.005986,0.0,OK,58.1838,58.1838,0.0,OK,0.4926,0.4926,,0.0,OK,0.092995,0.092995,,0.0,OK
MDGL,-0.238085,-0.238085,0.0,OK,price_csv,-0.050772,-0.050772,0.0,OK,-0.187313,-0.187313,0.0,OK,37.5751,37.5751,0.0,OK,0.833,0.833,,0.0,OK,-0.236721,-0.236721,,0.0,OK
GMAB,-0.199491,-0.199491,0.0,OK,price_csv,-0.050772,-0.050772,0.0,OK,-0.148719,-0.148719,0.0,OK,30.6983,30.6983,0.0,OK,0.79,0.79,,0.0,OK,-0.137881,-0.137881,,0.0,OK
CATX,-0.007288,-0.007288,0.0,OK,price_csv,-0.050772,-0.050772,0.0,OK,0.043484,0.043484,0.0,OK,67.5276,67.5276,0.0,OK,2.0478,2.0478,,0.0,OK,1.228551,1.228551,,0.0,OK
TWST,-0.035506,-0.035506,0.0,OK,price_csv,-0.050772,-0.050772,0.0,OK,0.015266,0.015266,0.0,OK,67.509,67.509,0.0,OK,1.2479,1.2479,,0.0,OK,0.906059,0.906059,,0.0,OK
SERA,-0.391204,-0.391204,0.0,OK,price_csv,-0.050772,-0.050772,0.0,OK,-0.340432,-0.340432,0.0,OK,40.5789,40.5789,0.0,OK,1.3267,1.3267,,0.0,OK,-0.293465,-0.293465,,0.0,OK
MEDP,-0.309238,-0.309238,0.0,OK,price_csv,-0.050772,-0.050772,0.0,OK,-0.258466,-0.258466,0.0,OK,25.1957,25.1957,0.0,OK,0.494,0.494,,0.0,OK,-0.318455,-0.318455,,0.0,OK
IMCR,-0.207758,-0.207758,0.0,OK,price_csv,-0.050772,-0.050772,0.0,OK,-0.156986,-0.156986,0.0,OK,42.2812,42.2812,0.0,OK,0.9062,0.9062,,0.0,OK,-0.274624,-0.274624,,0.0,OK
PTCT,-0.204174,-0.204174,0.0,OK,price_csv,-0.050772,-0.050772,0.0,OK,-0.153402,-0.153402,0.0,OK,31.1082,31.1082,0.0,OK,0.771,0.771,,0.0,OK,-0.179986,-0.179986,,0.0,OK
IDYA,-0.158479,-0.158479,0.0,OK,price_csv,-0.050772,-0.050772,0.0,OK,-0.107707,-0.107707,0.0,OK,44.0503,44.0503,0.0,OK,1.1116,1.1116,,0.0,OK,-0.151244,-0.151244,,0.0,OK
FOLD,-0.002434,-0.002434,0.0,OK,price_csv,-0.050772,-0.050772,0.0,OK,0.048338,0.048338,0.0,OK,77.9918,77.9918,0.0,OK,0.6389,0.6389,,0.0,OK,0.453593,0.453593,,0.0,OK
IONS,-0.060867,-0.060867,0.0,OK,price_csv,-0.050772,-0.050772,0.0,OK,-0.010095,-0.010095,0.0,OK,47.6043,47.6043,0.0,OK,0.774,0.774,,0.0,OK,0.032969,0.032969,,0.0,OK
RIGL,-0.293564,-0.293564,0.0,OK,price_csv,-0.050772,-0.050772,0.0,OK,-0.242792,-0.242792,0.0,OK,47.457,47.457,0.0,OK,1.5115,1.5115,,0.0,OK,-0.331179,-0.331179,,0.0,OK
PBYI,-0.060563,-0.060563,0.0,OK,price_csv,-0.050772,-0.050772,0.0,OK,-0.009791,-0.009791,0.0,OK,52.9298,52.9298,0.0,OK,0.7768,0.7768,,0.0,OK,0.299804,0.299804,,0.0,OK
TGTX,-0.362338,-0.362338,0.0,OK,price_csv,-0.050772,-0.050772,0.0,OK,-0.311566,-0.311566,0.0,OK,46.2579,46.2579,0.0,OK,0.8686,0.8686,,0.0,OK,-0.13451,-0.13451,,0.0,OK
ANAB,-0.028416,-0.028416,0.0,OK,price_csv,-0.050772,-0.050772,0.0,OK,0.022356,0.022356,0.0,OK,60.0799,60.0799,0.0,OK,1.1111,1.1111,,0.0,OK,0.313395,0.313395,,0.0,OK
GERN,-0.281369,-0.281369,0.0,OK,price_csv,-0.050772,-0.050772,0.0,OK,-0.230597,-0.230597,0.0,OK,75.7181,75.7181,0.0,OK,1.0596,1.0596,,0.0,OK,0.611382,0.611382,,0.0,OK
DVAX,-0.013995,-0.013995,0.0,OK,price_csv,-0.050772,-0.050772,0.0,OK,0.036777,0.036777,0.0,OK,75.9954,75.9954,0.0,OK,0.4569,0.4569,,0.0,OK,0.332365,0.332365,,0.0,OK
CRL,-0.30467,-0.30467,0.0,OK,price_csv,-0.050772,-0.050772,0.0,OK,-0.253898,-0.253898,0.0,OK,23.6305,23.6305,0.0,OK,0.7443,0.7443,,0.0,OK,-0.102167,-0.102167,,0.0,OK
CERS,-0.127737,-0.127737,0.0,OK,price_csv,-0.050772,-0.050772,0.0,OK,-0.076965,-0.076965,0.0,OK,55.3511,55.3511,0.0,OK,0.9121,0.9121,,0.0,OK,0.512094,0.512094,,0.0,OK
AVIR,0.0,0.0,0.0,OK,price_csv,-0.050772,-0.050772,0.0,OK,0.050772,0.050772,0.0,OK,70.9151,70.9151,0.0,OK,0.149,0.149,,0.0,OK,0.538315,0.538315,,0.0,OK
TXG,-0.19448,-0.19448,0.0,OK,price_csv,-0.050772,-0.050772,0.0,OK,-0.143708,-0.143708,0.0,OK,46.8529,46.8529,0.0,OK,1.1058,1.1058,,0.0,OK,0.023417,0.023417,,0.0,OK
ZYME,-0.15677,-0.15677,0.0,OK,price_csv,-0.050772,-0.050772,0.0,OK,-0.105998,-0.105998,0.0,OK,50.1973,50.1973,0.0,OK,0.9257,0.9257,,0.0,OK,-0.115553,-0.115553,,0.0,OK
APLS,-0.255241,-0.255241,0.0,OK,price_csv,-0.050772,-0.050772,0.0,OK,-0.204469,-0.204469,0.0,OK,48.4812,48.4812,0.0,OK,0.8136,0.8136,,0.0,OK,0.063338,0.063338,,0.0,OK
SIGA,-0.301688,-0.301688,0.0,OK,price_csv,-0.050772,-0.050772,0.0,OK,-0.250916,-0.250916,0.0,OK,48.3174,48.3174,0.0,OK,0.6415,0.6415,,0.0,OK,0.082656,0.082656,,0.0,OK
STOK,-0.104916,-0.104916,0.0,OK,price_csv,-0.050772,-0.050772,0.0,OK,-0.054144,-0.054144,0.0,OK,52.5043,52.5043,0.0,OK,1.2057,1.2057,,0.0,OK,0.019363,0.019363,,0.0,OK
ARQT,-0.12468,-0.12468,0.0,OK,price_csv,-0.050772,-0.050772,0.0,OK,-0.073908,-0.073908,0.0,OK,54.6205,54.6205,0.0,OK,0.8058,0.8058,,0.0,OK,-0.08195,-0.08195,,0.0,OK
HRMY,-0.129844,-0.129844,0.0,OK,price_csv,-0.050772,-0.050772,0.0,OK,-0.079072,-0.079072,0.0,OK,41.1836,41.1836,0.0,OK,0.5607,0.5607,,0.0,OK,-0.000809,-0.000809,,0.0,OK
ASND,-0.049979,-0.049979,0.0,OK,price_csv,-0.050772,-0.050772,0.0,OK,0.000793,0.000793,0.0,OK,56.3432,56.3432,0.0,OK,0.6044,0.6044,,0.0,OK,0.021711,0.021711,,0.0,OK
KNSA,0.0,0.0,0.0,OK,price_csv,-0.050772,-0.050772,0.0,OK,0.050772,0.050772,0.0,OK,62.8716,62.8716,0.0,OK,0.6803,0.6803,,0.0,OK,0.036517,0.036517,,0.0,OK
AMLX,-0.17169,-0.17169,0.0,OK,price_csv,-0.050772,-0.050772,0.0,OK,-0.120918,-0.120918,0.0,OK,49.1748,49.1748,0.0,OK,1.5162,1.5162,,0.0,OK,-0.120028,-0.120028,,0.0,OK
DAWN,-0.081255,-0.081255,0.0,OK,price_csv,-0.050772,-0.050772,0.0,OK,-0.030483,-0.030483,0.0,OK,53.5967,53.5967,0.0,OK,1.1365,1.1365,,0.0,OK,0.263013,0.263013,,0.0,OK
HROW,-0.097263,-0.097263,0.0,OK,price_csv,-0.050772,-0.050772,0.0,OK,-0.046491,-0.046491,0.0,OK,57.6583,57.6583,0.0,OK,0.65,0.65,,0.0,OK,0.24808,0.24808,,0.0,OK
RCUS,-0.266092,-0.266092,0.0,OK,price_csv,-0.050772,-0.050772,0.0,OK,-0.21532,-0.21532,0.0,OK,38.9133,38.9133,0.0,OK,1.5878,1.5878,,0.0,OK,-0.257777,-0.257777,,0.0,OK
ALNY,-0.327267,-0.327267,0.0,OK,price_csv,-0.050772,-0.050772,0.0,OK,-0.276495,-0.276495,0.0,OK,40.8332,40.8332,0.0,OK,0.6385,0.6385,,0.0,OK,-0.323065,-0.323065,,0.0,OK
KRYS,-0.100675,-0.100675,0.0,OK,price_csv,-0.050772,-0.050772,0.0,OK,-0.049903,-0.049903,0.0,OK,43.9199,43.9199,0.0,OK,0.5849,0.5849,,0.0,OK,0.22659,0.22659,,0.0,OK
LAB,-0.330357,-0.330357,0.0,OK,price_csv,-0.050772,-0.050772,0.0,OK,-0.279585,-0.279585,0.0,OK,30.7737,30.7737,0.0,OK,0.5294,0.5294,,0.0,OK,-0.174453,-0.174453,,0.0,OK
ARVN,-0.340615,-0.340615,0.0,OK,price_csv,-0.050772,-0.050772,0.0,OK,-0.289843,-0.289843,0.0,OK,46.3705,46.3705,0.0,OK,1.2193,1.2193,,0.0,OK,-0.013549,-0.013549,,0.0,OK
UTHR,-0.079013,-0.079013,0.0,OK,price_csv,-0.050772,-0.050772,0.0,OK,-0.028241,-0.028241,0.0,OK,48.5891,48.5891,0.0,OK,0.3318,0.3318,,0.0,OK,-0.030178,-0.030178,,0.0,OK
GH,-0.082282,-0.082282,0.0,OK,price_csv,-0.050772,-0.050772,0.0,OK,-0.03151,-0.03151,0.0,OK,50.4865,50.4865,0.0,OK,0.9069,0.9069,,0.0,OK,-0.018328,-0.018328,,0.0,OK
CDNA,-0.212551,-0.212551,0.0,OK,price_csv,-0.050772,-0.050772,0.0,OK,-0.161779,-0.161779,0.0,OK,47.9285,47.9285,0.0,OK,0.9542,0.9542,,0.0,OK,0.137961,0.137961,,0.0,OK
ARWR,-0.127397,-0.127397,0.0,OK,price_csv,-0.050772,-0.050772,0.0,OK,-0.076625,-0.076625,0.0,OK,46.0813,46.0813,0.0,OK,1.0288,1.0288,,0.0,OK,0.56866,0.56866,,0.0,OK
NTRA,-0.152162,-0.152162,0.0,OK,price_csv,-0.050772,-0.050772,0.0,OK,-0.10139,-0.10139,0.0,OK,45.0775,45.0775,0.0,OK,0.8064,0.8064,,0.0,OK,-0.124994,-0.124994,,0.0,OK
ANIP,-0.216425,-0.216425,0.0,OK,price_csv,-0.050772,-0.050772,0.0,OK,-0.165653,-0.165653,0.0,OK,41.1773,41.1773,0.0,OK,0.1682,0.1682,,0.0,OK,-0.030899,-0.030899,,0.0,OK
PCRX,-0.157237,-0.157237,0.0,OK,price_csv,-0.050772,-0.050772,0.0,OK,-0.106465,-0.106465,0.0,OK,59.0779,59.0779,0.0,OK,0.5402,0.5402,,0.0,OK,-0.048308,-0.048308,,0.0,OK
OPK,-0.381443,-0.381443,0.0,OK,price_csv,-0.050772,-0.050772,0.0,OK,-0.330671,-0.330671,0.0,OK,37.2703,37.2703,0.0,OK,0.4085,0.4085,,0.0,OK,-0.118097,-0.118097,,0.0,OK
KROS,-0.247711,-0.247711,0.0,OK,price_csv,-0.050772,-0.050772,0.0,OK,-0.196939,-0.196939,0.0,OK,33.5527,33.5527,0.0,OK,0.953,0.953,,0.0,OK,-0.119242,-0.119242,,0.0,OK
INVA,-0.017191,-0.017191,0.0,OK,price_csv,-0.050772,-0.050772,0.0,OK,0.033581,0.033581,0.0,OK,76.6567,76.6567,0.0,OK,0.2035,0.2035,,0.0,OK,0.087239,0.087239,,0.0,OK
AUPH,-0.125229,-0.125229,0.0,OK,price_csv,-0.050772,-0.050772,0.0,OK,-0.074457,-0.074457,0.0,OK,41.1241,41.1241,0.0,OK,0.5834,0.5834,,0.0,OK,-0.112963,-0.112963,,0.0,OK
CMPS,-0.05503,-0.05503,0.0,OK,price_csv,-0.050772,-0.050772,0.0,OK,-0.004258,-0.004258,0.0,OK,61.9211,61.9211,0.0,OK,1.724,1.724,,0.0,OK,0.361811,0.361811,,0.0,OK
COLL,-0.098014,-0.098014,0.0,OK,price_csv,-0.050772,-0.050772,0.0,OK,-0.047242,-0.047242,0.0,OK,43.3538,43.3538,0.0,OK,0.2464,0.2464,,0.0,OK,-0.001968,-0.001968,,0.0,OK
BBIO,-0.100363,-0.100363,0.0,OK,price_csv,-0.050772,-0.050772,0.0,OK,-0.049591,-0.049591,0.0,OK,44.6703,44.6703,0.0,OK,1.1771,1.1771,,0.0,OK,-0.006139,-0.006139,,0.0,OK
BIOA,-0.129145,-0.129145,0.0,OK,price_csv,-0.050772,-0.050772,0.0,OK,-0.078373,-0.078373,0.0,OK,58.2035,58.2035,0.0,OK,1.1419,1.1419,,0.0,OK,1.208537,1.208537,,0.0,OK
BCRX,-0.349231,-0.349231,0.0,OK,price_csv,-0.050772,-0.050772,0.0,OK,-0.298459,-0.298459,0.0,OK,60.9463,60.9463,0.0,OK,0.6443,0.6443,,0.0,OK,-0.02908,-0.02908,,0.0,OK
AMPH,-0.115206,-0.115206,0.0,OK,price_csv,-0.050772,-0.050772,0.0,OK,-0.064434,-0.064434,0.0,OK,57.3083,57.3083,0.0,OK,0.3781,0.3781,,0.0,OK,0.088468,0.088468,,0.0,OK
ADMA,-0.337005,-0.337005,0.0,OK,price_csv,-0.050772,-0.050772,0.0,OK,-0.286233,-0.286233,0.0,OK,43.495,43.495,0.0,OK,0.9758,0.9758,,0.0,OK,-0.105077,-0.105077,,0.0,OK
AKRO,-0.050556,-0.050556,0.0,OK,price_csv,-0.050772,-0.050772,0.0,OK,0.000216,0.000216,0.0,OK,69.1502,69.1502,0.0,OK,0.4253,0.4253,,0.0,OK,0.148858,0.148858,,0.0,OK
ALT,-0.434501,-0.434501,0.0,OK,price_csv,-0.050772,-0.050772,0.0,OK,-0.383729,-0.383729,0.0,OK,40.6054,40.6054,0.0,OK,0.8327,0.8327,,0.0,OK,-0.108538,-0.108538,,0.0,OK
ALVO,-0.662052,-0.662052,0.0,OK,price_csv,-0.050772,-0.050772,0.0,OK,-0.61128,-0.61128,0.0,OK,26.387,26.387,0.0,OK,0.7799,0.7799,,0.0,OK,-0.25845,-0.25845,,0.0,OK
AQST,-0.493324,-0.493324,0.0,OK,price_csv,-0.050772,-0.050772,0.0,OK,-0.442552,-0.442552,0.0,OK,45.0148,45.0148,0.0,OK,1.3711,1.3711,,0.0,OK,-0.462929,-0.462929,,0.0,OK
AVXL,-0.699478,-0.699478,0.0,OK,price_csv,-0.050772,-0.050772,0.0,OK,-0.648706,-0.648706,0.0,OK,42.3216,42.3216,0.0,OK,1.0458,1.0458,,0.0,OK,0.165885,0.165885,,0.0,OK
BMEA,-0.641096,-0.641096,0.0,OK,price_csv,-0.050772,-0.050772,0.0,OK,-0.590324,-0.590324,0.0,OK,52.4106,52.4106,0.0,OK,1.3766,1.3766,,0.0,OK,0.171249,0.171249,,0.0,OK
CADL,-0.520066,-0.520066,0.0,OK,price_csv,-0.050772,-0.050772,0.0,OK,-0.469294,-0.469294,0.0,OK,52.0142,52.0142,0.0,OK,1.5078,1.5078,,0.0,OK,0.173817,0.173817,,0.0,OK
CDTX,0.0,0.0,0.0,OK,price_csv,-0.050772,-0.050772,0.0,OK,0.050772,0.050772,0.0,OK,84.2127,84.2127,0.0,OK,1.5473,1.5473,,0.0,OK,0.62893,0.62893,,0.0,OK
EOLS,-0.702621,-0.702621,0.0,OK,price_csv,-0.050772,-0.050772,0.0,OK,-0.651849,-0.651849,0.0,OK,37.7221,37.7221,0.0,OK,0.3325,0.3325,,0.0,OK,-0.365084,-0.365084,,0.0,OK
GRFS,-0.124302,-0.124302,0.0,OK,price_csv,-0.050772,-0.050772,0.0,OK,-0.07353,-0.07353,0.0,OK,52.5487,52.5487,0.0,OK,0.5837,0.5837,,0.0,OK,0.056826,0.056826,,0.0,OK
HRTX,-0.533333,-0.533333,0.0,OK,price_csv,-0.050772,-0.050772,0.0,OK,-0.482561,-0.482561,0.0,OK,39.8245,39.8245,0.0,OK,1.0203,1.0203,,0.0,OK,0.019803,0.019803,,0.0,OK
HUMA,-0.704134,-0.704134,0.0,OK,price_csv,-0.050772,-0.050772,0.0,OK,-0.653362,-0.653362,0.0,OK,55.0659,55.0659,0.0,OK,1.667,1.667,,0.0,OK,-0.145699,-0.145699,,0.0,OK
IOVA,-0.521626,-0.521626,0.0,OK,price_csv,-0.050772,-0.050772,0.0,OK,-0.470854,-0.470854,0.0,OK,57.8881,57.8881,0.0,OK,1.778,1.778,,0.0,OK,0.08914,0.08914,,0.0,OK
LENZ,-0.743731,-0.743731,0.0,OK,price_csv,-0.050772,-0.050772,0.0,OK,-0.692959,-0.692959,0.0,OK,28.4208,28.4208,0.0,OK,1.3252,1.3252,,0.0,OK,-0.680107,-0.680107,,0.0,OK
MCRB,-0.704859,-0.704859,0.0,OK,price_csv,-0.050772,-0.050772,0.0,OK,-0.654087,-0.654087,0.0,OK,24.5606,24.5606,0.0,OK,0.8203,0.8203,,0.0,OK,-0.693284,-0.693284,,0.0,OK
MLTX,-0.709469,-0.709469,0.0,OK,price_csv,-0.050772,-0.050772,0.0,OK,-0.658697,-0.658697,0.0,OK,64.8501,64.8501,0.0,OK,0.6718,0.6718,,0.0,OK,0.317672,0.317672,,0.0,OK
NTLA,-0.557362,-0.557362,0.0,OK,price_csv,-0.050772,-0.050772,0.0,OK,-0.50659,-0.50659,0.0,OK,51.4689,51.4689,0.0,OK,2.0116,2.0116,,0.0,OK,0.337669,0.337669,,0.0,OK
OCUL,-0.553073,-0.553073,0.0,OK,price_csv,-0.050772,-0.050772,0.0,OK,-0.502301,-0.502301,0.0,OK,27.5858,27.5858,0.0,OK,0.4932,0.4932,,0.0,OK,-0.435376,-0.435376,,0.0,OK
QSI,-0.648859,-0.648859,0.0,OK,price_csv,-0.050772,-0.050772,0.0,OK,-0.598087,-0.598087,0.0,OK,35.2591,35.2591,0.0,OK,1.579,1.579,,0.0,OK,-0.414393,-0.414393,,0.0,OK
RARE,-0.52473,-0.52473,0.0,OK,price_csv,-0.050772,-0.050772,0.0,OK,-0.473958,-0.473958,0.0,OK,35.7977,35.7977,0.0,OK,1.1586,1.1586,,0.0,OK,-0.438779,-0.438779,,0.0,OK
RCKT,-0.681777,-0.681777,0.0,OK,price_csv,-0.050772,-0.050772,0.0,OK,-0.631005,-0.631005,0.0,OK,52.9559,52.9559,0.0,OK,1.6175,1.6175,,0.0,OK,0.06056,0.06056,,0.0,OK
SGMT,-0.478613,-0.478613,0.0,OK,price_csv,-0.050772,-0.050772,0.0,OK,-0.427841,-0.427841,0.0,OK,43.2519,43.2519,0.0,OK,1.0984,1.0984,,0.0,OK,-0.376322,-0.376322,,0.0,OK
SMMT,-0.576428,-0.576428,0.0,OK,price_csv,-0.050772,-0.050772,0.0,OK,-0.525656,-0.525656,0.0,OK,48.0976,48.0976,0.0,OK,1.4866,1.4866,,0.0,OK,-0.204847,-0.204847,,0.0,OK
SPRY,-0.482834,-0.482834,0.0,OK,price_csv,-0.050772,-0.050772,0.0,OK,-0.432062,-0.432062,0.0,OK,43.638,43.638,0.0,OK,1.7474,1.7474,,0.0,OK,0.23398,0.23398,,0.0,OK
SRPT,-0.831565,-0.831565,0.0,OK,price_csv,-0.050772,-0.050772,0.0,OK,-0.780793,-0.780793,0.0,OK,41.527,41.527,0.0,OK,1.833,1.833,,0.0,OK,-0.076742,-0.076742,,0.0,OK
TARA,-0.116402,-0.116402,0.0,OK,price_csv,-0.050772,-0.050772,0.0,OK,-0.06563,-0.06563,0.0,OK,58.5577,58.5577,0.0,OK,1.1963,1.1963,,0.0,OK,-0.083311,-0.083311,,0.0,OK
UPB,-0.738497,-0.738497,0.0,OK,price_csv,-0.050772,-0.050772,0.0,OK,-0.687725,-0.687725,0.0,OK,18.4579,18.4579,0.0,OK,1.5903,1.5903,,0.0,OK,-0.818743,-0.818743,,0.0,OK
CRMD,-0.569746,-0.569746,0.0,OK,price_csv,-0.050772,-0.050772,0.0,OK,-0.518974,-0.518974,0.0,OK,35.4366,35.4366,0.0,OK,1.1019,1.1019,,0.0,OK,-0.378038,-0.378038,,0.0,OK
MLYS,-0.409888,-0.409888,0.0,OK,price_csv,-0.050772,-0.050772,0.0,OK,-0.359116,-0.359116,0.0,OK,35.9887,35.9887,0.0,OK,1.1686,1.1686,,0.0,OK,-0.450721,-0.450721,,0.0,OK
PHAT,-0.368639,-0.368639,0.0,OK,price_csv,-0.050772,-0.050772,0.0,OK,-0.317867,-0.317867,0.0,OK,33.4262,33.4262,0.0,OK,1.2352,1.2352,,0.0,OK,-0.329582,-0.329582,,0.0,OK
IVVD,-0.451736,-0.451736,0.0,OK,price_csv,-0.050772,-0.050772,0.0,OK,-0.400964,-0.400964,0.0,OK,36.9511,36.9511,0.0,OK,0.8395,0.8395,,0.0,OK,-0.426698,-0.426698,,0.0,OK
MRUS,-0.072261,-0.072261,0.0,OK,price_csv,-0.050772,-0.050772,0.0,OK,-0.021489,-0.021489,0.0,OK,14.6757,14.6757,0.0,OK,0.0959,0.0959,,0.0,OK,-0.063382,-0.063382,,0.0,OK
NVCR,-0.498416,-0.498416,0.0,OK,price_csv,-0.050772,-0.050772,0.0,OK,-0.447644,-0.447644,0.0,OK,43.4259,43.4259,0.0,OK,1.0149,1.0149,,0.0,OK,-0.135453,-0.135453,,0.0,OK
REPL,-0.438155,-0.438155,0.0,OK,price_csv,-0.050772,-0.050772,0.0,OK,-0.387383,-0.387383,0.0,OK,53.0867,53.0867,0.0,OK,1.2867,1.2867,,0.0,OK,-0.237347,-0.237347,,0.0,OK
TEM,-0.430315,-0.430315,0.0,OK,price_csv,-0.050772,-0.050772,0.0,OK,-0.379543,-0.379543,0.0,OK,49.1062,49.1062,0.0,OK,1.1312,1.1312,,0.0,OK,-0.218598,-0.218598,,0.0,OK
ZLAB,-0.532303,-0.532303,0.0,OK,price_csv,-0.050772,-0.050772,0.0,OK,-0.481531,-0.481531,0.0,OK,63.6019,63.6019,0.0,OK,0.5201,0.5201,,0.0,OK,-0.056628,-0.056628,,0.0,OK
ABSI,-0.508977,-0.508977,0.0,OK,price_csv,-0.050772,-0.050772,0.0,OK,-0.458205,-0.458205,0.0,OK,44.8046,44.8046,0.0,OK,1.9716,1.9716,,0.0,OK,-0.211357,-0.211357,,0.0,OK
GOSS,-0.420844,-0.420844,0.0,OK,price_csv,-0.050772,-0.050772,0.0,OK,-0.370072,-0.370072,0.0,OK,38.0955,38.0955,0.0,OK,0.9598,0.9598,,0.0,OK,-0.390953,-0.390953,,0.0,OK
IKT,-0.464724,-0.464724,0.0,OK,price_csv,-0.050772,-0.050772,0.0,OK,-0.413952,-0.413952,0.0,OK,54.4657,54.4657,0.0,OK,0.723,0.723,,0.0,OK,0.06765,0.06765,,0.0,OK
NGNE,-0.487925,-0.487925,0.0,OK,price_csv,-0.050772,-0.050772,0.0,OK,-0.437153,-0.437153,0.0,OK,47.189,47.189,0.0,OK,1.4043,1.4043,,0.0,OK,-0.278797,-0.278797,,0.0,OK
PRTA,-0.429475,-0.429475,0.0,OK,price_csv,-0.050772,-0.050772,0.0,OK,-0.378703,-0.378703,0.0,OK,47.5264,47.5264,0.0,OK,1.1321,1.1321,,0.0,OK,-0.216594,-0.216594,,0.0,OK
VOR,-0.758427,-0.758427,0.0,OK,price_csv,-0.050772,-0.050772,0.0,OK,-0.707655,-0.707655,0.0,OK,46.0142,46.0142,0.0,OK,2.0084,2.0084,,0.0,OK,0.678035,0.678035,,0.0,OK
CAI,-0.463359,-0.463359,0.0,OK,price_csv,-0.050772,-0.050772,0.0,OK,-0.412587,-0.412587,0.0,OK,33.1329,33.1329,0.0,OK,0.7064,0.7064,,0.0,OK,-0.193547,-0.193547,,0.0,OK
DNA,-0.429988,-0.429988,0.0,OK,price_csv,-0.050772,-0.050772,0.0,OK,-0.379216,-0.379216,0.0,OK,49.6322,49.6322,0.0,OK,1.8673,1.8673,,0.0,OK,-0.011739,-0.011739,,0.0,OK
SNDX,-0.070556,-0.070556,0.0,OK,price_csv,-0.050772,-0.050772,0.0,OK,-0.019784,-0.019784,0.0,OK,48.3451,48.3451,0.0,OK,1.3002,1.3002,,0.0,OK,0.074229,0.074229,,0.0,OK
PRLD,-0.46608,-0.46608,0.0,OK,price_csv,-0.050772,-0.050772,0.0,OK,-0.415308,-0.415308,0.0,OK,49.6796,49.6796,0.0,OK,1.8077,1.8077,,0.0,OK,0.145923,0.145923,,0.0,OK
ABCL,-0.480551,-0.480551,0.0,OK,price_csv,-0.050772,-0.050772,0.0,OK,-0.429779,-0.429779,0.0,OK,42.5168,42.5168,0.0,OK,1.8876,1.8876,,0.0,OK,-0.250373,-0.250373,,0.0,OK
NUVB,-0.422453,-0.422453,0.0,OK,price_csv,-0.050772,-0.050772,0.0,OK,-0.371681,-0.371681,0.0,OK,36.867,36.867,0.0,OK,1.2969,1.2969,,0.0,OK,-0.344726,-0.344726,,0.0,OK
RGNX,-0.508448,-0.508448,0.0,OK,price_csv,-0.050772,-0.050772,0.0,OK,-0.457676,-0.457676,0.0,OK,24.1834,24.1834,0.0,OK,2.0475,2.0475,,0.0,OK,-0.483741,-0.483741,,0.0,OK
ADPT,-0.220186,-0.220186,0.0,OK,price_csv,-0.050772,-0.050772,0.0,OK,-0.169414,-0.169414,0.0,OK,41.2933,41.2933,0.0,OK,0.7374,0.7374,,0.0,OK,-0.096689,-0.096689,,0.0,OK
AVTR,-0.489819,-0.489819,0.0,OK,price_csv,-0.050772,-0.050772,0.0,OK,-0.439047,-0.439047,0.0,OK,28.3924,28.3924,0.0,OK,0.5001,0.5001,,0.0,OK,-0.22966,-0.22966,,0.0,OK
BRKR,-0.271025,-0.271025,0.0,OK,price_csv,-0.050772,-0.050772,0.0,OK,-0.220253,-0.220253,0.0,OK,38.1358,38.1358,0.0,OK,0.8111,0.8111,,0.0,OK,-0.175243,-0.175243,,0.0,OK
CSTL,-0.24698,-0.24698,0.0,OK,price_csv,-0.050772,-0.050772,0.0,OK,-0.196208,-0.196208,0.0,OK,31.9194,31.9194,0.0,OK,0.8065,0.8065,,0.0,OK,-0.173954,-0.173954,,0.0,OK
CTKB,-0.284864,-0.284864,0.0,OK,price_csv,-0.050772,-0.050772,0.0,OK,-0.234092,-0.234092,0.0,OK,29.8918,29.8918,0.0,OK,0.7227,0.7227,,0.0,OK,-0.265741,-0.265741,,0.0,OK
FLGT,-0.250405,-0.250405,0.0,OK,price_csv,-0.050772,-0.050772,0.0,OK,-0.199633,-0.199633,0.0,OK,28.245,28.245,0.0,OK,0.5102,0.5102,,0.0,OK,-0.247915,-0.247915,,0.0,OK
FTRE,-0.451087,-0.451087,0.0,OK,price_csv,-0.050772,-0.050772,0.0,OK,-0.400315,-0.400315,0.0,OK,27.8104,27.8104,0.0,OK,1.7515,1.7515,,0.0,OK,-0.170561,-0.170561,,0.0,OK
ILMN,-0.224846,-0.224846,0.0,OK,price_csv,-0.050772,-0.050772,0.0,OK,-0.174074,-0.174074,0.0,OK,35.5425,35.5425,0.0,OK,0.1858,0.1858,,0.0,OK,-0.018098,-0.018098,,0.0,OK
LFCR,-0.192744,-0.192744,0.0,OK,price_csv,-0.050772,-0.050772,0.0,OK,-0.141972,-0.141972,0.0,OK,34.8148,34.8148,0.0,OK,0.2897,0.2897,,0.0,OK,-0.063121,-0.063121,,0.0,OK
LGND,-0.109465,-0.109465,0.0,OK,price_csv,-0.050772,-0.050772,0.0,OK,-0.058693,-0.058693,0.0,OK,43.2258,43.2258,0.0,OK,0.4802,0.4802,,0.0,OK,-0.111959,-0.111959,,0.0,OK
MRVI,-0.289538,-0.289538,0.0,OK,price_csv,-0.050772,-0.050772,0.0,OK,-0.238766,-0.238766,0.0,OK,30.6166,30.6166,0.0,OK,0.651,0.651,,0.0,OK,-0.211815,-0.211815,,0.0,OK
MYGN,-0.71028,-0.71028,0.0,OK,price_csv,-0.050772,-0.050772,0.0,OK,-0.659508,-0.659508,0.0,OK,18.2377,18.2377,0.0,OK,0.8134,0.8134,,0.0,OK,-0.452999,-0.452999,,0.0,OK
OPCH,-0.036075,-0.036075,0.0,OK,price_csv,-0.050772,-0.050772,0.0,OK,0.014697,0.014697,0.0,OK,57.553,57.553,0.0,OK,0.0993,0.0993,,0.0,OK,0.241144,0.241144,,0.0,OK
PACB,-0.397004,-0.397004,0.0,OK,price_csv,-0.050772,-0.050772,0.0,OK,-0.346232,-0.346232,0.0,OK,34.1904,34.1904,0.0,OK,1.5243,1.5243,,0.0,OK,-0.297255,-0.297255,,0.0,OK
PAHC,-0.035708,-0.035708,0.0,OK,price_csv,-0.050772,-0.050772,0.0,OK,0.015064,0.015064,0.0,OK,69.1016,69.1016,0.0,OK,-0.076,-0.076,,0.0,OK,0.265046,0.265046,,0.0,OK
PRVA,-0.180682,-0.180682,0.0,OK,price_csv,-0.050772,-0.050772,0.0,OK,-0.12991,-0.12991,0.0,OK,40.6731,40.6731,0.0,OK,0.2804,0.2804,,0.0,OK,-0.06906,-0.06906,,0.0,OK
PSNL,-0.216889,-0.216889,0.0,OK,price_csv,-0.050772,-0.050772,0.0,OK,-0.166117,-0.166117,0.0,OK,49.5074,49.5074,0.0,OK,2.3169,2.3169,,0.0,OK,-0.169516,-0.169516,,0.0,OK
RGEN,-0.22051,-0.22051,0.0,OK,price_csv,-0.050772,-0.050772,0.0,OK,-0.169738,-0.169738,0.0,OK,31.7919,31.7919,0.0,OK,0.6275,0.6275,,0.0,OK,-0.193365,-0.193365,,0.0,OK
RPRX,-0.012222,-0.012222,0.0,OK,price_csv,-0.050772,-0.050772,0.0,OK,0.03855,0.03855,0.0,OK,70.5145,70.5145,0.0,OK,0.2,0.2,,0.0,OK,0.148245,0.148245,,0.0,OK
STVN,-0.42576,-0.42576,0.0,OK,price_csv,-0.050772,-0.050772,0.0,OK,-0.374988,-0.374988,0.0,OK,41.7445,41.7445,0.0,OK,0.9716,0.9716,,0.0,OK,-0.339423,-0.339423,,0.0,OK
TKNO,-0.744681,-0.744681,0.0,OK,price_csv,-0.050772,-0.050772,0.0,OK,-0.693909,-0.693909,0.0,OK,19.73,19.73,0.0,OK,0.5596,0.5596,,0.0,OK,-0.595386,-0.595386,,0.0,OK
VCYT,-0.269542,-0.269542,0.0,OK,price_csv,-0.050772,-0.050772,0.0,OK,-0.21877,-0.21877,0.0,OK,38.636,38.636,0.0,OK,0.8798,0.8798,,0.0,OK,-0.20569,-0.20569,,0.0,OK
VTRS,-0.014507,-0.014507,0.0,OK,price_csv,-0.050772,-0.050772,0.0,OK,0.036265,0.036265,0.0,OK,76.583,76.583,0.0,OK,0.2075,0.2075,,0.0,OK,0.55715,0.55715,,0.0,OK
XERS,-0.338384,-0.338384,0.0,OK,price_csv,-0.050772,-0.050772,0.0,OK,-0.287612,-0.287612,0.0,OK,36.0826,36.0826,0.0,OK,0.4842,0.4842,,0.0,OK,-0.091201,-0.091201,,0.0,OK
ACRV,-0.727402,-0.727402,0.0,OK,price_csv,-0.050772,-0.050772,0.0,OK,-0.67663,-0.67663,0.0,OK,39.4522,39.4522,0.0,OK,1.5611,1.5611,,0.0,OK,-0.451727,-0.451727,,0.0,OK
BDTX,-0.535934,-0.535934,0.0,OK,price_csv,-0.050772,-0.050772,0.0,OK,-0.485162,-0.485162,0.0,OK,39.6996,39.6996,0.0,OK,0.7158,0.7158,,0.0,OK,-0.478971,-0.478971,,0.0,OK
ELDN,-0.52714,-0.52714,0.0,OK,price_csv,-0.050772,-0.050772,0.0,OK,-0.476368,-0.476368,0.0,OK,54.8113,54.8113,0.0,OK,1.4154,1.4154,,0.0,OK,0.391583,0.391583,,0.0,OK
LRMR,-0.423529,-0.423529,0.0,OK,price_csv,-0.050772,-0.050772,0.0,OK,-0.372757,-0.372757,0.0,OK,34.3892,34.3892,0.0,OK,1.376,1.376,,0.0,OK,-0.266286,-0.266286,,0.0,OK
BCYC,-0.560717,-0.560717,0.0,OK,price_csv,-0.050772,-0.050772,0.0,OK,-0.509945,-0.509945,0.0,OK,35.5318,35.5318,0.0,OK,1.6002,1.6002,,0.0,OK,-0.287706,-0.287706,,0.0,OK
EDIT,-0.583133,-0.583133,0.0,OK,price_csv,-0.050772,-0.050772,0.0,OK,-0.532361,-0.532361,0.0,OK,38.7003,38.7003,0.0,OK,1.9801,1.9801,,0.0,OK,-0.499174,-0.499174,,0.0,OK
OABI,-0.556701,-0.556701,0.0,OK,price_csv,-0.050772,-0.050772,0.0,OK,-0.505929,-0.505929,0.0,OK,41.8378,41.8378,0.0,OK,1.2024,1.2024,,0.0,OK,-0.091252,-0.091252,,0.0,OK
CRBU,-0.436584,-0.436584,0.0,OK,price_csv,-0.050772,-0.050772,0.0,OK,-0.385812,-0.385812,0.0,OK,51.337,51.337,0.0,OK,1.6757,1.6757,,0.0,OK,-0.254555,-0.254555,,0.0,OK
ETON,-0.206406,-0.206406,0.0,OK,price_csv,-0.050772,-0.050772,0.0,OK,-0.155634,-0.155634,0.0,OK,71.9097,71.9097,0.0,OK,0.4448,0.4448,,0.0,OK,0.049646,0.049646,,0.0,OK
IMRX,-0.462203,-0.462203,0.0,OK,price_csv,-0.050772,-0.050772,0.0,OK,-0.411431,-0.411431,0.0,OK,47.1033,47.1033,0.0,OK,2.3937,2.3937,,0.0,OK,-0.52882,-0.52882,,0.0,OK
JANX,-0.646397,-0.646397,0.0,OK,price_csv,-0.050772,-0.050772,0.0,OK,-0.595625,-0.595625,0.0,OK,41.646,41.646,0.0,OK,1.8329,1.8329,,0.0,OK,-0.723042,-0.723042,,0.0,OK
JBIO,-0.846209,-0.846209,0.0,OK,price_csv,-0.050772,-0.050772,0.0,OK,-0.795437,-0.795437,0.0,OK,49.6272,49.6272,0.0,OK,1.3429,1.3429,,0.0,OK,0.163427,0.163427,,0.0,OK
LXEO,-0.415804,-0.415804,0.0,OK,price_csv,-0.050772,-0.050772,0.0,OK,-0.365032,-0.365032,0.0,OK,29.9872,29.9872,0.0,OK,1.6463,1.6463,,0.0,OK,-0.468964,-0.468964,,0.0,OK
PYXS,-0.741573,-0.741573,0.0,OK,price_csv,-0.050772,-0.050772,0.0,OK,-0.690801,-0.690801,0.0,OK,38.815,38.815,0.0,OK,1.4311,1.4311,,0.0,OK,-0.839608,-0.839608,,0.0,OK
RANI,-0.542105,-0.542105,0.0,OK,price_csv,-0.050772,-0.050772,0.0,OK,-0.491333,-0.491333,0.0,OK,49.6976,49.6976,0.0,OK,1.1864,1.1864,,0.0,OK,-0.272177,-0.272177,,0.0,OK
SEPN,-0.10231,-0.10231,0.0,OK,price_csv,-0.050772,-0.050772,0.0,OK,-0.051538,-0.051538,0.0,OK,52.9545,52.9545,0.0,OK,1.2417,1.2417,,0.0,OK,0.019146,0.019146,,0.0,OK
TCRX,-0.593254,-0.593254,0.0,OK,price_csv,-0.050772,-0.050772,0.0,OK,-0.542482,-0.542482,0.0,OK,49.6059,49.6059,0.0,OK,1.5563,1.5563,,0.0,OK,-0.116254,-0.116254,,0.0,OK
TNYA,-0.700286,-0.700286,0.0,OK,price_csv,-0.050772,-0.050772,0.0,OK,-0.649514,-0.649514,0.0,OK,37.9974,37.9974,0.0,OK,2.332,2.332,,0.0,OK,-0.692461,-0.692461,,0.0,OK
QURE,-0.664542,-0.664542,0.0,OK,price_csv,-0.050772,-0.050772,0.0,OK,-0.61377,-0.61377,0.0,OK,49.3594,49.3594,0.0,OK,0.9628,0.9628,,0.0,OK,-0.248297,-0.248297,,0.0,OK
SGMO,-0.673661,-0.673661,0.0,OK,price_csv,-0.050772,-0.050772,0.0,OK,-0.622889,-0.622889,0.0,OK,43.4402,43.4402,0.0,OK,1.5871,1.5871,,0.0,OK,-0.222788,-0.222788,,0.0,OK
CCCC,-0.429972,-0.429972,0.0,OK,price_csv,-0.050772,-0.050772,0.0,OK,-0.3792,-0.3792,0.0,OK,53.2038,53.2038,0.0,OK,1.4335,1.4335,,0.0,OK,-0.289444,-0.289444,,0.0,OK
LEGN,-0.587996,-0.587996,0.0,OK,price_csv,-0.050772,-0.050772,0.0,OK,-0.537224,-0.537224,0.0,OK,43.7271,43.7271,0.0,OK,0.6432,0.6432,,0.0,OK,-0.401553,-0.401553,,0.0,OK
CNTX,-0.130268,-0.130268,0.0,OK,price_csv,-0.050772,-0.050772,0.0,OK,-0.079496,-0.079496,0.0,OK,57.4648,57.4648,0.0,OK,0.4355,0.4355,,0.0,OK,0.947333,0.947333,,0.0,OK
