rank,ticker,composite_score,risk_adjusted_score,expected_excess_return,score_z,company_stage,lead_program_stage,market_cap_bucket,severity,clinical_score,financial_score,catalyst_score,pos_score,momentum_score,valuation_score,smart_money_score,clinical_contrib,financial_contrib,catalyst_contrib,pos_contrib,momentum_contrib,smart_money_contrib,clinical_conf,financial_conf,catalyst_conf,pos_conf,confidence_overall,conviction_overlap,tier1_conviction_overlap,tier1_count,coinvest_overlap_count,reinforcement_applied,reinforcement_type,reinforce_pts,catalyst_mult,momentum_mult,thesis_gate_blocked,skip_reason,catalyst_window_days,nearest_catalyst_type,in_optimal_window,alpha_60d,momentum_bucket,ev_trial_ratio,peer_count,si_pct,si_score,annualized_vol_pct,vol_bucket,partnership_count,partnership_strength,has_top_tier_partner,has_fda_designations,designation_count,pipeline_diversity_score,is_single_asset,competitive_intensity,cash_runway_months,burn_trajectory
1,QURE,63.65,61.74,0.2363,2.9542,mid,poc,small,none,72.99,71.00,42.08,98.85,,,85,28.98,13.50,0.00,6.00,,11.08,0.95,0.95,0.30,0.63,0.80500,12.221,12.221,9,9,True,weak,0.053,1.0053,1.0032,,,,,False,-0.3084,,,51,,48.00,,unknown,0,,,False,,75.0,,,,
2,ALKS,62.90,66.04,0.1933,2.4164,late,poc,mid,none,80.00,70.06,40.98,100.00,,,76.78217985391645846308873212,31.59,12.10,0.00,6.00,,8.71,0.95,0.95,0.30,0.84,0.80000,6.617,6.617,6,6,True,moderate,0.412,1.0412,1.0247,,,,,False,-0.0719,,,77,,70.00,,unknown,0,,,False,,88.0,,,,
3,EBS,62.84,60.95,0.2078,2.597,late,poc,small,none,80.00,77.37,40.98,90.08,,,42.72834875689924811263065393,32.43,15.02,0.00,6.00,,3.85,0.95,0.95,0.30,0.84,0.80000,0.6667,0.6667,1,1,True,weak,0.168,1.0168,1.0101,,,,,False,-0.0828,,,77,,71.00,,unknown,0,,,False,,88.0,,,,
4,NVAX,61.86,60.62,0.1833,2.2913,late,poc,small,none,80.00,79.35,51.45,75.70,,,41.72834875689924811263065393,29.14,13.84,2.12,6.00,,4.37,0.95,0.95,0.45,0.95,0.83000,0.6667,0.6667,1,1,True,moderate,0.259,1.0259,1.0156,,,,,False,-0.0280,,,108,,76.00,,unknown,1,,,True,,86.0,,,,
5,IRWD,61.40,53.70,0.1755,2.1943,late,poc,small,none,80.00,76.03,40.98,78.75,,,,35.31,16.07,0.00,6.00,,,0.95,0.95,0.30,0.92,0.80500,,,0,0,False,,,,,,below_threshold,,,False,2.1626,,,77,,48.00,,unknown,0,,,False,,80.0,,,,
6,CTNM,60.62,60.62,0.1692,2.1144,mid,pivotal,small,none,79.89,62.11,53.35,55.75,,,85,27.42,12.92,1.99,6.00,,10.17,0.95,0.95,0.45,0.50,0.83500,7.3461,7.3461,7,7,False,,,,,,stage_pivotal_not_active,,,True,0.3278,,,51,,49.00,,unknown,0,,,False,,78.0,,,,
7,CATX,59.83,59.83,0.1637,2.046,early,poc,small,none,80.00,67.87,52.77,69.49,,,51.46566680585542926692731131,31.20,12.67,2.33,6.00,,5.02,0.95,0.95,0.45,0.40,0.83500,2.5717,2.5717,2,2,True,moderate,0.388,1.0388,1.0233,,,,,False,-0.3393,,,28,,65.00,,unknown,0,,,False,,64.0,,,,
8,OPK,58.78,82.29,0.1589,1.9861,late,poc,small,none,76.37,69.04,40.98,75.70,,,,33.59,14.54,0.00,6.00,,,0.95,0.95,0.30,0.95,0.80500,,,0,0,False,,,,,,below_threshold,,,False,-0.2618,,,108,,57.00,,unknown,0,,,False,,88.0,,,,
9,AGIO,58.68,52.37,0.1507,1.884,late,poc,small,none,77.70,66.22,67.18,84.00,,,65.20298485481161042122396869,27.80,11.34,3.79,6.00,,7.76,0.95,0.95,0.65,0.87,0.87500,4.5382,4.5382,3,3,True,moderate,0.335,1.0335,1.0201,,,,,True,-0.4229,,,197,,57.00,,unknown,0,,,True,,83.0,,,,
10,IMRX,58.66,56.90,0.1472,1.8396,early,poc,small,none,75.15,64.89,43.66,69.49,,,54.46566680585542926692731131,31.50,14.80,0.00,6.00,,5.31,0.85,0.95,0.30,0.40,0.71500,1.6961,1.6961,2,2,True,moderate,0.292,1.0292,1.0175,,,,,False,-0.2538,,,0,,41.00,,unknown,0,,,False,,42.0,,,,
11,MBX,58.63,59.71,0.1439,1.7985,mid,poc,small,none,68.39,59.18,42.08,71.07,,,85,27.32,11.32,0.00,6.00,,11.08,0.95,0.95,0.30,0.58,0.80500,11.1396,11.1396,8,8,True,strong,0.799,1.0799,1.0479,,,,,False,0.7197,,,51,,75.00,,unknown,0,,,False,,75.0,,,,
12,ESPR,58.09,58.09,0.1408,1.7602,late,poc,small,none,80.00,70.73,58.59,68.52,,,42.72834875689924811263065393,29.51,12.50,3.41,6.00,,3.85,0.95,0.95,0.65,0.89,0.87000,0.6667,0.6667,1,1,True,weak,0.166,1.0166,1.01,,,,,True,0.0911,,,108,,50.00,,unknown,0,,,False,,86.0,,,,
13,BEAM,57.85,57.85,0.138,1.7244,early,pivotal,mid,none,69.30,69.86,46.14,100.00,,,67.81104483156110695180632499,26.32,14.67,0.00,6.00,,6.05,0.95,0.95,0.30,0.50,0.80000,6.1086,6.1086,4,4,False,,,,,,stage_pivotal_not_active,,,False,0.0620,,,28,,80.00,,unknown,2,,,True,,75.0,,,,
14,VYGR,57.79,57.79,0.1352,1.6906,early,early,micro,none,80.00,51.47,37.32,92.88,,,49.5,40.21,14.79,1.15,0.00,,3.54,0.95,0.95,0.45,0.37,0.83500,0.4,0.4,1,1,False,,,,,,stage_early_not_active,,,False,-0.2480,,,28,,57.00,,unknown,0,,,False,,67.0,,,,
15,ELVN,57.78,58.85,0.1327,1.6587,early,poc,small,none,64.62,66.87,43.66,69.49,,,80.41493900168015388411394085,26.38,13.07,0.00,6.00,,10.49,0.95,0.95,0.30,0.40,0.80500,6.0741,6.0741,6,6,True,moderate,0.403,1.0403,1.0242,,,,,False,0.1716,,,28,,63.00,,unknown,0,,,False,,50.0,,,,
16,TBPH,57.65,57.65,0.1303,1.6284,late,commercial,small,none,80.00,72.39,31.94,78.75,,,55.5,23.28,20.11,0.81,6.00,,3.44,0.95,0.95,0.45,0.90,0.83000,0.6667,0.6667,1,1,False,,,,,,stage_commercial_not_active,,,False,0.0998,,,77,,75.00,,unknown,0,,,False,,88.0,,,,
17,BCYC,28.71,57.59,0.128,1.5995,early,early,small,none,80.00,57.93,37.32,69.49,,,57.5,31.86,13.89,0.99,6.00,,4.80,0.85,0.95,0.45,0.40,0.74500,1.6406,1.6406,2,2,False,,,,,,stage_early_not_active,,,False,-0.3207,,,0,,63.00,,unknown,0,,,False,,35.0,,,,
18,ENTA,57.19,57.19,0.1257,1.5718,mid,poc,small,none,80.00,67.00,34.16,80.65,,,42.72834875689924811263065393,30.75,12.33,1.48,6.00,,3.85,0.95,0.95,0.45,0.61,0.83000,0.6667,0.6667,1,1,False,,,,,,no_catalyst_data,,,False,0.0642,,,51,,61.00,,unknown,0,,,False,,82.0,,,,
19,QSI,56.83,56.83,0.1236,1.5454,late,poc,micro,none,80.00,65.37,49.78,75.70,,,,32.70,13.81,2.42,6.00,,,0.95,0.95,0.45,0.95,0.83500,,,0,0,False,,,,,,below_threshold,,,True,-0.4416,,,197,,53.00,,unknown,0,,,False,,88.0,,,,
20,UPB,56.67,56.67,0.1196,1.4955,mid,poc,small,none,66.09,57.22,55.74,61.49,,,77.44030290376779157552062608,24.45,10.14,3.26,6.00,,9.22,0.95,0.95,0.65,0.56,0.87500,8.5256,8.5256,4,4,True,moderate,0.42,1.042,1.0252,,,,,True,0.1938,,,51,,63.00,,unknown,0,,,False,,75.0,,,,
21,ACRS,56.59,57.64,0.1177,1.4718,late,poc,small,none,80.00,55.23,43.28,84.00,,,63.20298485481161042122396869,31.54,10.42,0.00,6.00,,6.62,0.95,0.95,0.30,0.94,0.80500,2.4825,2.4825,3,3,True,weak,0.134,1.0134,1.0081,,,,,False,0.5373,,,197,,49.00,,unknown,0,,,False,,86.0,,,,
22,CHRS,56.53,57.58,0.1216,1.5199,late,poc,micro,none,66.75,70.56,57.05,72.94,,,55.5,24.51,13.39,3.47,6.00,,5.50,0.95,0.95,0.65,0.87,0.87500,0.7564,0.7564,1,1,True,weak,0.099,1.0099,1.0059,,,,,True,0.7180,,,197,,76.00,,unknown,0,,,False,,86.0,,,,
23,JANX,56.39,54.70,0.1142,1.4269,early,poc,small,none,64.62,70.85,43.66,69.49,,,85,23.81,14.21,0.00,6.00,,11.08,0.85,0.95,0.30,0.40,0.77500,7.2959,7.2959,7,7,True,weak,0.04,1.004,1.0024,,,,,False,-0.5851,,,28,,48.00,,unknown,0,,,False,,67.0,,,,
24,CGEM,56.30,57.34,0.1124,1.4055,early,poc,small,none,70.47,58.92,61.30,69.49,,,53.44030290376779157552062608,26.53,10.63,3.65,6.00,,6.35,0.95,0.95,0.65,0.40,0.87500,1.6307,1.6307,4,4,True,weak,0.205,1.0205,1.0123,,,,,True,0.2689,,,28,,59.00,,unknown,0,,,False,,74.0,,,,
25,TARA,28.71,55.84,0.1159,1.449,mid,pivotal,small,none,71.84,65.04,52.78,75.86,,,45.96129941586512670153032467,27.01,14.81,0.00,6.00,,4.33,0.95,0.95,0.30,0.58,0.80500,0.6667,0.6667,1,1,False,,,,,,stage_pivotal_not_active,,,False,0.4453,,,51,,56.00,,unknown,0,,,False,,75.0,,,,
26,SABS,55.76,55.76,0.1108,1.3847,mid,poc,micro,none,74.14,64.94,34.16,80.65,,,55.5,28.32,12.82,1.55,6.00,,5.50,0.95,0.95,0.45,0.61,0.83500,0.6667,0.6667,1,1,False,,,,,,no_catalyst_data,,,False,0.2244,,,51,,44.00,,unknown,0,,,False,,80.0,,,,
27,EWTX,55.72,56.75,0.1092,1.3645,mid,poc,mid,none,75.29,52.34,50.77,23.18,,,85,27.76,8.44,2.22,3.42,,11.08,0.95,0.95,0.45,0.53,0.83500,12.9774,12.9774,9,9,True,strong,0.833,1.0833,1.05,,,,,False,0.4750,,,51,,77.00,,unknown,0,,,False,,72.0,,,,
28,ALT,55.29,56.31,0.1076,1.3448,late,poc,small,none,78.03,66.79,48.34,70.73,,,36.22834875689924811263065393,28.76,11.79,2.01,6.00,,3.53,0.95,0.95,0.45,0.92,0.83500,0.4449,0.4449,1,1,True,moderate,0.254,1.0254,1.0152,,,,,False,0.3068,,,197,,47.00,,unknown,0,,,False,,82.0,,,,
29,GLUE,55.10,56.12,0.1061,1.3257,early,pivotal,small,none,76.32,63.45,61.13,69.49,,,71.91702510176298413558828865,24.47,14.01,2.41,6.00,,6.77,0.85,0.95,0.45,0.40,0.80500,2.4151,2.4151,3,3,False,,,,,,stage_pivotal_not_active,,,True,1.5895,,,77,,75.00,,unknown,0,,,False,,55.0,,,,
30,VNDA,54.54,55.55,0.1031,1.2887,late,poc,small,none,77.37,61.15,57.34,90.08,,,39.72834875689924811263065393,28.69,10.86,3.36,6.00,,3.58,0.95,0.95,0.65,0.84,0.87500,0.7172,0.7172,1,1,True,weak,0.17,1.017,1.0102,,,,,True,0.4860,,,197,,75.00,,unknown,0,,,False,,88.0,,,,
31,SUPN,54.52,54.52,0.1046,1.307,late,poc,mid,none,76.70,62.77,41.23,90.08,,,39.53841575014708017061842937,31.15,11.15,0.00,6.00,,3.46,0.95,0.95,0.30,0.84,0.80500,1.4608,1.4608,2,2,True,weak,0.154,1.0154,1.0092,,,,,False,-0.2354,,,77,,77.00,,unknown,0,,,False,,83.0,,,,
32,RARE,54.35,47.46,0.1017,1.2709,late,pivotal,mid,none,66.42,68.20,52.89,100.00,,,57.24417932624442780722529995,21.72,12.34,1.97,6.00,,6.72,0.95,0.95,0.45,0.95,0.83500,6.18,6.18,5,5,False,,,,,,stage_pivotal_not_active,,,True,-0.3918,,,108,,60.00,,unknown,1,,,True,,86.0,,,,
33,NKTX,53.95,53.95,0.0989,1.2364,early,early,micro,none,64.62,59.92,37.32,69.49,,,66.5,26.74,14.17,0.95,6.00,,5.55,0.95,0.95,0.45,0.40,0.83000,3.0452,3.0452,3,3,False,,,,,,stage_early_not_active,,,False,0.0217,,,28,,86.00,,unknown,0,,,False,,66.0,,,,
34,ACAD,53.68,53.68,0.0937,1.1715,late,regulatory,mid,none,67.41,65.09,53.82,90.08,,,71.0,18.98,12.47,3.97,6.00,,8.50,0.95,0.95,0.65,0.84,0.87000,8.9955,8.9955,7,7,True,strong,0.657,1.0657,1.0394,,,,,False,-0.1499,,,77,,61.00,,unknown,1,,,True,,83.0,,,,
35,HRTX,53.66,53.66,0.1003,1.2535,late,commercial,micro,none,72.06,62.98,31.94,72.94,,,58.0,21.30,19.17,0.86,6.00,,3.90,0.95,0.95,0.45,0.87,0.83500,1.2,1.2,2,2,False,,,,,,stage_commercial_not_active,,,False,-0.1520,,,197,,80.00,,unknown,0,,,False,,86.0,,,,
36,AMGN,53.65,53.65,0.0976,1.2197,late,poc,large,none,75.70,67.74,43.28,96.71,,,35.60431340475494693255151771,25.44,13.47,2.27,6.00,,2.55,0.95,0.95,0.65,0.87,0.87000,1.4315,1.4315,1,1,True,weak,0.103,1.0103,1.0062,,,,,True,-0.0773,,,77,,61.00,,unknown,0,,,True,,88.0,,,,
37,DNA,53.61,56.29,0.0963,1.2034,late,poc,small,none,68.41,71.00,43.28,96.71,,,42.22834875689924811263065393,25.07,12.46,2.50,6.00,,4.12,0.95,0.95,0.65,0.87,0.87500,0.6667,0.6667,1,1,True,weak,0.1,1.01,1.006,,,,,True,-0.3971,,,197,,68.00,,unknown,0,,,False,,88.0,,,,
38,BIIB,53.42,53.42,0.0925,1.1561,late,poc,large,none,73.71,63.10,57.88,100.00,,,69.42833442831016775095870782,24.22,12.26,2.97,6.00,,6.60,0.95,0.95,0.65,0.84,0.87000,5.3985,5.3985,5,5,True,weak,0.195,1.0195,1.0117,,,,,True,-0.0737,,,77,,75.00,,unknown,0,,,True,,88.0,,,,
39,XNCR,53.40,53.40,0.1546,1.9326,mid,poc,small,none,69.54,70.90,53.00,23.18,,,77.44030290376779157552062608,25.82,12.60,3.11,3.44,,9.21,0.95,0.95,0.65,0.53,0.87000,5.0774,5.0774,4,4,False,,,,,True,thesis_gate_triggered,,,True,-0.0975,,,51,,77.00,,unknown,1,,,True,,82.0,,,,
40,ARDX,53.39,54.38,0.095,1.1873,late,poc,small,none,80.00,49.18,53.00,78.75,,,42.72834875689924811263065393,29.43,8.66,3.08,6.00,,3.85,0.95,0.95,0.65,0.92,0.87000,1.1439,1.1439,1,1,True,weak,0.111,1.0111,1.0067,,,,,True,0.1467,,,108,,53.00,,unknown,0,,,False,,86.0,,,,
41,SRPT,53.26,47.53,0.0913,1.1409,late,regulatory,mid,none,64.43,71.00,40.98,100.00,,,65.0,18.06,13.55,3.01,6.00,,7.38,0.95,0.95,0.65,0.95,0.87500,3.2394,3.2394,3,3,True,moderate,0.286,1.0286,1.0172,,,,,False,-0.2454,,,108,,75.00,,unknown,1,,,True,,88.0,,,,
42,HRMY,53.24,74.54,0.0901,1.1259,late,poc,mid,none,65.09,79.02,49.54,75.70,,,45.09935677608942474373600505,24.17,12.83,2.18,6.00,,4.25,0.95,0.95,0.45,0.84,0.83000,3.3474,3.3474,3,3,True,weak,0.233,1.0233,1.014,,,,,True,-0.0892,,,77,,66.00,,unknown,0,,,False,,80.0,,,,
43,DYN,53.21,53.21,0.0889,1.1113,early,early,mid,none,58.77,65.88,38.06,100.00,,,80.0,23.84,12.92,0.95,6.00,,8.18,0.95,0.95,0.45,0.50,0.83500,10.1546,10.1546,8,8,False,,,,,,stage_early_not_active,,,False,-0.2209,,,28,,59.00,,unknown,0,,,False,,64.0,,,,
44,ASMB,53.12,53.12,0.0877,1.0968,mid,poc,small,none,70.69,63.08,53.00,80.65,,,42.72834875689924811263065393,26.86,11.48,3.18,6.00,,3.85,0.95,0.95,0.65,0.61,0.87500,0.7565,0.7565,1,1,True,weak,0.102,1.0102,1.0061,,,,,True,-0.2334,,,51,,63.00,,unknown,0,,,False,,79.0,,,,
45,ANAB,53.07,53.07,0.0866,1.0826,mid,pivotal,small,none,64.94,56.25,50.77,75.86,,,85,24.05,12.61,0.00,6.00,,9.11,0.95,0.95,0.30,0.58,0.80500,10.0213,10.0213,5,5,False,,,,,,stage_pivotal_not_active,,,False,0.3011,,,51,,80.00,,unknown,0,,,False,,74.0,,,,
46,BBOT,52.70,52.70,0.0855,1.0686,early,early,small,none,64.62,63.89,41.53,69.49,,,72.0,24.12,14.35,1.03,6.00,,6.43,0.85,0.95,0.45,0.40,0.80000,6.2719,6.2719,4,4,False,,,,,,stage_early_not_active,,,False,-0.0386,,,28,,45.00,,unknown,0,,,False,,52.0,,,,
47,SLN,52.08,52.08,0.0844,1.0548,mid,poc,micro,none,77.59,48.81,42.08,23.18,,,49.5,32.61,10.60,0.00,3.90,,4.91,0.95,0.95,0.30,0.53,0.80500,0.8364,0.8364,1,1,True,weak,0.041,1.0041,1.0025,,,,,False,-0.3924,,,51,,47.00,,unknown,0,,,False,,78.0,,,,
48,JAZZ,51.47,51.47,0.0833,1.0412,late,poc,large,none,69.24,56.47,39.70,96.71,,,79.38433968419897295556050534,22.74,10.97,1.46,6.00,,7.99,0.95,0.95,0.45,0.87,0.83000,10.4714,10.4714,6,6,True,strong,0.501,1.0501,1.03,,,,,True,-0.0009,,,77,,57.00,,unknown,0,,,False,,88.0,,,,
49,BMRN,51.37,52.86,0.0822,1.0277,late,poc,large,none,70.06,57.13,40.98,100.00,,,49.51632391653255734175511277,24.89,12.01,0.00,6.00,,4.13,0.95,0.95,0.30,0.95,0.80500,3.2424,3.2424,3,3,True,moderate,0.271,1.0271,1.0163,,,,,False,-0.2119,,,77,,64.00,,unknown,1,,,True,,88.0,,,,
50,KYMR,51.04,50.99,0.0812,1.0145,mid,poc,mid,none,76.44,41.00,36.99,23.18,,,73.72123882797411388997115643,28.55,6.70,1.64,3.46,,8.82,0.95,0.95,0.45,0.53,0.83000,6.8274,6.8274,5,5,False,,,,,,no_catalyst_data,,,False,0.0690,,,51,,70.00,,unknown,2,,,True,,78.0,,,,
51,INCY,50.85,50.85,0.0801,1.0014,late,poc,large,none,63.93,58.79,54.56,96.71,,,52.51632391653255734175511277,21.21,11.54,2.83,6.00,,4.38,0.95,0.95,0.65,0.87,0.87000,4.1879,4.1879,3,3,True,weak,0.127,1.0127,1.0076,,,,,True,-0.1486,,,77,,61.00,,unknown,2,,,True,,88.0,,,,
52,CDNA,50.59,50.59,0.0791,0.9885,late,poc,small,none,68.74,52.15,42.68,96.71,,,60.20298485481161042122396869,24.99,9.08,2.45,6.00,,6.31,0.95,0.95,0.65,0.87,0.87500,2.5597,2.5597,3,3,True,weak,0.146,1.0146,1.0087,,,,,True,0.1937,,,77,,79.00,,unknown,0,,,False,,88.0,,,,
53,TRVI,50.42,47.90,0.0781,0.9758,mid,poc,small,none,80.00,27.32,53.15,98.85,,,77.44030290376779157552062608,29.38,4.81,3.08,6.00,,9.21,0.95,0.95,0.65,0.63,0.87000,4.894,4.894,4,4,True,weak,0.209,1.0209,1.0125,,,,,True,-0.1420,,,51,,67.00,,unknown,0,,,False,,75.0,,,,
54,ANRO,50.05,48.55,0.0771,0.9632,late,poc,small,none,62.94,59.74,53.00,72.94,,,54.46566680585542926692731131,23.08,10.49,3.07,6.00,,5.31,0.95,0.95,0.65,0.87,0.87500,1.3333,1.3333,2,2,True,weak,0.115,1.0115,1.0069,,,,,True,1.1037,,,197,,72.00,,unknown,0,,,False,,68.0,,,,
55,TARS,49.77,45.79,0.0761,0.9508,late,commercial,mid,none,75.37,49.74,31.94,68.52,,,83.0,21.25,12.22,0.82,6.00,,6.86,0.95,0.95,0.45,0.89,0.83500,13.257,13.257,8,8,False,,,,,,stage_commercial_not_active,,,False,-0.1911,,,108,,86.00,,unknown,0,,,False,,76.0,,,,
56,RYTM,49.73,49.73,0.0751,0.9385,late,poc,mid,none,78.36,30.57,54.54,78.75,,,85,27.40,4.67,3.16,6.00,,11.08,0.95,0.95,0.65,0.92,0.87500,15.9036,15.9036,9,9,True,strong,0.58,1.058,1.0348,,,,,True,-0.2550,,,197,,65.00,,unknown,0,,,True,,83.0,,,,
57,MNKD,49.24,49.24,0.0732,0.9144,late,poc,small,none,79.02,47.01,51.53,78.75,,,,32.27,9.20,2.38,6.00,,,0.95,0.95,0.45,0.92,0.83000,,,0,0,False,,,,,,below_threshold,,,True,-0.0162,,,77,,47.00,,unknown,0,,,False,,88.0,,,,
58,VRTX,48.71,48.71,0.0713,0.8908,late,poc,large,none,80.00,39.72,60.10,100.00,,,55.01632391653255734175511277,26.40,7.75,2.21,6.00,,4.91,0.95,0.95,0.45,0.95,0.83000,5.0393,5.0393,3,3,True,weak,0.241,1.0241,1.0145,,,,,True,-0.0726,,,77,,60.00,,unknown,2,,,True,,88.0,,,,
59,LAB,48.38,48.38,0.0703,0.8792,late,poc,small,none,72.72,51.84,43.28,96.71,,,42.72834875689924811263065393,26.88,9.18,2.53,6.00,,3.85,0.95,0.95,0.65,0.87,0.87000,0.6667,0.6667,1,1,True,weak,0.1,1.01,1.006,,,,,True,-0.0392,,,197,,61.00,,unknown,0,,,False,,88.0,,,,
60,CAI,47.93,47.93,0.0685,0.8563,late,poc,mid,none,71.73,47.68,43.28,96.71,,,56.59935677608942474373600505,25.89,7.53,2.59,6.00,,5.70,0.95,0.95,0.65,0.94,0.87500,4.8434,4.8434,3,3,True,weak,0.131,1.0131,1.0078,,,,,True,-0.3412,,,77,,41.00,,unknown,0,,,False,,88.0,,,,
61,UTHR,47.88,47.88,0.0667,0.8338,late,pivotal,large,none,65.42,55.47,43.28,90.08,,,85,19.21,12.19,1.36,6.00,,8.29,0.95,0.95,0.45,0.90,0.83000,10.5498,10.5498,7,7,False,,,,,,stage_pivotal_not_active,,,True,-0.0435,,,77,,68.00,,unknown,0,,,True,,88.0,,,,
62,TVTX,47.86,47.86,0.0676,0.845,late,pivotal,mid,none,60.78,52.12,51.21,84.00,,,84.74417932624442780722529995,20.39,9.67,1.96,6.00,,8.05,0.95,0.95,0.45,0.95,0.83000,7.2549,7.2549,5,5,False,,,,,,stage_pivotal_not_active,,,True,-0.1086,,,108,,48.00,,unknown,0,,,False,,86.0,,,,
63,ALDX,47.72,47.72,0.0632,0.7901,late,pivotal,small,none,65.76,50.72,31.94,56.08,,,59.43916225881405541855930666,22.75,10.63,1.20,6.00,,5.21,0.95,0.95,0.45,0.78,0.83500,1.8496,1.8496,2,2,False,,,,,,stage_pivotal_not_active,,,False,-0.1539,,,197,,64.00,,unknown,0,,,False,,88.0,,,,
64,SIGA,47.71,47.71,0.0649,0.8118,late,commercial,small,none,63.43,62.44,31.94,68.52,,,,19.59,18.41,0.85,6.00,,,0.95,0.95,0.45,0.95,0.83500,,,0,0,False,,,,,,stage_commercial_not_active,,,False,-0.3841,,,77,,53.00,,unknown,0,,,True,,79.0,,,,
65,ANIP,47.59,47.59,0.0658,0.8227,late,poc,small,none,61.44,49.66,40.98,72.94,,,51.46566680585542926692731131,24.61,9.53,0.00,6.00,,5.02,0.95,0.95,0.30,0.87,0.80500,2.5548,2.5548,2,2,True,weak,0.244,1.0244,1.0147,,,,,False,-0.2406,,,77,,63.00,,unknown,0,,,False,,76.0,,,,
66,AXSM,47.53,47.53,0.0641,0.8009,late,poc,mid,none,75.04,25.50,22.42,90.08,,,85,26.61,3.95,1.32,6.00,,10.70,0.95,0.95,0.65,0.84,0.87500,9.6272,9.6272,7,7,True,moderate,0.42,1.042,1.0252,,,,,True,0.1795,,,108,,60.00,,unknown,0,,,True,,83.0,,,,
67,NVCR,47.50,47.50,0.0615,0.7688,late,poc,small,none,59.45,71.00,16.32,84.00,,,39.22834875689924811263065393,21.79,12.46,0.94,6.00,,3.82,0.95,0.95,0.65,0.87,0.87500,1.8485,1.8485,1,1,True,weak,0.214,1.0214,1.0129,,,,,True,-0.1900,,,108,,66.00,,unknown,0,,,False,,86.0,,,,
68,NBIX,47.40,47.40,0.0607,0.7583,late,poc,large,none,71.40,38.40,20.49,90.08,,,85,22.87,7.27,1.02,6.00,,9.98,0.95,0.95,0.65,0.84,0.87500,10.8186,10.8186,8,8,True,moderate,0.38,1.038,1.0228,,,,,True,-0.2597,,,77,,68.00,,unknown,1,,,True,,88.0,,,,
69,SPRY,47.33,43.54,0.0624,0.7794,late,poc,small,none,56.14,52.69,49.54,64.93,,,71.41493900168015388411394085,19.96,8.97,1.99,6.00,,9.31,0.95,0.95,0.45,0.90,0.83500,5.6858,5.6858,6,6,True,strong,0.548,1.0548,1.0329,,,,,True,-0.2934,,,197,,84.00,,unknown,0,,,False,,70.0,,,,
70,REGN,47.10,47.10,0.059,0.7375,late,poc,large,none,70.40,50.50,43.28,100.00,,,62.47232917242136254635691029,23.02,9.77,2.21,6.00,,5.57,0.95,0.95,0.65,0.95,0.87000,3.4214,3.4214,4,4,True,weak,0.117,1.0117,1.007,,,,,True,-0.0308,,,77,,68.00,,unknown,0,,,True,,88.0,,,,
71,OCUL,46.78,46.78,0.0566,0.7069,late,poc,small,none,69.24,28.87,48.81,90.08,,,85,24.82,4.96,1.98,6.00,,10.11,0.95,0.95,0.45,0.95,0.83500,10.0631,10.0631,5,5,True,strong,0.85,1.085,1.051,,,,,False,-0.3291,,,197,,48.00,,unknown,0,,,False,,83.0,,,,
72,AVIR,46.75,46.75,0.055,0.6869,late,poc,small,none,54.48,67.91,40.98,60.50,,,42.46566680585542926692731131,22.06,13.17,0.00,6.00,,4.14,0.95,0.95,0.30,0.78,0.80000,1.1405,1.1405,2,2,True,moderate,0.267,1.0267,1.016,,,,,False,-0.0857,,,108,,73.00,,unknown,0,,,False,,83.0,,,,
73,INDV,46.67,46.67,0.0582,0.7272,late,commercial,mid,none,80.00,44.36,32.46,90.08,,,52.5,23.43,11.32,0.86,6.00,,2.74,0.95,0.95,0.45,0.84,0.83000,1.7105,1.7105,1,1,False,,,,,,stage_commercial_not_active,,,False,-0.0200,,,77,,48.00,,unknown,0,,,False,,83.0,,,,
74,DVAX,46.52,45.59,0.0558,0.6969,late,poc,small,none,51.16,78.03,40.98,60.50,,,45.46566680585542926692731131,20.73,15.14,0.00,6.00,,4.43,0.95,0.95,0.30,0.78,0.80000,2.5208,2.5208,2,2,True,moderate,0.349,1.0349,1.0209,,,,,False,0.1388,,,77,,75.00,,unknown,0,,,False,,86.0,,,,
75,GH,45.96,45.96,0.0542,0.677,late,poc,large,none,72.39,42.97,43.28,96.71,,,58.51632391653255734175511277,24.00,8.43,2.24,6.00,,4.88,0.95,0.95,0.65,0.87,0.87500,5.0527,5.0527,3,3,True,weak,0.14,1.014,1.0084,,,,,True,0.2891,,,108,,61.00,,unknown,0,,,False,,88.0,,,,
76,MIRM,45.88,45.88,0.0534,0.6671,late,poc,mid,none,73.05,28.44,42.16,78.75,,,57.09935677608942474373600505,29.18,4.97,0.00,6.00,,5.38,0.95,0.95,0.30,0.92,0.80500,6.1468,6.1468,3,3,True,moderate,0.384,1.0384,1.023,,,,,False,0.1959,,,77,,71.00,,unknown,1,,,False,,83.0,,,,
77,SEPN,28.71,45.81,0.0518,0.6476,early,poc,small,none,44.16,70.47,61.30,69.49,,,85,14.86,12.91,3.70,6.00,,10.70,0.85,0.95,0.65,0.40,0.84500,6.9963,6.9963,5,5,True,moderate,0.441,1.0441,1.0265,,,,,True,0.1612,,,77,,49.00,,unknown,0,,,False,,35.0,,,,
78,FHTX,45.50,44.14,0.0503,0.6283,early,early,small,none,51.75,60.91,37.32,69.49,,,52.5,21.84,13.61,0.92,6.00,,3.75,0.95,0.95,0.45,0.40,0.83000,0.5333,0.5333,1,1,False,,,,,,stage_early_not_active,,,False,0.0544,,,28,,61.00,,unknown,0,,,False,,63.0,,,,
79,IONS,45.25,45.25,0.0741,0.9264,late,poc,large,none,59.79,60.02,67.18,39.77,,,,21.79,12.94,3.82,6.00,,,0.95,0.95,0.65,0.80,0.87000,,,0,0,False,,,,,True,thesis_gate_triggered,,,True,0.1263,,,108,,79.00,,unknown,3,,,True,,88.0,,,,
80,TRDA,44.97,44.97,0.048,0.5999,early,early,small,none,56.43,51.47,37.32,69.49,,,49.5,21.46,11.79,0.94,6.00,,3.54,0.85,0.95,0.45,0.40,0.80500,0.4,0.4,1,1,False,,,,,,stage_early_not_active,,,False,0.4166,,,28,,60.00,,unknown,0,,,False,,64.0,,,,
81,TEM,44.83,44.83,0.0487,0.6093,late,poc,mid,none,69.73,35.65,54.56,96.71,,,62.66029780203176931685358074,25.36,5.67,3.29,6.00,,6.31,0.95,0.95,0.65,0.87,0.87500,3.6092,3.6092,4,4,True,weak,0.103,1.0103,1.0062,,,,,True,-0.3026,,,108,,50.00,,unknown,0,,,False,,88.0,,,,
82,INVA,44.31,44.31,0.0465,0.5812,late,poc,small,none,51.99,74.05,43.28,66.03,,,,23.07,15.74,0.00,6.00,,,0.95,0.95,0.30,0.87,0.80500,,,0,0,False,,,,,,below_threshold,,,False,-0.1764,,,77,,63.00,,unknown,0,,,False,,75.0,,,,
83,JBIO,28.71,44.01,0.0435,0.5443,early,poc,small,none,46.50,55.94,43.66,89.96,,,68.00,18.72,12.26,0.00,6.00,,8.87,0.85,0.95,0.30,0.42,0.71500,6.5587,6.5587,10,10,True,weak,0.037,1.0037,1.0022,,,,,False,0.4461,,,0,,48.00,,unknown,0,,,False,,35.0,,,,
84,GILD,43.82,43.82,0.0443,0.5535,late,poc,large,none,70.73,36.40,43.28,84.00,,,45.56031866064375213715331524,23.42,7.13,2.24,6.00,,3.53,0.95,0.95,0.65,0.95,0.87000,3.9012,3.9012,2,2,True,weak,0.124,1.0124,1.0074,,,,,True,-0.0705,,,77,,57.00,,unknown,2,,,False,,88.0,,,,
85,GPCR,43.17,43.17,0.0428,0.5353,mid,poc,mid,none,62.64,37.09,42.08,65.33,,,85,25.00,6.47,0.00,6.00,,11.08,0.95,0.95,0.30,0.58,0.80500,14.4168,14.4168,9,9,True,strong,0.557,1.0557,1.0334,,,,,False,2.0283,,,51,,57.00,,unknown,0,,,False,,67.0,,,,
86,CABA,42.91,42.91,0.0407,0.5082,early,early,micro,sev1,78.66,26.09,37.32,100.00,,,66.5,32.28,6.12,0.94,6.00,,5.55,0.95,0.95,0.45,0.47,0.83000,3.5223,3.5223,3,3,False,,,,,,stage_early_not_active,,,False,0.1207,,,28,,73.00,,unknown,0,,,False,,66.0,,,,
87,HALO,42.70,42.70,0.0421,0.5262,late,poc,mid,none,74.71,24.46,40.98,84.00,,,,33.16,4.75,0.00,6.00,,,0.95,0.95,0.30,0.87,0.80000,,,0,0,False,,,,,,below_threshold,,,False,-0.1434,,,77,,68.00,,unknown,0,,,True,,88.0,,,,
88,APLS,42.69,42.69,0.0722,0.9025,late,pivotal,mid,none,54.15,67.41,35.86,26.23,,,83.67731382092774866264427491,18.44,12.70,1.39,3.99,,8.43,0.95,0.95,0.45,0.72,0.83500,8.9016,8.9016,6,6,False,,,,,True,thesis_gate_triggered,,,False,-0.2872,,,77,,66.00,,unknown,1,,,True,,86.0,,,,
89,SYRE,42.32,42.32,0.0399,0.4993,mid,poc,mid,none,37.35,60.16,54.51,87.36,,,82.78217985391645846308873212,13.68,9.64,3.31,6.00,,9.91,0.95,0.95,0.65,0.60,0.87500,5.686,5.686,6,6,True,weak,0.212,1.0212,1.0127,,,,,True,0.3086,,,51,,81.00,,unknown,0,,,False,,67.0,,,,
90,KNSA,42.27,42.27,0.0392,0.4904,late,poc,mid,none,57.46,41.05,42.16,50.00,,,45.53841575014708017061842937,21.44,6.70,2.61,6.00,,3.99,0.95,0.95,0.65,0.77,0.87000,3.6745,3.6745,2,2,True,weak,0.105,1.0105,1.0063,,,,,True,-0.0470,,,77,,58.00,,unknown,0,,,False,,88.0,,,,
91,NTRA,41.85,41.85,0.0364,0.4553,late,poc,large,none,76.03,29.77,49.51,84.00,,,54.42833442831016775095870782,25.13,5.82,1.83,6.00,,5.17,0.95,0.95,0.45,0.87,0.83000,6.5642,6.5642,5,5,True,moderate,0.379,1.0379,1.0227,,,,,True,0.0345,,,77,,60.00,,unknown,0,,,False,,88.0,,,,
92,ONC,41.52,41.52,0.0343,0.4293,late,poc,large,none,58.79,50.83,41.90,84.00,,,48.56031866064375213715331524,19.81,10.13,1.58,6.00,,3.76,0.95,0.95,0.45,0.87,0.83000,4.3074,4.3074,2,2,True,moderate,0.307,1.0307,1.0184,,,,,True,-0.1368,,,77,,53.00,,unknown,0,,,False,,86.0,,,,
93,AMRX,41.47,41.47,0.035,0.4379,late,poc,mid,none,74.38,25.78,42.93,72.94,,,,32.77,4.97,0.00,6.00,,,0.95,0.95,0.30,0.94,0.80000,,,0,0,False,,,,,,below_threshold,,,False,0.1223,,,77,,41.00,,unknown,0,,,False,,88.0,,,,
94,AMPH,41.37,41.37,0.0337,0.4207,late,commercial,small,none,52.52,61.77,31.94,70.73,,,,16.28,18.28,0.86,6.00,,,0.95,0.95,0.45,0.90,0.83500,,,0,0,False,,,,,,stage_commercial_not_active,,,False,-0.2005,,,77,,73.00,,unknown,0,,,False,,83.0,,,,
95,EXEL,41.14,41.14,0.0323,0.4036,late,poc,large,none,61.11,48.34,43.28,96.71,,,,22.11,10.35,2.44,6.00,,,0.95,0.95,0.65,0.87,0.87000,,,0,0,False,,,,,,below_threshold,,,True,-0.1428,,,77,,67.00,,unknown,0,,,True,,83.0,,,,
96,ARQT,41.04,41.04,0.033,0.4121,late,poc,mid,none,60.28,31.70,40.98,50.00,,,62.66029780203176931685358074,24.34,5.60,0.00,6.00,,6.31,0.95,0.95,0.30,0.77,0.80000,6.9422,6.9422,4,4,True,moderate,0.475,1.0475,1.0285,,,,,False,-0.0260,,,108,,65.00,,unknown,0,,,False,,83.0,,,,
97,MLYS,40.59,40.59,0.051,0.6379,late,pivotal,mid,none,50.50,69.60,36.55,39.77,,,85,16.97,12.94,1.40,6.00,,9.04,0.95,0.95,0.45,0.80,0.83000,11.278,11.278,7,7,False,,,,,True,thesis_gate_triggered,,,False,0.0849,,,197,,59.00,,unknown,0,,,False,,75.0,,,,
98,TECH,40.47,40.47,0.0302,0.3781,late,poc,mid,none,71.06,19.82,43.28,96.71,,,33.97747472420473559750085368,26.43,3.22,2.67,6.00,,2.75,0.95,0.95,0.65,0.87,0.87000,0.6667,0.6667,1,1,True,weak,0.054,1.0054,1.0033,,,,,True,-0.0764,,,77,,55.00,,unknown,0,,,False,,88.0,,,,
99,NAMS,40.43,40.43,0.0495,0.6188,late,pivotal,mid,none,55.47,47.49,52.74,32.03,,,84.74417932624442780722529995,18.97,8.98,2.05,4.98,,8.05,0.95,0.95,0.45,0.75,0.83500,10.9881,10.9881,5,5,False,,,,,True,thesis_gate_triggered,,,True,-0.2489,,,197,,63.00,,unknown,0,,,False,,88.0,,,,
100,RIGL,40.40,39.19,0.0526,0.6573,late,poc,small,none,48.34,64.09,53.45,50.00,,,42.72834875689924811263065393,18.06,11.47,3.16,6.00,,3.85,0.95,0.95,0.65,0.77,0.87000,0.6667,0.6667,1,1,False,,,,,True,thesis_gate_triggered,,,True,-0.1061,,,77,,57.00,,unknown,0,,,False,,88.0,,,,
101,LCTX,40.04,40.04,0.0289,0.3613,early,early,small,none,71.64,8.20,37.32,92.88,,,,39.07,2.37,1.19,0.00,,,0.95,0.95,0.45,0.37,0.83500,,,0,0,False,,,,,,stage_early_not_active,,,False,-0.1575,,,28,,66.00,,unknown,0,,,False,,64.0,,,,
102,DSGN,39.79,39.79,0.0694,0.8677,mid,poc,small,none,52.30,64.06,42.08,23.18,,,77.94030290376779157552062608,21.46,12.59,0.00,3.80,,8.72,0.95,0.95,0.30,0.53,0.80500,4.3855,4.3855,4,4,False,,,,,True,thesis_gate_triggered,,,False,0.5700,,,51,,53.00,,unknown,0,,,False,,64.0,,,,
103,CRL,39.68,39.68,0.0276,0.3446,late,poc,mid,none,66.09,25.12,54.56,96.71,,,,26.74,4.45,3.66,6.00,,,0.95,0.95,0.65,0.87,0.87000,,,0,0,False,,,,,,below_threshold,,,True,0.0298,,,77,,54.00,,unknown,0,,,False,,88.0,,,,
104,GLPG,39.46,39.46,0.0269,0.3363,late,pivotal,mid,none,78.69,9.87,68.31,96.71,,,62.87791033687778609638735002,27.86,1.28,2.75,6.00,,5.24,0.95,0.65,0.45,0.87,0.74500,5.5529,5.5529,3,3,False,,,,,,stage_pivotal_not_active,,,True,-0.1632,,,197,,53.00,,unknown,0,,,False,,88.0,,,,
105,EPRX,38.97,38.97,0.0249,0.3114,mid,poc,small,none,59.20,31.23,34.16,98.85,,,66.20298485481161042122396869,20.10,5.77,1.49,6.00,,6.93,0.85,0.95,0.45,0.63,0.80500,5.6156,5.6156,3,3,False,,,,,,no_catalyst_data,,,False,0.2082,,,51,,44.00,,unknown,0,,,False,,64.0,,,,
106,GERN,38.68,38.68,0.0598,0.7479,late,pivotal,small,none,56.14,71.00,40.98,6.61,,,52.93916225881405541855930666,20.83,15.96,0.00,1.08,,4.99,0.95,0.95,0.30,0.70,0.80500,2.414,2.414,2,2,False,,,,,True,thesis_gate_triggered,,,False,-0.1648,,,197,,75.00,,unknown,0,,,True,,86.0,,,,
107,CERS,38.17,38.17,0.0229,0.2868,late,poc,small,none,62.44,36.77,53.45,100.00,,,36.72834875689924811263065393,22.88,6.45,3.09,6.00,,3.31,0.95,0.95,0.65,0.95,0.87500,0.4,0.4,1,1,True,weak,0.095,1.0095,1.0057,,,,,True,0.4507,,,197,,54.00,,unknown,0,,,False,,83.0,,,,
108,RCKT,38.09,38.09,0.021,0.2623,mid,poc,small,sev1,61.50,21.46,42.08,98.85,,,65.70298485481161042122396869,24.93,4.17,0.00,6.00,,7.35,0.95,0.95,0.30,0.63,0.80500,2.5456,2.5456,3,3,True,moderate,0.386,1.0386,1.0231,,,,,False,-0.1850,,,51,,63.00,,unknown,1,,,True,,79.0,,,,
109,NRIX,37.50,37.50,0.0458,0.5719,mid,poc,small,none,57.47,50.39,42.08,23.18,,,56.94030290376779157552062608,23.58,9.91,0.00,3.80,,6.37,0.95,0.95,0.30,0.53,0.80500,3.5176,3.5176,4,4,False,,,,,True,thesis_gate_triggered,,,False,0.2455,,,51,,67.00,,unknown,0,,,False,,67.0,,,,
110,ARVN,37.45,34.45,0.0574,0.717,late,poc,small,none,53.48,71.00,54.54,6.61,,,71.94030290376779157552062608,19.65,12.49,3.16,1.08,,8.05,0.95,0.95,0.65,0.70,0.87500,5.9924,5.9924,4,4,False,,,,,True,thesis_gate_triggered,,,True,0.2699,,,108,,76.00,,unknown,0,,,False,,83.0,,,,
111,PTCT,36.94,36.94,0.045,0.5627,late,poc,mid,none,42.37,80.00,43.28,39.77,,,74.22123882797411388997115643,15.58,12.87,1.89,6.00,,7.95,0.95,0.95,0.45,0.80,0.83000,9.235,9.235,5,5,False,,,,,True,thesis_gate_triggered,,,False,0.0296,,,77,,79.00,,unknown,0,,,False,,88.0,,,,
112,BCRX,36.82,36.82,0.0184,0.2299,late,poc,small,none,51.49,33.08,48.34,60.50,,,60.20298485481161042122396869,19.10,5.87,2.02,6.00,,6.31,0.95,0.95,0.45,0.78,0.83500,2.6499,2.6499,3,3,True,moderate,0.394,1.0394,1.0236,,,,,False,-0.3558,,,77,,68.00,,unknown,0,,,False,,86.0,,,,
113,AARD,36.50,35.40,0.0414,0.5172,late,poc,micro,none,45.69,60.87,54.54,39.77,,,,18.77,12.92,3.72,6.00,,,0.95,0.95,0.65,0.80,0.87000,,,0,0,False,,,,,True,thesis_gate_triggered,,,True,0.0067,,,197,,64.00,,unknown,0,,,False,,75.0,,,,
114,ACIU,36.40,36.40,0.0171,0.2138,mid,poc,small,none,67.24,4.03,74.90,55.75,,,,29.39,0.56,5.17,6.00,,,0.95,0.65,0.65,0.50,0.78000,,,0,0,False,,,,,,below_threshold,,,True,0.0198,,,51,,57.00,,unknown,0,,,False,,75.0,,,,
115,BNTX,36.02,36.02,0.0158,0.1977,late,poc,large,none,63.93,19.16,43.53,84.00,,,53.47232917242136254635691029,21.64,2.54,2.30,6.00,,4.77,0.95,0.65,0.65,0.95,0.78000,3.2114,3.2114,4,4,True,weak,0.114,1.0114,1.0069,,,,,True,-0.0906,,,197,,58.00,,unknown,2,,,False,,86.0,,,,
116,GHRS,35.93,35.93,0.0152,0.1897,mid,poc,small,none,60.34,8.62,40.23,65.33,,,83.67762095272397272981728346,23.29,1.05,1.75,6.00,,9.95,0.95,0.65,0.45,0.58,0.74000,5.9367,5.9367,5,5,False,,,,,,no_catalyst_data,,,False,0.0008,,,51,,54.00,,unknown,0,,,False,,72.0,,,,
117,ROIV,35.90,35.90,0.0472,0.5905,mid,poc,large,none,48.14,71.00,34.16,23.18,,,78.42833442831016775095870782,16.82,16.68,1.51,3.90,,7.45,0.85,0.95,0.45,0.53,0.74000,7.6213,7.6213,5,5,False,,,,,True,thesis_gate_triggered,,,False,0.1042,,,0,,48.00,,unknown,0,,,False,,49.0,,,,
118,ORIC,35.53,35.53,0.0139,0.1737,early,poc,small,sev1,80.00,0,52.25,69.49,,,65.70298485481161042122396869,30.69,0.00,2.27,6.00,,7.35,0.95,0.95,0.45,0.40,0.83000,6.0559,6.0559,3,3,True,strong,0.637,1.0637,1.0382,,,,,False,-0.1331,,,28,,74.00,,unknown,0,,,False,,63.0,,,,
119,ALNY,35.41,35.41,0.0378,0.4728,late,poc,large,none,44.36,43.04,57.01,39.77,,,70.38433968419897295556050534,14.53,8.34,2.91,6.00,,7.09,0.95,0.95,0.65,0.80,0.87500,8.5908,8.5908,6,6,False,,,,,True,thesis_gate_triggered,,,True,-0.4163,,,77,,48.00,,unknown,2,,,True,,88.0,,,,
120,TGTX,35.35,35.35,0.0133,0.1658,late,poc,mid,none,57.79,21.14,43.28,84.00,,,51.09935677608942474373600505,23.21,3.71,0.00,6.00,,4.81,0.95,0.95,0.30,0.87,0.80500,2.9632,2.9632,3,3,True,weak,0.154,1.0154,1.0093,,,,,False,-0.2387,,,108,,73.00,,unknown,1,,,True,,86.0,,,,
121,DNLI,35.34,35.34,0.0357,0.4466,late,poc,mid,none,43.04,63.97,28.30,39.77,,,51.09935677608942474373600505,15.88,10.33,1.73,6.00,,4.81,0.95,0.95,0.65,0.80,0.87000,3.1707,3.1707,3,3,False,,,,,True,thesis_gate_triggered,,,True,0.1160,,,197,,67.00,,unknown,1,,,False,,83.0,,,,
122,CRMD,35.34,32.57,0.0145,0.1817,late,pivotal,small,none,51.99,27.12,57.37,64.93,,,59.43916225881405541855930666,17.74,5.61,2.12,6.00,,5.21,0.95,0.95,0.45,0.92,0.83500,1.6909,1.6909,2,2,False,,,,,,stage_pivotal_not_active,,,True,-0.5495,,,77,,53.00,,unknown,0,,,False,,75.0,,,,
123,SGMO,35.27,32.45,0.0094,0.1181,mid,poc,micro,sev1,78.73,11.69,42.08,98.85,,,,36.29,2.78,0.00,6.00,,,0.95,0.95,0.30,0.63,0.80500,,,0,0,False,,,,,,below_threshold,,,False,-0.5166,,,51,,48.00,,unknown,0,,,False,,84.0,,,,
124,VCEL,35.27,35.27,0.0114,0.1419,late,commercial,small,none,73.38,21.81,31.94,84.00,,,,22.66,6.43,0.85,6.00,,,0.95,0.95,0.45,0.95,0.83500,,,0,0,False,,,,,,stage_commercial_not_active,,,False,-0.2125,,,77,,65.00,,unknown,0,,,False,,80.0,,,,
125,FATE,35.26,32.41,0.0385,0.4816,mid,poc,micro,none,55.75,42.96,38.20,23.18,,,77.82050807568877293527446342,21.12,8.41,1.72,3.51,,8.96,0.95,0.95,0.45,0.53,0.83000,2.3416,2.3416,2,2,False,,,,,True,thesis_gate_triggered,,,False,-0.0967,,,51,,59.00,,unknown,0,,,True,,84.0,,,,
126,PYXS,34.84,34.84,0.0088,0.1102,early,poc,micro,sev1,57.60,15.15,52.25,69.49,,,85,22.13,3.01,2.38,6.00,,9.78,0.95,0.95,0.45,0.40,0.83500,2.2038,2.2038,3,3,True,moderate,0.336,1.0336,1.0202,,,,,False,-0.3429,,,28,,47.00,,unknown,0,,,False,,63.0,,,,
127,ARGX,34.81,34.81,0.0076,0.0944,late,poc,large,none,67.08,1.24,33.01,84.00,,,85,22.44,0.16,1.72,6.00,,8.56,0.95,0.65,0.65,0.94,0.78000,12.2118,12.2118,6,6,True,moderate,0.376,1.0376,1.0226,,,,,True,-0.1382,,,108,,61.00,,unknown,0,,,False,,88.0,,,,
128,AUPH,34.66,34.66,0.0223,0.2786,late,pivotal,small,none,46.35,54.15,31.94,50.00,,,46.96129941586512670153032467,16.18,11.45,1.21,6.00,,3.80,0.95,0.95,0.45,0.77,0.83000,2.6667,2.6667,1,1,False,,,,,True,thesis_gate_triggered,,,False,-0.1171,,,77,,59.00,,unknown,0,,,False,,86.0,,,,
129,MDGL,34.65,34.65,0.0262,0.328,late,poc,large,none,60.28,33.95,15.99,32.03,,,82.38433968419897295556050534,19.60,6.53,0.81,5.04,,9.22,0.95,0.95,0.65,0.75,0.87000,12.9415,12.9415,6,6,False,,,,,True,thesis_gate_triggered,,,True,-0.0340,,,197,,73.00,,unknown,0,,,True,,83.0,,,,
130,SNY,34.11,34.11,0.0057,0.0708,late,poc,large,none,79.68,6.55,43.53,100.00,,,32.60431340475494693255151771,27.48,0.88,2.34,6.00,,2.33,0.95,0.65,0.65,0.95,0.78500,0.4,0.4,1,1,True,weak,0.083,1.0083,1.005,,,,,True,-0.2722,,,108,,44.00,,unknown,0,,,False,,88.0,,,,
131,SGMT,34.03,34.03,0.0282,0.3529,late,pivotal,micro,none,43.70,62.13,32.97,32.03,,,46.49625948081285827943208558,15.43,14.34,1.32,5.14,,3.76,0.95,0.95,0.45,0.75,0.83500,0.5333,0.5333,1,1,False,,,,,True,thesis_gate_triggered,,,False,-0.4727,,,197,,59.00,,unknown,0,,,False,,84.0,,,,
132,CDTX,28.71,34.00,0.0069,0.0865,late,poc,unknown,none,52.82,0,48.34,60.50,,,85,26.99,0.00,2.93,6.00,,10.70,0.95,0.1,0.45,0.78,0.455,14.2442,14.2442,8,8,True,strong,0.903,1.0903,1.0542,,,,,False,,,,0,,50,,unknown,0,,,False,,83.0,,,,
133,TCRX,33.92,33.92,0.0044,0.055,early,pivotal,micro,sev1,72.81,12.16,43.66,69.49,,,63.11896724206605001902396979,28.55,3.12,0.00,6.00,,5.53,0.95,0.95,0.30,0.40,0.80500,1.3333,1.3333,2,2,False,,,,,,stage_pivotal_not_active,,,False,-0.5271,,,28,,64.00,,unknown,0,,,False,,80.0,,,,
134,PTGX,33.83,32.06,0.0216,0.2704,late,poc,mid,none,47.01,30.43,49.54,50.00,,,74.22123882797411388997115643,17.35,4.91,2.17,6.00,,7.95,0.95,0.95,0.45,0.77,0.83000,9.0738,9.0738,5,5,False,,,,,True,thesis_gate_triggered,,,True,-0.0228,,,77,,59.00,,unknown,0,,,False,,80.0,,,,
135,CLDX,33.62,33.62,0.0371,0.464,late,poc,small,none,40.38,66.50,67.18,6.61,,,77.44030290376779157552062608,14.71,11.60,3.86,1.07,,9.22,0.95,0.95,0.65,0.70,0.87500,4.8709,4.8709,4,4,False,,,,,True,thesis_gate_triggered,,,True,-0.1801,,,197,,61.00,,unknown,0,,,False,,86.0,,,,
136,PBYI,32.75,32.75,0.0316,0.3951,late,poc,small,none,53.82,62.11,41.48,6.61,,,42.72834875689924811263065393,22.19,12.26,0.00,1.21,,3.85,0.95,0.95,0.30,0.70,0.80000,0.6667,0.6667,1,1,False,,,,,True,thesis_gate_triggered,,,False,0.1088,,,77,,63.00,,unknown,0,,,False,,83.0,,,,
137,LXEO,32.68,30.11,-0.0006,-0.0079,early,early,small,sev1,73.98,6.21,37.32,100.00,,,55.0,30.63,1.36,0.90,6.00,,4.26,0.95,0.95,0.45,0.50,0.83500,0.6667,0.6667,1,1,False,,,,,,stage_early_not_active,,,False,-0.1892,,,28,,57.00,,unknown,0,,,False,,75.0,,,,
138,GRFS,28.71,32.50,0.0,0.0,late,poc,unknown,none,61.77,0,43.28,96.71,,,,33.83,0.00,3.93,6.00,,,0.95,0.1,0.65,0.94,0.56000,,,0,0,False,,,,,,below_threshold,,,True,-0.2906,,,0,,61.00,,unknown,0,,,False,,88.0,,,,
139,MEDP,32.50,32.50,0.0309,0.3866,early,early,large,none,59.94,34.80,37.32,7.12,,,,29.01,11.02,1.04,0.00,,,0.95,0.95,0.45,0.30,0.83000,,,0,0,False,,,,,True,thesis_gate_triggered,,,False,-0.1168,,,77,,61.00,,unknown,0,,,False,,68.0,,,,
140,SERA,32.13,32.13,0.0296,0.3697,early,early,micro,none,41.82,47.96,37.32,24.66,,,55.5,21.02,13.78,1.15,0.00,,3.97,0.95,0.95,0.45,0.32,0.83500,0.6667,0.6667,1,1,False,,,,,True,thesis_gate_triggered,,,False,-0.2265,,,28,,57.00,,unknown,0,,,False,,50.0,,,,
141,TWST,31.94,31.94,0.019,0.238,early,early,mid,none,55.26,30.07,37.32,39.28,,,49.5,23.69,6.23,0.98,6.00,,3.06,0.95,0.95,0.45,0.40,0.83500,0.4,0.4,1,1,False,,,,,True,thesis_gate_triggered,,,False,0.1998,,,28,,84.00,,unknown,0,,,False,,71.0,,,,
142,AMLX,31.32,31.32,0.0243,0.3032,late,poc,small,none,29.77,57.20,54.54,39.77,,,85,10.59,9.75,3.06,6.00,,11.08,0.95,0.95,0.65,0.80,0.87000,15.2274,15.2274,9,9,False,,,,,True,thesis_gate_triggered,,,True,0.1302,,,197,,65.00,,unknown,0,,,False,,83.0,,,,
143,VIR,31.31,31.31,-0.0019,-0.0236,late,pivotal,small,sev1,41.71,34.51,54.06,60.50,,,59.43916225881405541855930666,14.43,7.23,2.02,6.00,,5.21,0.95,0.95,0.45,0.78,0.83500,1.4203,1.4203,2,2,False,,,,,,stage_pivotal_not_active,,,True,0.2528,,,197,,66.00,,unknown,0,,,False,,86.0,,,,
144,RCUS,31.29,31.29,0.0256,0.3197,late,poc,mid,none,36.40,71.00,67.18,6.61,,,68.66029780203176931685358074,13.48,11.50,4.12,1.09,,6.91,0.95,0.95,0.65,0.70,0.87500,5.7924,5.7924,4,4,False,,,,,True,thesis_gate_triggered,,,True,0.2872,,,108,,50.00,,unknown,1,,,False,,83.0,,,,
145,CYTK,30.89,30.89,0.0197,0.2461,late,poc,mid,none,52.49,12.52,57.34,26.23,,,79.72123882797411388997115643,19.12,1.99,3.46,4.30,,9.05,0.95,0.95,0.65,0.72,0.87000,8.3869,8.3869,5,5,False,,,,,True,thesis_gate_triggered,,,True,0.0694,,,197,,69.00,,unknown,1,,,False,,88.0,,,,
146,FOLD,30.79,30.79,0.0107,0.134,late,poc,mid,none,53.15,27.78,42.68,39.77,,,82.78217985391645846308873212,21.09,4.82,0.00,6.00,,9.40,0.95,0.95,0.30,0.80,0.80500,7.7557,7.7557,6,6,False,,,,,True,thesis_gate_triggered,,,False,0.4044,,,77,,60.00,,unknown,1,,,True,,83.0,,,,
147,IMTX,30.78,30.78,0.0236,0.295,late,pivotal,small,none,49.34,65.66,31.94,6.61,,,,18.87,15.21,1.32,1.12,,,0.95,0.95,0.45,0.70,0.83000,,,0,0,False,,,,,True,thesis_gate_triggered,,,False,-0.0741,,,197,,69.00,,unknown,0,,,False,,83.0,,,,
148,MAZE,30.53,30.53,0.0038,0.0472,mid,poc,mid,none,30.46,44.91,42.08,71.07,,,57.09935677608942474373600505,12.70,9.30,0.00,6.00,,5.38,0.85,0.95,0.30,0.58,0.71500,6.2137,6.2137,3,3,False,,,,,True,thesis_gate_triggered,,,False,0.5911,,,0,,55.00,,unknown,0,,,False,,46.0,,,,
149,IRON,30.43,30.43,0.0126,0.1578,late,pivotal,mid,none,23.47,57.77,42.43,50.00,,,85,8.40,11.43,0.00,6.00,,9.98,0.95,0.95,0.30,0.77,0.80000,11.413,11.413,8,8,False,,,,,True,thesis_gate_triggered,,,False,-0.1388,,,197,,57.00,,unknown,0,,,False,,76.0,,,,
150,TNGX,30.41,30.41,-0.0031,-0.0393,early,poc,small,sev1,68.13,0,52.25,69.49,,,85,25.72,0.00,2.23,6.00,,10.70,0.95,0.95,0.45,0.40,0.83500,6.8791,6.8791,5,5,True,strong,0.691,1.0691,1.0415,,,,,False,0.3061,,,28,,68.00,,unknown,0,,,False,,60.0,,,,
151,CADL,30.41,30.41,0.0203,0.2542,late,poc,small,none,50.83,54.10,40.98,6.61,,,,23.00,11.73,0.00,1.33,,,0.95,0.95,0.30,0.70,0.80500,,,0,0,False,,,,,True,thesis_gate_triggered,,,False,-0.1888,,,197,,67.00,,unknown,0,,,False,,79.0,,,,
152,HROW,29.89,29.89,-0.005,-0.0629,late,commercial,small,none,62.94,15.84,34.33,66.86,,,55.5,18.25,4.38,0.86,6.00,,3.44,0.95,0.95,0.45,0.95,0.83000,2.6667,2.6667,1,1,False,,,,,,stage_commercial_not_active,,,False,-0.1078,,,77,,67.00,,unknown,0,,,False,,68.0,,,,
153,KMDA,29.67,29.67,-0.0063,-0.0787,late,commercial,small,none,74.05,4.56,37.06,68.52,,,,24.02,0.93,1.04,6.00,,,0.95,0.65,0.45,0.95,0.74000,,,0,0,False,,,,,,stage_commercial_not_active,,,False,-0.0028,,,197,,50.00,,unknown,0,,,False,,86.0,,,,
154,ILMN,28.71,29.64,0.0177,0.2218,early,early,large,none,39.48,50.58,37.32,39.28,,,52.0,13.64,12.99,0.84,6.00,,2.94,0.85,0.95,0.45,0.40,0.80000,2.1333,2.1333,2,2,False,,,,,True,thesis_gate_triggered,,,False,0.0856,,,77,,68.00,,unknown,0,,,False,,35.0,,,,
155,INSM,29.40,29.40,0.005,0.0629,late,poc,large,none,58.12,10.84,33.36,28.99,,,85,18.54,2.05,1.66,4.43,,11.08,0.95,0.95,0.65,0.73,0.87500,23.4904,23.4904,14,14,False,,,,,True,thesis_gate_triggered,,,True,-0.1747,,,108,,48.00,,unknown,0,,,True,,88.0,,,,
156,AVXL,29.15,29.15,0.0082,0.1023,late,pivotal,small,none,49.34,43.54,31.94,21.81,,,,18.90,10.10,1.33,3.62,,,0.95,0.95,0.45,0.67,0.83500,,,0,0,False,,,,,True,thesis_gate_triggered,,,False,-0.5013,,,197,,79.00,,unknown,0,,,False,,83.0,,,,
157,CRNX,29.14,29.14,0.0165,0.2057,late,poc,mid,none,39.06,61.43,42.16,6.61,,,74.22123882797411388997115643,14.36,9.88,2.57,1.08,,7.95,0.95,0.95,0.65,0.70,0.87500,6.055,6.055,5,5,False,,,,,True,thesis_gate_triggered,,,True,0.1689,,,197,,68.00,,unknown,0,,,True,,83.0,,,,
158,CLYM,29.00,29.00,-0.0088,-0.1102,mid,poc,small,none,20.12,39.04,51.90,87.36,,,60.20298485481161042122396869,7.61,7.08,2.22,6.00,,6.30,0.95,0.95,0.45,0.60,0.83500,1.7333,1.7333,3,3,True,moderate,0.297,1.0297,1.0178,,,,,True,1.1803,,,51,,61.00,,unknown,0,,,False,,67.0,,,,
159,ABCL,28.93,28.93,0.0063,0.0787,late,pivotal,small,none,30.76,64.25,34.84,39.77,,,58.93916225881405541855930666,10.53,13.33,1.29,6.00,,5.55,0.95,0.95,0.45,0.80,0.83500,2.2797,2.2797,2,2,False,,,,,True,thesis_gate_triggered,,,False,-0.3638,,,197,,77.00,,unknown,0,,,False,,79.0,,,,
160,PCVX,28.71,28.71,0.0025,0.0314,late,pivotal,mid,none,12.52,64.81,34.33,60.50,,,85,4.16,11.92,1.30,6.00,,9.98,0.95,0.95,0.45,0.78,0.83000,10.6154,10.6154,8,8,False,,,,,True,thesis_gate_triggered,,,False,0.0886,,,197,,67.00,,unknown,1,,,True,,76.0,,,,
161,ALLO,28.44,28.44,0.012,0.1499,mid,poc,small,none,41.96,55.27,38.82,23.18,,,,17.88,11.28,1.87,3.95,,,0.95,0.95,0.45,0.53,0.83000,,,0,0,False,,,,,True,thesis_gate_triggered,,,False,0.0160,,,51,,56.00,,unknown,0,,,True,,78.0,,,,
162,AQST,28.07,25.87,0.0101,0.1261,late,pivotal,small,none,33.42,61.71,31.94,21.81,,,84.39488794471191285261727064,11.52,12.89,1.19,3.26,,8.50,0.95,0.95,0.45,0.67,0.83500,4.8334,4.8334,4,4,False,,,,,True,thesis_gate_triggered,,,False,-0.6088,,,197,,60.00,,unknown,0,,,False,,79.0,,,,
163,CRBU,27.80,24.81,-0.0133,-0.1658,early,early,micro,sev1,54.09,15.15,37.32,69.49,,,,24.42,3.91,1.03,6.00,,,0.95,0.95,0.45,0.40,0.83500,,,0,0,False,,,,,,stage_early_not_active,,,False,-0.4694,,,28,,51.00,,unknown,0,,,False,,70.0,,,,
164,ALVO,27.79,26.96,-0.0126,-0.1578,late,pivotal,small,none,64.76,0,37.06,50.00,,,,25.52,0.00,1.58,6.00,,,0.95,0.65,0.45,0.77,0.74500,,,0,0,False,,,,,,stage_pivotal_not_active,,,False,-0.3198,,,108,,38.00,,unknown,0,,,False,,79.0,,,,
165,MESO,27.48,27.48,-0.0139,-0.1737,late,poc,mid,none,59.12,0,43.53,50.00,,,,27.42,0.00,0.00,6.00,,,0.95,0.65,0.30,0.77,0.71000,,,0,0,False,,,,,,below_threshold,,,False,-0.0778,,,197,,52.00,,unknown,0,,,False,,88.0,,,,
166,ANNX,27.34,27.34,-0.0145,-0.1817,late,pivotal,small,sev1,58.46,8.01,31.94,50.00,,,83.89488794471191285261727064,19.80,1.64,1.17,6.00,,8.99,0.95,0.95,0.45,0.77,0.83500,5.276,5.276,4,4,False,,,,,,stage_pivotal_not_active,,,False,0.8411,,,197,,57.00,,unknown,0,,,False,,83.0,,,,
167,SANA,27.22,25.02,-0.0171,-0.2138,early,early,small,sev1,61.11,0,37.32,69.49,,,61.0,25.61,0.00,0.91,6.00,,4.73,0.95,0.95,0.45,0.40,0.83000,2.0164,2.0164,2,2,False,,,,,,stage_early_not_active,,,False,0.0184,,,28,,80.00,,unknown,0,,,False,,72.0,,,,
168,TYRA,27.22,27.22,0.0006,0.0079,mid,poc,small,none,52.30,35.14,42.08,23.18,,,53.96566680585542926692731131,21.63,6.96,0.00,3.84,,5.66,0.95,0.95,0.30,0.53,0.80500,2.6002,2.6002,2,2,False,,,,,True,thesis_gate_triggered,,,False,0.8774,,,51,,65.00,,unknown,0,,,False,,75.0,,,,
169,ABSI,26.91,26.10,0.0031,0.0393,late,poc,small,none,32.42,53.25,53.30,6.61,,,66.20298485481161042122396869,12.12,9.54,2.25,1.10,,6.93,0.95,0.95,0.45,0.70,0.83500,4.0822,4.0822,3,3,False,,,,,True,thesis_gate_triggered,,,True,-0.4056,,,197,,70.00,,unknown,0,,,False,,88.0,,,,
170,TENX,26.78,26.78,0.0019,0.0236,late,poc,micro,none,26.12,58.61,40.98,26.23,,,55.5,10.73,12.44,0.00,4.85,,5.50,0.95,0.95,0.30,0.72,0.80500,0.6667,0.6667,1,1,False,,,,,True,thesis_gate_triggered,,,False,0.7537,,,197,,75.00,,unknown,0,,,False,,75.0,,,,
171,CLLS,26.63,25.83,-0.0177,-0.2218,early,poc,small,none,52.92,0,47.37,69.49,,,,25.78,0.00,0.00,6.00,,,0.95,0.65,0.30,0.40,0.71000,,,0,0,False,,,,,,below_threshold,,,False,0.0181,,,28,,39.00,,unknown,0,,,False,,63.0,,,,
172,ZLAB,26.61,26.61,0.0013,0.0157,late,poc,small,none,33.42,71.00,64.41,6.61,,,47.70298485481161042122396869,12.28,12.49,3.73,1.08,,5.34,0.95,0.95,0.65,0.70,0.87500,2.1944,2.1944,3,3,False,,,,,True,thesis_gate_triggered,,,True,-0.5676,,,108,,68.00,,unknown,0,,,False,,88.0,,,,
173,GMAB,26.51,26.51,-0.0184,-0.2299,late,pivotal,large,none,57.13,8.54,54.93,84.00,,,58.91000317999046003179988870,17.99,1.33,1.85,6.00,,4.27,0.95,0.65,0.45,0.87,0.74000,2.5752,2.5752,3,3,False,,,,,,stage_pivotal_not_active,,,True,0.0376,,,108,,59.00,,unknown,0,,,False,,86.0,,,,
174,XENE,26.19,26.19,-0.0013,-0.0157,late,pivotal,mid,none,41.05,24.94,52.74,21.81,,,85,13.88,4.67,2.03,3.20,,9.51,0.95,0.95,0.45,0.67,0.83500,9.0211,9.0211,8,8,False,,,,,True,thesis_gate_triggered,,,True,-0.1610,,,197,,65.00,,unknown,0,,,False,,83.0,,,,
175,WVE,25.89,23.86,-0.0223,-0.2786,mid,poc,mid,sev1,47.70,0,42.08,98.85,,,80.22123882797411388997115643,19.44,0.00,0.00,6.00,,8.59,0.95,0.95,0.30,0.63,0.80500,4.6471,4.6471,5,5,True,weak,0.224,1.0224,1.0135,,,,,False,0.1508,,,51,,60.00,,unknown,0,,,False,,78.0,,,,
176,ARWR,25.82,23.75,-0.0025,-0.0314,late,pivotal,mid,none,25.12,40.38,54.46,39.77,,,51.94477584219446524096837506,8.71,7.75,2.15,6.00,,4.03,0.95,0.95,0.45,0.80,0.83500,1.8245,1.8245,2,2,False,,,,,True,thesis_gate_triggered,,,True,1.0073,,,77,,57.00,,unknown,2,,,True,,88.0,,,,
177,ELDN,25.08,25.08,-0.0262,-0.328,mid,poc,micro,sev1,37.35,14.62,34.16,71.07,,,52.5,14.32,2.90,1.55,6.00,,5.20,0.95,0.95,0.45,0.58,0.83500,0.5333,0.5333,1,1,False,,,,,,no_catalyst_data,,,False,-0.4504,,,51,,53.00,,unknown,0,,,False,,75.0,,,,
178,ABUS,24.69,24.69,-0.0057,-0.0708,mid,pivotal,small,none,45.40,25.36,51.57,23.18,,,,17.65,5.97,2.17,3.58,,,0.95,0.95,0.45,0.53,0.83500,,,0,0,False,,,,,True,thesis_gate_triggered,,,True,-0.2356,,,51,,47.00,,unknown,0,,,False,,78.0,,,,
179,ACRV,24.40,24.40,-0.0038,-0.0472,mid,poc,micro,none,20.12,61.13,42.38,23.18,,,78.32050807568877293527446342,7.56,13.50,0.00,3.96,,8.40,0.85,0.95,0.30,0.53,0.77000,1.3333,1.3333,2,2,False,,,,,True,thesis_gate_triggered,,,False,-0.1094,,,51,,44.00,,unknown,0,,,False,,64.0,,,,
180,ABEO,24.39,24.39,-0.0044,-0.055,late,pivotal,micro,none,15.50,66.42,31.94,39.77,,,57.11896724206605001902396979,5.40,15.13,1.27,6.00,,5.00,0.95,0.95,0.45,0.80,0.83500,1.1748,1.1748,2,2,False,,,,,True,thesis_gate_triggered,,,False,-0.2639,,,197,,76.00,,unknown,0,,,False,,76.0,,,,
181,HUMA,23.98,23.98,-0.0101,-0.1261,late,poc,micro,sev1,55.14,15.91,40.98,26.23,,,,25.13,3.75,0.00,5.38,,,0.95,0.95,0.30,0.72,0.80500,,,0,0,False,,,,,True,thesis_gate_triggered,,,False,-0.5989,,,197,,56.00,,unknown,0,,,False,,80.0,,,,
182,ADMA,23.77,23.77,-0.0296,-0.3697,late,commercial,mid,none,39.52,13.84,31.94,63.82,,,49.0,11.41,3.48,0.84,6.00,,2.77,0.95,0.95,0.45,0.95,0.83500,1.1748,1.1748,2,2,False,,,,,,stage_commercial_not_active,,,False,-0.2338,,,77,,63.00,,unknown,0,,,False,,75.0,,,,
183,KYTX,23.76,23.05,-0.0114,-0.1419,mid,poc,small,sev1,57.47,19.51,57.05,23.18,,,42.72834875689924811263065393,22.03,3.58,3.45,3.56,,3.85,0.95,0.95,0.65,0.53,0.87500,1.5442,1.5442,1,1,False,,,,,True,thesis_gate_triggered,,,True,0.4010,,,51,,56.00,,unknown,0,,,False,,78.0,,,,
184,CMPS,23.58,23.58,-0.0069,-0.0865,late,poc,small,sev1,37.72,23.24,52.54,21.81,,,85,13.80,4.07,3.03,3.48,,10.11,0.95,0.95,0.65,0.67,0.87000,6.8016,6.8016,5,5,False,,,,,True,thesis_gate_triggered,,,True,-0.0064,,,197,,60.00,,unknown,0,,,False,,76.0,,,,
185,DRUG,23.50,23.50,-0.019,-0.238,mid,poc,small,none,41.96,17.55,34.16,55.75,,,66.20298485481161042122396869,14.45,3.29,1.51,6.00,,6.93,0.85,0.95,0.45,0.50,0.80500,6.5162,6.5162,3,3,False,,,,,True,thesis_gate_triggered,,,False,0.4962,,,51,,44.00,,unknown,0,,,False,,67.0,,,,
186,NGNE,23.44,22.74,-0.0076,-0.0944,late,pivotal,micro,none,5.23,62.13,31.94,39.77,,,85,1.75,13.56,1.21,6.00,,10.70,0.95,0.95,0.45,0.80,0.83500,11.7551,11.7551,8,8,False,,,,,True,thesis_gate_triggered,,,False,-0.4894,,,197,,83.00,,unknown,0,,,False,,79.0,,,,
187,RAPP,23.34,23.34,-0.0082,-0.1023,mid,poc,small,none,7.47,69.92,42.69,55.75,,,77.17762095272397272981728346,2.72,13.85,0.00,6.00,,10.06,0.85,0.95,0.30,0.50,0.77000,7.3052,7.3052,5,5,False,,,,,True,thesis_gate_triggered,,,False,-0.0361,,,51,,59.00,,unknown,0,,,False,,63.0,,,,
188,RGNX,23.00,21.16,-0.0094,-0.1181,late,poc,small,none,11.19,71.00,53.00,39.77,,,42.72834875689924811263065393,4.17,12.66,3.12,6.00,,3.85,0.95,0.95,0.65,0.80,0.87000,2.6667,2.6667,1,1,False,,,,,True,thesis_gate_triggered,,,True,-0.0123,,,197,,69.00,,unknown,0,,,False,,80.0,,,,
189,CCCC,22.47,22.47,-0.012,-0.1499,mid,pivotal,micro,none,24.72,33.19,55.09,23.18,,,76.74167500331924175861585401,8.80,7.72,2.23,3.28,,7.23,0.95,0.95,0.45,0.53,0.83500,2.0301,2.0301,3,3,False,,,,,True,thesis_gate_triggered,,,True,-0.3736,,,51,,60.00,,unknown,0,,,False,,57.0,,,,
190,SNDX,22.06,22.06,-0.0107,-0.134,late,poc,small,sev1,37.06,20.99,66.25,6.61,,,64.70298485481161042122396869,13.39,3.63,3.78,1.06,,8.15,0.95,0.95,0.65,0.70,0.87500,3.6453,3.6453,3,3,False,,,,,True,thesis_gate_triggered,,,True,0.2260,,,197,,83.00,,unknown,1,,,False,,88.0,,,,
191,MLTX,21.94,21.94,-0.0165,-0.2057,late,poc,small,none,7.54,68.48,50.41,50.00,,,61.94030290376779157552062608,2.72,11.84,2.06,6.00,,8.08,0.95,0.95,0.45,0.77,0.83000,2.5931,2.5931,4,4,False,,,,,True,thesis_gate_triggered,,,True,-0.0925,,,197,,44.00,,unknown,0,,,False,,80.0,,,,
192,PGEN,21.94,21.28,-0.0371,-0.464,late,pivotal,small,sev1,62.11,0.12,40.98,66.03,,,46.96129941586512670153032467,22.97,0.03,0.00,6.00,,3.80,0.95,0.95,0.30,0.87,0.80500,1.6709,1.6709,1,1,False,,,,,,stage_pivotal_not_active,,,False,0.3112,,,197,,59.00,,unknown,0,,,False,,80.0,,,,
193,CRSP,21.87,21.87,-0.0158,-0.1977,late,poc,mid,none,7.54,71.00,40.98,39.77,,,56.59935677608942474373600505,3.03,12.48,0.00,6.00,,5.70,0.95,0.95,0.30,0.80,0.80500,4.2709,4.2709,3,3,False,,,,,True,thesis_gate_triggered,,,False,-0.3106,,,197,,80.00,,unknown,2,,,True,,86.0,,,,
194,PACB,21.72,21.72,-0.0152,-0.1897,early,early,small,sev1,10.23,71.00,44.74,39.28,,,58.0,3.26,18.09,1.26,6.00,,4.50,0.65,0.95,0.45,0.40,0.68000,1.2,1.2,2,2,False,,,,,True,thesis_gate_triggered,,,False,0.1247,,,0,,56.00,,unknown,0,,,False,,35,,,,
195,ASND,21.33,21.33,-0.0249,-0.3114,late,poc,large,none,39.72,0,25.63,39.77,,,85,13.24,0.00,1.33,6.00,,9.98,0.95,0.65,0.65,0.80,0.78000,17.1348,17.1348,9,9,False,,,,,True,thesis_gate_triggered,,,True,-0.0988,,,108,,65.00,,unknown,0,,,False,,83.0,,,,
196,COLL,21.16,21.16,-0.0289,-0.3613,late,commercial,small,none,7.54,59.45,31.94,63.82,,,,2.09,17.90,0.87,6.00,,,0.85,0.95,0.45,0.89,0.80000,,,0,0,False,,,,,True,thesis_gate_triggered,,,False,-0.0024,,,77,,80.00,,unknown,0,,,False,,64.0,,,,
197,PVLA,21.05,21.05,-0.0197,-0.2461,late,pivotal,small,none,30.76,14.21,57.37,26.23,,,84.39488794471191285261727064,10.56,2.95,2.13,4.02,,8.50,0.95,0.95,0.45,0.72,0.83000,6.2439,6.2439,4,4,False,,,,,True,thesis_gate_triggered,,,True,0.1022,,,197,,48.00,,unknown,0,,,False,,72.0,,,,
198,ZBIO,20.95,19.31,-0.0203,-0.2542,late,pivotal,small,none,23.47,41.29,52.74,6.61,,,71.91702510176298413558828865,8.12,8.65,1.98,1.01,,6.77,0.95,0.95,0.45,0.70,0.83500,4.0519,4.0519,3,3,False,,,,,True,thesis_gate_triggered,,,True,-0.3992,,,197,,53.00,,unknown,0,,,False,,82.0,,,,
199,BCAX,20.92,20.92,-0.021,-0.2623,mid,poc,small,none,7.47,66.02,34.77,23.18,,,77.44030290376779157552062608,2.74,13.18,1.64,3.86,,9.22,0.85,0.95,0.45,0.53,0.74000,5.8584,5.8584,4,4,False,,,,,True,thesis_gate_triggered,,,False,-0.0327,,,0,,77.00,,unknown,0,,,False,,46.0,,,,
200,PRTA,20.86,20.86,-0.0216,-0.2704,late,pivotal,small,none,18.49,54.38,31.94,21.81,,,53.43916225881405541855930666,6.46,11.51,1.21,3.31,,4.68,0.95,0.95,0.45,0.67,0.83500,2.4619,2.4619,2,2,False,,,,,True,thesis_gate_triggered,,,False,-0.2199,,,197,,61.00,,unknown,0,,,False,,86.0,,,,
201,KALV,20.83,20.83,-0.0309,-0.3866,late,poc,small,sev1,38.40,17.60,41.48,56.08,,,47.96566680585542926692731131,15.41,3.38,0.00,6.00,,5.02,0.95,0.95,0.30,0.78,0.80000,2.9406,2.9406,2,2,False,,,,,True,thesis_gate_triggered,,,False,0.0014,,,197,,78.00,,unknown,0,,,False,,80.0,,,,
202,IMVT,20.79,19.13,-0.0243,-0.3032,late,poc,mid,none,14.52,9.15,72.48,50.00,,,70.78217985391645846308873212,5.26,1.45,4.35,6.00,,8.03,0.95,0.95,0.65,0.77,0.87000,7.1748,7.1748,6,6,False,,,,,True,thesis_gate_triggered,,,True,0.0283,,,197,,58.00,,unknown,1,,,True,,79.0,,,,
203,TSHA,20.78,20.78,-0.0236,-0.295,late,pivotal,small,none,0,56.92,31.94,39.77,,,85,0.00,11.34,1.14,6.00,,11.08,0.95,0.95,0.45,0.80,0.83000,11.9437,11.9437,9,9,False,,,,,True,thesis_gate_triggered,,,False,-0.0807,,,197,,77.00,,unknown,0,,,False,,68.0,,,,
204,MCRB,20.78,18.54,-0.0229,-0.2868,late,pivotal,micro,none,22.47,55.80,31.94,6.61,,,,8.67,14.08,1.40,1.13,,,0.95,0.95,0.45,0.70,0.83500,,,0,0,False,,,,,True,thesis_gate_triggered,,,False,-0.2167,,,77,,71.00,,unknown,0,,,False,,82.0,,,,
205,VKTX,20.63,20.63,-0.0323,-0.4036,late,pivotal,mid,sev1,50.17,3.50,31.94,32.03,,,56.87791033687778609638735002,17.36,0.67,1.26,5.04,,4.74,0.95,0.95,0.45,0.75,0.83500,2.3175,2.3175,3,3,False,,,,,True,thesis_gate_triggered,,,False,-0.3819,,,197,,74.00,,unknown,0,,,False,,79.0,,,,
206,RANI,20.50,19.88,-0.0458,-0.5719,early,poc,micro,sev2,77.49,0,78.25,95.81,,,,34.29,0.00,5.74,6.00,,,0.95,0.65,0.65,0.45,0.78000,,,0,0,False,,,,,,below_threshold,,,True,0.0579,,,28,,61.00,,unknown,0,,,False,,67.0,,,,
207,PCRX,20.34,20.34,-0.0282,-0.3529,late,commercial,small,none,0,71.06,31.94,62.99,,,,0.00,21.48,0.88,6.00,,,0.85,0.95,0.45,0.84,0.80500,,,0,0,False,,,,,True,thesis_gate_triggered,,,False,-0.3959,,,77,,78.00,,unknown,0,,,False,,35.0,,,,
208,IMCR,20.28,20.28,-0.0256,-0.3197,late,poc,small,none,0,78.69,56.00,6.61,,,85,0.00,13.62,3.19,1.06,,10.70,0.95,0.95,0.65,0.70,0.87500,10.1087,10.1087,6,6,False,,,,,True,thesis_gate_triggered,,,True,-0.2188,,,77,,77.00,,unknown,0,,,True,,83.0,,,,
209,ORKA,19.63,19.63,-0.035,-0.4379,mid,poc,small,none,0,53.32,44.41,87.36,,,85,0.00,10.17,0.00,6.00,,11.08,0.95,0.95,0.30,0.60,0.80500,9.2784,9.2784,7,7,False,,,,,True,thesis_gate_triggered,,,False,0.4408,,,51,,79.00,,unknown,0,,,False,,67.0,,,,
210,CTKB,19.48,19.48,-0.0269,-0.3363,early,early,small,sev1,10.23,71.00,44.74,7.12,,,,4.37,24.26,1.68,0.00,,,0.65,0.95,0.45,0.30,0.68000,,,0,0,False,,,,,True,thesis_gate_triggered,,,False,0.0160,,,0,,61.00,,unknown,0,,,False,,35,,,,
211,FLGT,19.42,19.42,-0.0276,-0.3446,early,early,small,sev1,10.23,71.00,44.74,39.28,,,,3.32,18.42,1.28,6.00,,,0.65,0.95,0.45,0.40,0.74000,,,0,0,False,,,,,True,thesis_gate_triggered,,,False,-0.0554,,,108,,63.00,,unknown,0,,,False,,35,,,,
212,BIOA,19.28,19.28,-0.0302,-0.3781,mid,poc,small,none,0,68.95,34.16,65.33,,,77.94030290376779157552062608,0.00,12.42,1.45,6.00,,8.72,0.95,0.95,0.45,0.58,0.83500,3.8567,3.8567,4,4,False,,,,,True,thesis_gate_triggered,,,False,1.7396,,,51,,44.00,,unknown,0,,,False,,70.0,,,,
213,INBX,18.76,18.76,-0.0343,-0.4293,mid,poc,small,sev1,54.60,3.87,42.08,23.18,,,66.20298485481161042122396869,22.58,0.77,0.00,3.84,,6.94,0.95,0.95,0.30,0.53,0.80500,3.7221,3.7221,3,3,False,,,,,True,thesis_gate_triggered,,,False,0.4362,,,51,,53.00,,unknown,0,,,False,,75.0,,,,
214,MYGN,18.74,18.74,-0.0316,-0.3951,early,early,small,sev1,10.23,68.86,44.74,7.12,,,55.5,3.76,20.23,1.45,0.00,,3.97,0.65,0.95,0.45,0.30,0.74500,0.6667,0.6667,1,1,False,,,,,True,thesis_gate_triggered,,,False,-0.4128,,,108,,67.00,,unknown,0,,,False,,35,,,,
215,REPL,18.58,17.65,-0.0337,-0.4207,late,poc,small,none,0.58,59.17,50.27,39.77,,,65.17762095272397272981728346,0.21,10.19,2.04,6.00,,8.50,0.95,0.95,0.45,0.80,0.83500,4.8879,4.8879,5,5,False,,,,,True,thesis_gate_triggered,,,True,-0.2844,,,197,,80.00,,unknown,0,,,False,,83.0,,,,
216,GOSS,18.50,17.56,-0.033,-0.4121,late,pivotal,small,sev1,35.73,13.65,32.12,6.61,,,85,12.12,2.80,1.18,0.99,,9.65,0.95,0.95,0.45,0.70,0.83000,7.7798,7.7798,6,6,False,,,,,True,thesis_gate_triggered,,,False,-0.0976,,,197,,48.00,,unknown,0,,,False,,84.0,,,,
217,ATXS,18.05,18.05,-0.0357,-0.4466,late,pivotal,small,none,0,54.95,31.94,50.00,,,68.91702510176298413558828865,0.00,11.45,1.19,6.00,,6.49,0.95,0.95,0.45,0.77,0.83000,2.8328,2.8328,3,3,False,,,,,True,thesis_gate_triggered,,,False,0.0319,,,197,,54.00,,unknown,0,,,False,,76.0,,,,
218,CSTL,17.93,17.93,-0.0364,-0.4553,early,early,small,sev1,10.23,69.30,44.74,7.12,,,,4.05,21.93,1.56,0.00,,,0.65,0.95,0.45,0.30,0.74500,,,0,0,False,,,,,True,thesis_gate_triggered,,,False,0.4038,,,77,,68.00,,unknown,0,,,False,,35,,,,
219,DNTH,17.58,17.58,-0.0378,-0.4728,late,poc,mid,none,0,52.41,40.98,39.77,,,85,0.00,9.13,0.00,6.00,,11.08,0.85,0.95,0.30,0.80,0.77500,13.3522,13.3522,8,8,False,,,,,True,thesis_gate_triggered,,,False,0.5160,,,197,,59.00,,unknown,0,,,False,,64.0,,,,
220,NUVB,17.45,16.08,-0.0385,-0.4816,late,pivotal,small,none,7.54,58.89,35.36,6.61,,,79.35061363060977028667523462,2.55,12.08,1.30,0.99,,9.01,0.95,0.95,0.45,0.70,0.83000,2.6667,2.6667,6,6,False,,,,,True,thesis_gate_triggered,,,False,0.1452,,,197,,74.00,,unknown,0,,,False,,83.0,,,,
221,ABVX,17.37,17.37,-0.0685,-0.8563,late,poc,mid,sev2,56.80,0,68.59,60.50,,,85,20.77,0.00,4.16,6.00,,11.08,0.95,0.65,0.65,0.78,0.78000,13.1685,13.1685,8,8,True,strong,0.531,1.0531,1.0318,,,,,True,0.0248,,,197,,48.00,,unknown,0,,,False,,88.0,,,,
222,ARTV,17.36,17.36,-0.055,-0.6869,mid,poc,micro,sev1,10.92,14.62,51.90,87.36,,,77.32050807568877293527446342,4.07,2.81,2.29,6.00,,9.49,0.95,0.95,0.45,0.60,0.83000,2.61,2.61,2,2,False,,,,,True,thesis_gate_triggered,,,True,0.1278,,,51,,48.00,,unknown,0,,,False,,67.0,,,,
223,PEPG,17.24,16.72,-0.0392,-0.4904,mid,poc,small,none,0,46.87,42.08,23.18,,,85,0.00,9.02,0.00,3.73,,11.08,0.95,0.95,0.30,0.53,0.80500,5.5014,5.5014,7,7,False,,,,,True,thesis_gate_triggered,,,False,0.9484,,,51,,57.00,,unknown,0,,,False,,64.0,,,,
224,OLMA,17.17,16.65,-0.0407,-0.5082,late,poc,mid,none,13.84,46.92,58.36,6.61,,,57.09935677608942474373600505,5.16,7.65,3.61,1.10,,5.38,0.95,0.95,0.65,0.70,0.87500,6.2023,6.2023,3,3,False,,,,,True,thesis_gate_triggered,,,True,2.1103,,,197,,77.00,,unknown,0,,,False,,72.0,,,,
225,LEGN,17.12,15.75,-0.0399,-0.4993,mid,poc,mid,none,33.91,0,54.31,23.18,,,52.66029780203176931685358074,13.13,0.00,2.50,3.59,,5.98,0.95,0.65,0.45,0.53,0.74500,5.2764,5.2764,4,4,False,,,,,True,thesis_gate_triggered,,,False,-0.6388,,,108,,59.00,,unknown,2,,,False,,84.0,,,,
226,AZN,17.00,17.00,-0.0713,-0.8908,late,pivotal,large,sev2,79.35,0,43.53,96.71,,,74.56498887003338988870038955,24.84,0.00,1.46,6.00,,5.78,0.95,0.65,0.45,0.87,0.74000,5.1385,5.1385,4,4,False,,,,,,stage_pivotal_not_active,,,True,-0.0628,,,108,,38.00,,unknown,0,,,False,,88.0,,,,
227,KROS,16.98,16.98,-0.0414,-0.5172,mid,poc,small,none,1.72,80.00,34.16,0.00,,,71.94030290376779157552062608,0.58,14.81,1.49,0.00,,8.05,0.85,0.95,0.45,0.55,0.80000,4.1678,4.1678,4,4,False,,,,,True,thesis_gate_triggered,,,False,-0.0732,,,77,,68.00,,unknown,0,,,True,,53.0,,,,
228,TECX,16.96,16.96,-0.0421,-0.5262,mid,poc,small,none,0,67.97,44.82,23.18,,,58.94030290376779157552062608,0.00,14.74,0.00,4.20,,7.42,0.85,0.95,0.30,0.53,0.71500,3.5424,3.5424,4,4,False,,,,,True,thesis_gate_triggered,,,False,-0.2113,,,0,,91.00,,unknown,0,,,False,,35.0,,,,
229,SRRK,16.89,16.89,-0.0428,-0.5353,late,poc,mid,sev1,28.77,2.94,42.16,39.77,,,82.84312087985880303620630781,11.19,0.50,0.00,6.00,,10.80,0.95,0.95,0.30,0.80,0.80000,8.8017,8.8017,7,7,False,,,,,True,thesis_gate_triggered,,,False,0.1382,,,197,,84.00,,unknown,0,,,False,,82.0,,,,
230,RVMD,16.80,15.46,-0.0435,-0.5443,late,poc,large,none,17.83,37.34,42.93,6.61,,,85,5.81,7.20,1.56,1.01,,10.44,0.95,0.95,0.45,0.70,0.83500,14.6707,14.6707,8,8,False,,,,,True,thesis_gate_triggered,,,False,0.6528,,,197,,64.00,,unknown,0,,,False,,79.0,,,,
231,BDTX,16.53,15.21,-0.045,-0.5627,mid,pivotal,micro,none,4.03,60.34,42.08,23.18,,,49.49625948081285827943208558,1.41,15.72,0.00,3.67,,4.00,0.85,0.95,0.30,0.53,0.77500,0.7328,0.7328,1,1,False,,,,,True,thesis_gate_triggered,,,False,-0.3738,,,77,,75.00,,unknown,0,,,False,,64.0,,,,
232,ZYME,16.47,16.47,-0.0443,-0.5535,late,pivotal,small,none,2.58,51.28,31.94,6.61,,,85,0.87,10.46,1.16,0.98,,10.17,0.95,0.95,0.45,0.70,0.83000,10.5332,10.5332,7,7,False,,,,,True,thesis_gate_triggered,,,False,0.0888,,,197,,60.00,,unknown,0,,,False,,79.0,,,,
233,AURA,16.16,16.16,-0.0472,-0.5905,late,pivotal,small,none,13.18,48.61,31.94,6.61,,,50.43916225881405541855930666,4.60,10.27,1.21,1.02,,4.42,0.95,0.95,0.45,0.70,0.83500,1.4367,1.4367,2,2,False,,,,,True,thesis_gate_triggered,,,False,-0.3535,,,197,,68.00,,unknown,0,,,False,,76.0,,,,
234,FDMT,15.97,15.49,-0.0487,-0.6093,late,poc,small,none,0,58.05,40.98,56.08,,,42.22834875689924811263065393,0.00,11.25,0.00,6.00,,4.12,0.95,0.95,0.30,0.78,0.80500,0.932,0.932,1,1,False,,,,,True,thesis_gate_triggered,,,False,-0.1648,,,197,,59.00,,unknown,0,,,False,,76.0,,,,
235,MRVI,15.93,15.93,-0.0465,-0.5812,early,early,small,sev1,10.23,54.95,44.74,7.12,,,,4.37,18.77,1.68,0.00,,,0.65,0.95,0.45,0.30,0.68000,,,0,0,False,,,,,True,thesis_gate_triggered,,,False,0.0531,,,0,,73.00,,unknown,0,,,False,,35,,,,
236,LGND,15.90,15.90,-0.048,-0.5999,early,early,mid,sev1,10.23,59.94,44.74,7.12,,,,4.08,17.47,1.65,0.00,,,0.65,0.95,0.45,0.30,0.74000,,,0,0,False,,,,,True,thesis_gate_triggered,,,False,-0.1399,,,77,,55.00,,unknown,0,,,False,,35,,,,
237,VERA,15.79,15.79,-0.0503,-0.6283,late,poc,mid,none,0,45.23,40.98,50.00,,,74.22123882797411388997115643,0.00,7.93,0.00,6.00,,7.95,0.95,0.95,0.30,0.77,0.80500,7.9536,7.9536,5,5,False,,,,,True,thesis_gate_triggered,,,False,0.4784,,,197,,77.00,,unknown,1,,,False,,78.0,,,,
238,PSNL,15.74,15.74,-0.0495,-0.6188,early,early,small,sev1,10.23,52.96,44.74,7.12,,,,4.37,18.08,1.68,0.00,,,0.65,0.95,0.45,0.30,0.68500,,,0,0,False,,,,,True,thesis_gate_triggered,,,False,0.2669,,,0,,62.00,,unknown,0,,,False,,35,,,,
239,CTMX,15.72,15.72,-0.0518,-0.6476,mid,poc,small,none,15.51,29.31,34.16,23.18,,,85,5.77,5.23,1.44,3.45,,10.70,0.95,0.95,0.45,0.53,0.83500,5.8752,5.8752,6,6,False,,,,,True,thesis_gate_triggered,,,False,0.5726,,,51,,61.00,,unknown,0,,,False,,72.0,,,,
240,VTYX,15.70,15.70,-0.0534,-0.6671,mid,poc,small,none,0,51.36,34.16,23.18,,,77.94030290376779157552062608,0.00,9.52,1.49,3.59,,8.72,0.85,0.95,0.45,0.53,0.80500,4.1827,4.1827,4,4,False,,,,,True,thesis_gate_triggered,,,False,1.4108,,,51,,75.00,,unknown,0,,,False,,63.0,,,,
241,MRSN,15.51,13.84,-0.0526,-0.6573,late,pivotal,micro,none,19.16,40.15,31.94,6.61,,,,7.40,10.14,1.40,1.13,,,0.95,0.95,0.45,0.70,0.83500,,,0,0,False,,,,,True,thesis_gate_triggered,,,False,1.5039,,,197,,71.00,,unknown,0,,,False,,75.0,,,,
242,IDYA,15.50,15.50,-0.0542,-0.677,late,poc,mid,none,0,75.37,42.43,6.61,,,73.78217985391645846308873212,0.00,13.23,0.00,1.18,,8.37,0.95,0.95,0.30,0.70,0.80000,7.0957,7.0957,6,6,False,,,,,True,thesis_gate_triggered,,,False,-0.0593,,,77,,59.00,,unknown,0,,,False,,76.0,,,,
243,VTRS,15.48,15.48,-0.051,-0.6379,early,early,large,sev1,10.23,48.84,44.74,47.08,,,60.5,3.33,15.73,1.27,0.00,,3.69,0.65,0.95,0.45,0.37,0.74000,3.2112,3.2112,2,2,False,,,,,True,thesis_gate_triggered,,,False,0.0418,,,77,,64.00,,unknown,0,,,False,,35,,,,
244,APGE,15.37,15.37,-0.0732,-0.9144,mid,poc,mid,none,0,29.28,42.19,98.85,,,79.78217985391645846308873212,0.00,5.14,0.00,6.00,,9.55,0.95,0.95,0.30,0.63,0.80500,9.1964,9.1964,6,6,False,,,,,True,thesis_gate_triggered,,,False,0.2158,,,51,,78.00,,unknown,0,,,False,,67.0,,,,
245,RAPT,15.28,15.28,-0.0558,-0.6969,mid,poc,small,none,27.01,9.74,34.16,23.18,,,85,10.14,1.75,1.45,3.48,,10.11,0.95,0.95,0.45,0.53,0.83500,5.2107,5.2107,5,5,False,,,,,True,thesis_gate_triggered,,,False,1.8502,,,51,,44.00,,unknown,0,,,False,,78.0,,,,
246,AVBP,15.21,15.21,-0.0566,-0.7069,late,pivotal,small,none,0,53.82,31.94,21.81,,,66.39488794471191285261727064,0.00,11.23,1.19,3.26,,6.69,0.95,0.95,0.45,0.67,0.83000,4.0868,4.0868,4,4,False,,,,,True,thesis_gate_triggered,,,False,-0.0230,,,197,,80.00,,unknown,0,,,False,,75.0,,,,
247,FULC,15.19,13.96,-0.0574,-0.717,late,pivotal,small,none,0,63.69,31.94,6.61,,,71.91702510176298413558828865,0.00,13.36,1.20,1.01,,6.77,0.95,0.95,0.45,0.70,0.83000,3.9194,3.9194,3,3,False,,,,,True,thesis_gate_triggered,,,False,0.0448,,,197,,54.00,,unknown,0,,,False,,79.0,,,,
248,PRVA,15.02,15.02,-0.0582,-0.7272,early,early,mid,sev1,10.23,51.75,44.74,7.12,,,55.5,3.83,14.14,1.55,0.00,,3.44,0.65,0.95,0.45,0.30,0.74500,0.9986,0.9986,1,1,False,,,,,True,thesis_gate_triggered,,,False,-0.2607,,,77,,68.00,,unknown,0,,,False,,35,,,,
249,CVAC,15.02,15.02,-0.059,-0.7375,late,poc,small,none,34.75,9.20,57.50,6.61,,,,14.85,1.25,3.88,1.25,,,0.95,0.65,0.65,0.70,0.78500,,,0,0,False,,,,,True,thesis_gate_triggered,,,True,-0.3629,,,197,,65.00,,unknown,0,,,False,,86.0,,,,
250,EYPT,14.99,14.99,-0.0822,-1.0277,late,pivotal,small,sev2,68.08,0,52.74,75.70,,,84.39488794471191285261727064,22.83,0.00,1.92,6.00,,8.50,0.95,0.95,0.45,0.95,0.83000,6.3702,6.3702,4,4,False,,,,,,stage_pivotal_not_active,,,True,-0.0232,,,197,,65.00,,unknown,0,,,False,,86.0,,,,
251,LYEL,14.97,13.79,-0.0607,-0.7583,late,pivotal,small,none,0,65.09,32.12,6.61,,,59.43916225881405541855930666,0.00,13.75,1.21,1.02,,5.21,0.95,0.95,0.45,0.70,0.83500,3.3333,3.3333,2,2,False,,,,,True,thesis_gate_triggered,,,False,0.3210,,,197,,44.00,,unknown,0,,,False,,71.0,,,,
252,PRLD,14.97,14.97,-0.0801,-1.0014,mid,poc,micro,sev2,80.00,0,43.50,23.18,,,78.32050807568877293527446342,33.32,0.00,0.00,3.86,,8.39,0.95,0.95,0.30,0.53,0.80500,1.4768,1.4768,2,2,True,weak,0.017,1.0017,1.001,,,,,False,0.3212,,,51,,44.00,,unknown,0,,,False,,72.0,,,,
253,ZVRA,14.89,14.89,-0.0598,-0.7479,late,pivotal,small,none,19.82,17.17,31.94,39.77,,,,7.50,3.94,1.31,6.00,,,0.95,0.95,0.45,0.80,0.83500,,,0,0,False,,,,,True,thesis_gate_triggered,,,False,-0.3747,,,197,,75.00,,unknown,0,,,False,,76.0,,,,
254,LBRX,14.54,14.54,-0.0632,-0.7901,late,pivotal,small,none,1.90,67.35,34.84,21.81,,,,0.73,15.66,1.45,3.63,,,0.95,0.95,0.45,0.67,0.82000,,,0,0,False,,,,,True,thesis_gate_triggered,,,False,0.0918,,,197,,48.00,,unknown,0,,,False,,76.0,,,,
255,FTRE,14.48,14.05,-0.0615,-0.7688,early,early,small,sev1,10.23,45.97,44.74,47.08,,,55.5,3.76,13.51,1.45,0.00,,3.97,0.65,0.95,0.45,0.37,0.74500,0.6667,0.6667,1,1,False,,,,,True,thesis_gate_triggered,,,False,0.5283,,,108,,77.00,,unknown,0,,,False,,35,,,,
256,TNYA,14.48,14.05,-0.0855,-1.0686,early,poc,micro,sev2,50.58,0,52.25,69.49,,,55.5,19.79,0.00,2.43,6.00,,5.50,0.95,0.95,0.45,0.40,0.83500,0.6667,0.6667,1,1,True,moderate,0.259,1.0259,1.0155,,,,,False,-0.5235,,,28,,50.00,,unknown,0,,,False,,54.0,,,,
257,VCYT,14.46,14.46,-0.0624,-0.7794,early,early,mid,sev1,10.23,46.50,44.74,7.12,,,61.0,3.81,12.65,1.54,0.00,,4.10,0.65,0.95,0.45,0.30,0.74000,2.0082,2.0082,2,2,False,,,,,True,thesis_gate_triggered,,,False,-0.0874,,,77,,63.00,,unknown,0,,,False,,35,,,,
258,LRMR,14.31,14.31,-0.0781,-0.9758,mid,poc,micro,sev2,63.79,0,38.20,23.18,,,85,23.73,0.00,1.69,3.45,,11.08,0.95,0.95,0.45,0.53,0.83500,5.0833,5.0833,5,5,False,,,,,True,thesis_gate_triggered,,,False,-0.2704,,,51,,68.00,,unknown,0,,,False,,72.0,,,,
259,EDIT,14.17,13.02,-0.0877,-1.0968,early,early,micro,sev2,64.62,0,37.32,100.00,,,,28.82,0.00,1.02,6.00,,,0.95,0.95,0.45,0.50,0.83500,,,0,0,False,,,,,,stage_early_not_active,,,False,-0.4197,,,28,,59.00,,unknown,1,,,True,,64.0,,,,
260,DAWN,14.10,13.68,-0.0658,-0.8227,late,poc,small,none,0,71.00,53.00,6.61,,,42.22834875689924811263065393,0.00,12.70,3.13,1.10,,4.12,0.95,0.95,0.65,0.70,0.87500,0.9488,0.9488,1,1,False,,,,,True,thesis_gate_triggered,,,True,0.4738,,,197,,48.00,,unknown,0,,,True,,79.0,,,,
261,PHVS,14.09,14.09,-0.0649,-0.8118,late,poc,small,none,16.50,0,43.53,6.61,,,85,6.13,0.00,2.55,1.09,,11.08,0.95,0.65,0.65,0.70,0.78000,14.3958,14.3958,9,9,False,,,,,True,thesis_gate_triggered,,,True,-0.0056,,,197,,48.00,,unknown,0,,,False,,72.0,,,,
262,NUVL,14.02,14.02,-0.0694,-0.8677,late,poc,mid,none,0,37.90,72.48,6.61,,,76.72123882797411388997115643,0.00,6.01,4.36,1.06,,9.18,0.95,0.95,0.65,0.70,0.87000,8.1703,8.1703,5,5,False,,,,,True,thesis_gate_triggered,,,True,-0.0688,,,197,,67.00,,unknown,0,,,False,,76.0,,,,
263,IKT,14.02,14.02,-0.0676,-0.845,late,pivotal,micro,none,0,54.66,34.84,26.23,,,43.49625948081285827943208558,0.00,12.92,1.43,4.24,,3.52,0.85,0.95,0.45,0.72,0.80500,0.4029,0.4029,1,1,False,,,,,True,thesis_gate_triggered,,,False,-0.1634,,,197,,49.00,,unknown,0,,,False,,71.0,,,,
264,KURA,13.96,13.26,-0.0667,-0.8338,late,poc,small,sev1,17.17,18.72,42.93,6.61,,,71.94030290376779157552062608,6.90,3.60,0.00,1.18,,8.05,0.95,0.95,0.30,0.70,0.80500,4.9222,4.9222,4,4,False,,,,,True,thesis_gate_triggered,,,False,-0.2185,,,197,,59.00,,unknown,0,,,False,,83.0,,,,
265,BRKR,13.92,13.92,-0.0641,-0.8009,early,early,mid,sev1,10.23,49.95,44.74,7.12,,,,4.08,14.56,1.65,0.00,,,0.65,0.95,0.45,0.30,0.74000,,,0,0,False,,,,,True,thesis_gate_triggered,,,False,0.0366,,,108,,68.00,,unknown,0,,,False,,35,,,,
266,RPRX,13.82,13.82,-0.0703,-0.8792,early,early,large,sev1,10.23,41.82,44.74,7.12,,,52.5,3.37,13.60,1.28,0.00,,2.74,0.65,0.95,0.45,0.30,0.74000,0.5333,0.5333,1,1,False,,,,,True,thesis_gate_triggered,,,False,-0.1482,,,77,,63.00,,unknown,0,,,False,,35,,,,
267,EOLS,13.67,12.99,-0.0913,-1.1409,late,poc,small,sev2,67.74,0,58.36,70.73,,,35.72834875689924811263065393,24.55,0.00,3.34,6.00,,3.74,0.95,0.95,0.65,0.90,0.87500,0.9111,0.9111,1,1,True,weak,0.177,1.0177,1.0106,,,,,True,-0.4594,,,108,,66.00,,unknown,0,,,False,,76.0,,,,
268,STOK,13.62,13.62,-0.0722,-0.9025,late,pivotal,small,none,0,15.18,31.94,28.99,,,85,0.00,3.15,1.18,4.46,,10.17,0.85,0.95,0.45,0.73,0.80000,9.28,9.28,6,6,False,,,,,True,thesis_gate_triggered,,,False,0.1079,,,77,,74.00,,unknown,0,,,False,,68.0,,,,
269,AVTR,13.36,13.09,-0.0741,-0.9264,early,early,mid,sev1,10.23,30.12,44.74,39.28,,,52.5,3.13,6.74,1.27,6.00,,3.25,0.65,0.95,0.45,0.40,0.74500,0.5333,0.5333,1,1,False,,,,,True,thesis_gate_triggered,,,False,-0.2338,,,77,,54.00,,unknown,0,,,False,,35,,,,
270,PHAT,13.20,12.54,-0.0925,-1.1561,late,commercial,small,sev2,77.03,0,36.55,68.52,,,49.5,22.32,0.00,0.92,6.00,,3.06,0.95,0.95,0.45,0.95,0.83000,0.7243,0.7243,1,1,False,,,,,,stage_commercial_not_active,,,False,-0.1263,,,197,,86.00,,unknown,0,,,False,,88.0,,,,
271,ADPT,13.02,13.02,-0.0751,-0.9385,early,early,mid,sev1,10.23,36.03,44.74,7.12,,,55.5,3.83,9.85,1.55,0.00,,3.44,0.65,0.95,0.45,0.30,0.74000,0.6667,0.6667,1,1,False,,,,,True,thesis_gate_triggered,,,False,-0.0056,,,108,,64.00,,unknown,1,,,True,,35,,,,
272,NTLA,13.02,11.62,-0.0761,-0.9508,late,pivotal,small,sev1,0,26.06,53.11,39.77,,,46.46129941586512670153032467,0.00,5.45,1.99,6.00,,4.07,0.95,0.95,0.45,0.80,0.83000,0.7806,0.7806,1,1,False,,,,,True,thesis_gate_triggered,,,True,0.0117,,,197,,78.00,,unknown,1,,,False,,84.0,,,,
273,CGON,12.89,12.89,-0.0771,-0.9632,late,poc,mid,none,0,46.36,40.98,6.61,,,85,0.00,8.13,0.00,1.18,,9.65,0.95,0.95,0.30,0.70,0.80500,10.0578,10.0578,6,6,False,,,,,True,thesis_gate_triggered,,,False,0.3354,,,197,,86.00,,unknown,0,,,False,,76.0,,,,
274,KRYS,12.42,11.43,-0.0791,-0.9885,late,regulatory,mid,none,5.89,23.13,58.80,6.61,,,71.5,1.70,4.55,4.44,0.89,,7.66,0.95,0.95,0.65,0.70,0.87500,6.0556,6.0556,4,4,False,,,,,True,thesis_gate_triggered,,,True,0.2844,,,77,,71.00,,unknown,0,,,True,,83.0,,,,
275,ADCT,11.92,11.92,-0.0833,-1.0412,late,poc,small,none,0,45.79,52.95,6.61,,,66.20298485481161042122396869,0.00,8.12,3.09,1.09,,6.93,0.95,0.95,0.65,0.70,0.87500,4.4886,4.4886,3,3,False,,,,,True,thesis_gate_triggered,,,True,-0.2522,,,197,,71.00,,unknown,0,,,False,,83.0,,,,
276,AKRO,11.78,11.78,-0.0812,-1.0145,late,poc,unknown,none,10.20,0,49.54,32.03,,,74.00,5.21,0.00,3.00,6.00,,9.65,0.95,0.1,0.45,0.75,0.455,13.8829,13.8829,11,11,False,,,,,True,thesis_gate_triggered,,,True,,,,0,,50,,unknown,0,,,False,,75.0,,,,
277,TXG,11.66,11.66,-0.0844,-1.0548,late,poc,mid,none,0,51.82,40.98,28.99,,,33.47747472420473559750085368,0.00,9.32,0.00,5.39,,2.93,0.95,0.95,0.30,0.73,0.80500,0.6667,0.6667,1,1,False,,,,,True,thesis_gate_triggered,,,False,0.3245,,,77,,75.00,,unknown,0,,,False,,75.0,,,,
278,XERS,11.43,11.43,-0.0866,-1.0826,early,early,small,sev1,10.23,23.10,44.74,31.48,,,66.5,3.71,6.70,1.43,0.00,,5.55,0.65,0.95,0.45,0.35,0.74500,2.1303,2.1303,3,3,False,,,,,True,thesis_gate_triggered,,,False,-0.3788,,,77,,62.00,,unknown,0,,,False,,35,,,,
279,OPCH,11.43,11.43,-0.0889,-1.1113,early,early,mid,sev1,10.23,39.48,44.74,24.66,,,,4.08,11.51,1.65,0.00,,,0.65,0.95,0.45,0.32,0.74000,,,0,0,False,,,,,True,thesis_gate_triggered,,,False,0.0111,,,77,,68.00,,unknown,0,,,False,,35,,,,
280,RGEN,11.33,11.10,-0.0901,-1.1259,early,early,mid,sev1,10.23,27.78,44.74,47.08,,,60.5,3.79,7.51,1.54,0.00,,4.38,0.65,0.95,0.45,0.37,0.74000,2.7024,2.7024,3,3,False,,,,,True,thesis_gate_triggered,,,False,-0.0725,,,77,,61.00,,unknown,0,,,False,,35,,,,
281,BLTE,11.29,11.29,-0.1031,-1.2887,late,pivotal,mid,sev2,47.68,0,37.06,56.08,,,62.87791033687778609638735002,17.03,0.00,1.51,6.00,,5.24,0.95,0.65,0.45,0.78,0.74500,2.5693,2.5693,3,3,False,,,,,,stage_pivotal_not_active,,,False,0.4775,,,197,,38.00,,unknown,0,,,False,,76.0,,,,
282,ABOS,11.13,11.13,-0.0989,-1.2364,mid,poc,micro,sev2,50.00,0,42.08,55.75,,,55.5,19.03,0.00,0.00,6.00,,5.50,0.85,0.95,0.30,0.50,0.77500,0.7479,0.7479,1,1,False,,,,,True,thesis_gate_triggered,,,False,0.2258,,,51,,53.00,,unknown,0,,,False,,64.0,,,,
283,ACLX,10.97,10.97,-0.0937,-1.1715,late,pivotal,mid,none,0,27.75,42.93,6.61,,,85,0.00,5.56,0.00,1.06,,9.51,0.95,0.95,0.30,0.70,0.80500,12.0365,12.0365,7,7,False,,,,,True,thesis_gate_triggered,,,False,-0.3340,,,197,,74.00,,unknown,0,,,False,,74.0,,,,
284,CNTA,10.64,10.64,-0.095,-1.1873,late,poc,mid,sev1,0,0,48.63,39.77,,,85,0.00,0.00,2.07,6.00,,11.08,0.95,0.95,0.45,0.80,0.83000,9.2854,9.2854,7,7,False,,,,,True,thesis_gate_triggered,,,False,-0.0577,,,197,,55.00,,unknown,0,,,False,,83.0,,,,
285,CRVS,10.22,10.22,-0.0963,-1.2034,late,poc,small,none,20.48,9.71,48.63,6.61,,,66.20298485481161042122396869,7.66,1.74,2.06,1.10,,6.93,0.95,0.95,0.45,0.70,0.83500,2.8897,2.8897,3,3,False,,,,,True,thesis_gate_triggered,,,False,2.3297,,,197,,53.00,,unknown,0,,,False,,78.0,,,,
286,RNA,10.00,10.00,-0.0976,-1.2197,late,poc,large,sev2,27.78,0,41.23,39.77,,,85,9.52,0.00,0.00,6.00,,11.08,0.95,0.95,0.30,0.80,0.80000,19.3794,19.3794,11,11,False,,,,,True,thesis_gate_triggered,,,False,-0.0456,,,197,,68.00,,unknown,0,,,False,,76.0,,,,
287,IMMP,9.71,8.93,-0.1003,-1.2535,late,poc,small,none,31.76,0,53.55,6.61,,,,13.72,0.00,2.61,1.27,,,0.95,0.65,0.45,0.70,0.74500,,,0,0,False,,,,,True,thesis_gate_triggered,,,True,0.3056,,,197,,55.00,,unknown,0,,,False,,83.0,,,,
288,LENZ,9.66,9.66,-0.1061,-1.3257,late,pivotal,small,sev2,38.74,0,31.94,56.08,,,85,12.92,0.00,1.15,6.00,,10.17,0.95,0.95,0.45,0.78,0.83500,9.2899,9.2899,6,6,False,,,,,True,thesis_gate_triggered,,,False,-0.4887,,,197,,66.00,,unknown,0,,,False,,76.0,,,,
289,ALMS,9.30,9.30,-0.1076,-1.3448,late,poc,mid,sev2,34.75,0,43.28,50.00,,,85,13.64,0.00,0.00,6.00,,10.70,0.95,0.95,0.30,0.77,0.80500,8.3505,8.3505,7,7,False,,,,,True,thesis_gate_triggered,,,False,3.9195,,,197,,44.00,,unknown,0,,,False,,79.0,,,,
290,TKNO,8.84,8.84,-0.1046,-1.307,early,early,micro,sev1,10.23,20.12,44.74,7.12,,,,4.24,7.20,1.71,0.00,,,0.65,0.95,0.45,0.30,0.68500,,,0,0,False,,,,,True,thesis_gate_triggered,,,False,-0.5576,,,0,,75.00,,unknown,0,,,False,,35,,,,
291,MRUS,8.83,8.83,-0.1017,-1.2709,late,poc,unknown,none,4.56,0,61.50,6.61,,,85,2.31,0.00,5.16,1.49,,11.08,0.95,0.1,0.65,0.70,0.495,13.4249,13.4249,8,8,False,,,,,True,thesis_gate_triggered,,,True,,,,0,,50,,unknown,0,,,False,,76.0,,,,
292,BBIO,8.42,8.42,-0.1092,-1.3645,late,pivotal,large,sev1,11.85,4.63,42.43,6.61,,,80.71997456007631974560089040,3.80,1.11,0.00,0.99,,7.07,0.95,0.95,0.30,0.70,0.80000,6.9141,6.9141,5,5,False,,,,,True,thesis_gate_triggered,,,False,0.0779,,,108,,71.00,,unknown,0,,,False,,86.0,,,,
293,IVVD,8.21,7.57,-0.1108,-1.3847,late,poc,small,sev1,0,7.45,65.68,60.50,,,65.20298485481161042122396869,0.00,1.29,3.75,6.00,,7.75,0.95,0.95,0.65,0.78,0.87500,2.0,2.0,3,3,False,,,,,True,thesis_gate_triggered,,,True,0.3146,,,197,,75.00,,unknown,0,,,False,,76.0,,,,
294,SVRA,8.02,8.02,-0.1142,-1.4269,late,pivotal,small,sev1,28.77,1.25,31.94,6.61,,,71.91702510176298413558828865,9.96,0.26,1.20,1.01,,6.77,0.95,0.95,0.45,0.70,0.83500,4.4629,4.4629,3,3,False,,,,,True,thesis_gate_triggered,,,False,0.2647,,,197,,65.00,,unknown,0,,,False,,88.0,,,,
295,OABI,7.99,7.99,-0.1124,-1.4055,early,early,micro,sev2,45.89,0,37.32,33.43,,,,23.72,0.00,1.34,0.00,,,0.85,0.95,0.45,0.35,0.74000,,,0,0,False,,,,,True,thesis_gate_triggered,,,False,-0.0811,,,0,,55.00,,unknown,0,,,False,,35.0,,,,
296,PAHC,7.70,7.70,-0.1177,-1.4718,early,early,small,sev1,10.23,13.75,44.74,24.66,,,,4.05,4.35,1.56,0.00,,,0.65,0.95,0.45,0.32,0.74000,,,0,0,False,,,,,True,thesis_gate_triggered,,,False,-0.1187,,,77,,54.00,,unknown,0,,,False,,35,,,,
297,CNTX,7.67,7.67,-0.1159,-1.449,mid,poc,unknown,none,13.22,0,34.16,23.18,,,,8.04,0.00,2.46,5.64,,,0.95,0.1,0.45,0.53,0.455,,,0,0,False,,,,,True,thesis_gate_triggered,,,False,,,,0,,50,,unknown,0,,,False,,72.0,,,,
298,CELC,7.55,7.55,-0.1196,-1.4955,late,poc,mid,none,0,27.19,40.98,6.61,,,85,0.00,4.77,0.00,1.18,,9.65,0.95,0.95,0.30,0.70,0.80500,9.6411,9.6411,6,6,False,,,,,True,thesis_gate_triggered,,,False,0.5527,,,197,,68.00,,unknown,0,,,False,,79.0,,,,
299,COGT,7.39,7.17,-0.1257,-1.5718,late,poc,mid,none,1.24,8.57,41.48,6.61,,,85,0.49,1.49,0.00,1.17,,10.17,0.95,0.95,0.30,0.70,0.80500,10.9323,10.9323,7,7,False,,,,,True,thesis_gate_triggered,,,False,1.2828,,,197,,63.00,,unknown,0,,,False,,79.0,,,,
300,ETON,7.26,7.26,-0.1216,-1.5199,early,early,small,sev1,10.23,4.39,44.74,24.66,,,61.0,3.73,1.28,1.44,0.00,,4.73,0.65,0.95,0.45,0.32,0.74500,4.6068,4.6068,2,2,False,,,,,True,thesis_gate_triggered,,,False,-0.3889,,,77,,67.00,,unknown,0,,,False,,35,,,,
301,URGN,7.22,7.22,-0.1236,-1.5454,late,poc,small,sev2,26.12,0,49.54,30.38,,,77.94030290376779157552062608,9.64,0.00,2.07,5.13,,8.72,0.95,0.95,0.45,0.75,0.83500,4.002,4.002,4,4,False,,,,,True,thesis_gate_triggered,,,True,-0.1558,,,197,,68.00,,unknown,0,,,False,,83.0,,,,
302,KOD,7.20,6.98,-0.128,-1.5995,late,poc,small,sev1,0,1.81,53.00,56.08,,,66.20298485481161042122396869,0.00,0.32,3.07,6.00,,6.93,0.95,0.95,0.65,0.78,0.87500,3.3049,3.3049,3,3,False,,,,,True,thesis_gate_triggered,,,True,0.5126,,,197,,57.00,,unknown,0,,,False,,80.0,,,,
303,LQDA,6.73,6.73,-0.1303,-1.6284,late,poc,mid,sev1,9.20,0.69,40.98,28.99,,,56.09935677608942474373600505,3.70,0.12,0.00,5.28,,6.01,0.95,0.95,0.30,0.73,0.80500,4.7442,4.7442,3,3,False,,,,,True,thesis_gate_triggered,,,False,0.4480,,,197,,71.00,,unknown,0,,,False,,79.0,,,,
304,SLDB,6.50,6.50,-0.1327,-1.6587,late,poc,small,sev2,15.50,0,41.23,21.81,,,85,6.16,0.00,0.00,3.78,,10.70,0.95,0.95,0.30,0.67,0.80000,10.2484,10.2484,6,6,False,,,,,True,thesis_gate_triggered,,,False,-0.0688,,,197,,79.00,,unknown,0,,,False,,79.0,,,,
305,LFCR,6.11,6.11,-0.1352,-1.6906,early,early,small,sev1,10.23,6.73,44.74,29.53,,,,4.05,2.13,1.56,0.00,,,0.65,0.95,0.45,0.27,0.74000,,,0,0,False,,,,,True,thesis_gate_triggered,,,False,-0.0737,,,77,,76.00,,unknown,0,,,False,,35,,,,
306,PRAX,6.06,6.06,-0.138,-1.7244,late,poc,mid,sev2,24.46,0,42.93,21.81,,,85,9.71,0.00,0.00,3.78,,10.70,0.95,0.95,0.30,0.67,0.80500,10.654,10.654,8,8,False,,,,,True,thesis_gate_triggered,,,False,1.8917,,,197,,69.00,,unknown,0,,,False,,83.0,,,,
307,ERAS,5.63,5.63,-0.1408,-1.7602,late,pivotal,mid,none,0,28.31,52.74,6.61,,,62.87791033687778609638735002,0.00,5.45,2.09,1.02,,5.24,0.95,0.95,0.45,0.70,0.83500,4.1601,4.1601,3,3,False,,,,,True,thesis_gate_triggered,,,True,3.5946,,,197,,48.00,,unknown,0,,,False,,75.0,,,,
308,NMRA,5.48,5.48,-0.1472,-1.8396,late,poc,small,sev2,27.12,0,51.21,21.81,,,42.22834875689924811263065393,10.16,0.00,3.03,3.57,,4.12,0.95,0.95,0.65,0.67,0.87500,0.6667,0.6667,1,1,False,,,,,True,thesis_gate_triggered,,,True,-0.2563,,,197,,64.00,,unknown,0,,,False,,79.0,,,,
309,STRO,5.42,5.42,-0.1507,-1.884,mid,poc,micro,sev2,30.46,0,34.77,23.18,,,85,11.54,0.00,1.56,3.51,,9.78,0.95,0.95,0.45,0.53,0.83500,2.0,2.0,3,3,False,,,,,True,thesis_gate_triggered,,,False,0.3875,,,51,,60.00,,unknown,0,,,False,,75.0,,,,
310,SMMT,5.39,5.39,-0.1439,-1.7985,late,poc,large,sev2,21.14,0,53.71,6.61,,,72.42833442831016775095870782,7.10,0.00,2.01,1.04,,6.88,0.95,0.95,0.45,0.70,0.83500,6.6429,6.6429,5,5,False,,,,,True,thesis_gate_triggered,,,True,-0.4627,,,197,,70.00,,unknown,0,,,False,,86.0,,,,
311,VRDN,4.97,4.97,-0.1546,-1.9326,late,poc,mid,sev2,3.90,0,54.54,56.08,,,68.66029780203176931685358074,1.43,0.00,3.32,6.00,,6.91,0.95,0.95,0.65,0.78,0.87500,6.4173,6.4173,4,4,False,,,,,True,thesis_gate_triggered,,,True,0.2978,,,197,,65.00,,unknown,0,,,False,,68.0,,,,
312,VOR,4.66,4.66,-0.1692,-2.1144,late,pivotal,small,sev1,0,30.00,34.84,6.61,,,,0.00,6.95,1.44,1.12,,,0.95,0.95,0.45,0.70,0.83500,,,0,0,False,,,,,True,thesis_gate_triggered,,,False,-0.5883,,,197,,47.00,,unknown,0,,,False,,82.0,,,,
313,STVN,4.55,4.55,-0.1589,-1.9861,early,early,mid,sev1,10.23,2.05,44.74,7.12,,,,4.47,0.65,1.81,0.00,,,0.65,0.95,0.45,0.30,0.68500,,,0,0,False,,,,,True,thesis_gate_triggered,,,False,-0.5429,,,0,,60.00,,unknown,0,,,False,,35,,,,
314,SION,4.37,4.37,-0.1833,-2.2913,mid,poc,small,sev2,0,0,42.08,98.85,,,85,0.00,0.00,0.00,6.00,,10.70,0.85,0.95,0.30,0.63,0.71500,8.2754,8.2754,6,6,False,,,,,True,thesis_gate_triggered,,,False,0.2942,,,0,,68.00,,unknown,0,,,False,,46.0,,,,
315,BMEA,4.37,4.37,-0.1637,-2.046,mid,poc,micro,sev2,20.12,0,50.77,23.18,,,55.5,7.75,0.00,2.32,3.57,,5.50,0.95,0.95,0.45,0.53,0.83500,0.9407,0.9407,1,1,False,,,,,True,thesis_gate_triggered,,,False,-0.3066,,,108,,64.00,,unknown,0,,,False,,70.0,,,,
316,IOVA,4.09,3.97,-0.1755,-2.1943,late,poc,small,sev2,21.81,5.20,40.98,6.61,,,48.46566680585542926692731131,8.23,0.94,1.75,1.11,,4.73,0.95,0.95,0.45,0.70,0.83000,2.7321,2.7321,2,2,False,,,,,True,thesis_gate_triggered,,,False,0.0732,,,197,,74.00,,unknown,0,,,False,,83.0,,,,
317,NAUT,3.76,3.76,-0.1933,-2.4164,mid,poc,micro,none,0,10.92,42.08,23.18,,,55.5,0.00,2.43,0.00,4.00,,5.50,0.85,0.95,0.30,0.53,0.77500,0.7391,0.7391,1,1,False,,,,,True,thesis_gate_triggered,,,False,0.7329,,,77,,57.00,,unknown,0,,,False,,35.0,,,,
318,OCGN,3.49,3.21,-0.2078,-2.597,late,poc,small,sev2,10.20,0,55.50,56.08,,,,4.18,0.00,3.60,6.00,,,0.95,0.95,0.65,0.78,0.87000,,,0,0,False,,,,,True,thesis_gate_triggered,,,True,-0.0565,,,197,,69.00,,unknown,0,,,False,,79.0,,,,
319,IBRX,0.67,0.67,-0.2363,-2.9542,late,poc,mid,sev2,3.24,0,54.85,6.61,,,30.97747472420473559750085368,1.24,0.00,2.49,1.12,,2.51,0.95,0.95,0.45,0.70,0.83500,0.5333,0.5333,1,1,False,,,,,True,thesis_gate_triggered,,,True,1.3459,,,197,,53.00,,unknown,0,,,False,,86.0,,,,
