rank,ticker,composite_score,risk_adjusted_score,expected_excess_return,score_z,stage_bucket,market_cap_bucket,severity,clinical_score,financial_score,catalyst_score,pos_score,momentum_score,valuation_score,smart_money_score,confidence_overall,confidence_clinical,confidence_catalyst,conviction_overlap,tier1_conviction_overlap,tier1_count,coinvest_overlap_count,reinforcement_applied,reinforcement_type,thesis_gate_blocked,skip_reason,catalyst_window_days,nearest_catalyst_type,in_optimal_window,alpha_60d,momentum_bucket,ev_trial_ratio,peer_count,si_pct,si_score,annualized_vol_pct,vol_bucket,partnership_count,partnership_strength,has_top_tier_partner,has_fda_designations,designation_count,pipeline_diversity_score,is_single_asset,competitive_intensity,cash_runway_months,burn_trajectory
1,QURE,61.10,59.27,0.2363,2.9542,mid,small,none,70.69,68.45,42.95,93.97,,,85,0.80500,0.95,0.30,11.9664,11.9664,9,9,True,weak,,,,,False,-0.3084,,,52,,48.00,,unknown,0,,,False,,75.0,,,,
2,NVAX,59.98,58.78,0.1933,2.4164,late,small,none,77.00,76.42,50.88,77.61,,,40.97943406368360030360296275,0.83000,0.95,0.45,0.6528,0.6528,1,1,True,weak,,,,,False,-0.0280,,,108,,76.00,,unknown,1,,,True,,86.0,,,,
3,ALKS,59.80,62.79,0.1833,2.2913,late,mid,none,77.00,68.06,42.30,95.00,,,74.25726931785237869870515887,0.80000,0.95,0.30,6.4791,6.4791,6,6,True,moderate,,,,,False,-0.0719,,,77,,70.00,,unknown,0,,,False,,88.0,,,,
4,EBS,59.75,57.96,0.2078,2.597,late,small,none,77.00,74.62,42.30,87.56,,,41.97943406368360030360296275,0.80000,0.95,0.30,0.6528,0.6528,1,1,True,weak,,,,,False,-0.0828,,,77,,71.00,,unknown,0,,,False,,88.0,,,,
5,CTNM,59.18,59.18,0.1755,2.1943,mid,small,none,76.90,60.45,52.48,55.17,,,85,0.83500,0.95,0.45,7.193,7.193,7,7,False,,,stage_pivotal_not_active,,,True,0.3278,,,52,,49.00,,unknown,0,,,False,,78.0,,,,
6,IRWD,58.21,50.91,0.1692,2.1144,late,small,none,77.00,73.43,42.30,74.88,,,,0.80500,0.95,0.30,,,0,0,False,,,below_threshold,,,False,2.1626,,,77,,48.00,,unknown,0,,,False,,80.0,,,,
7,CATX,58.10,58.10,0.1637,2.046,early,small,none,77.00,65.63,52.26,67.54,,,51.07483208139891722867468824,0.83500,0.95,0.45,2.5181,2.5181,2,2,True,moderate,,,,,False,-0.3393,,,28,,65.00,,unknown,0,,,False,,64.0,,,,
8,AGIO,56.89,50.77,0.1546,1.9326,late,small,none,74.92,64.15,60.28,82.09,,,65.17023009911423415374641373,0.87500,0.95,0.65,4.4437,4.4437,3,3,True,moderate,,,,,True,-0.4229,,,201,,57.00,,unknown,0,,,False,,83.0,,,,
9,MBX,56.40,57.44,0.1472,1.8396,mid,small,none,66.55,57.81,42.95,68.97,,,85,0.80500,0.95,0.30,10.9075,10.9075,8,8,True,strong,,,,,False,0.7197,,,52,,75.00,,unknown,0,,,False,,75.0,,,,
10,ESPR,56.25,56.25,0.1507,1.884,late,small,none,77.00,68.21,56.91,66.42,,,41.97943406368360030360296275,0.87000,0.95,0.65,0.6528,0.6528,1,1,True,weak,,,,,True,0.0911,,,108,,50.00,,unknown,0,,,False,,86.0,,,,
11,TBPH,56.11,56.11,0.1408,1.7602,late,small,none,77.00,70.15,34.98,74.88,,,55.5,0.83000,0.95,0.45,0.6528,0.6528,1,1,False,,,stage_commercial_not_active,,,False,0.0998,,,77,,75.00,,unknown,0,,,False,,88.0,,,,
12,OPK,55.94,78.32,0.1439,1.7985,late,small,none,73.73,66.69,42.30,72.39,,,,0.80500,0.95,0.30,,,0,0,False,,,below_threshold,,,False,-0.2618,,,108,,57.00,,unknown,0,,,False,,88.0,,,,
13,BEAM,55.86,55.86,0.138,1.7244,early,mid,none,67.37,67.42,44.93,95.00,,,70.45578781334247064967553348,0.80000,0.95,0.30,5.9813,5.9813,4,4,False,,,stage_pivotal_not_active,,,False,0.0620,,,28,,80.00,,unknown,2,,,True,,75.0,,,,
14,ENTA,55.57,55.57,0.1352,1.6906,mid,small,none,77.00,64.84,36.21,77.59,,,41.97943406368360030360296275,0.83000,0.95,0.45,0.6528,0.6528,1,1,False,,,no_catalyst_data,,,False,0.0642,,,52,,61.00,,unknown,0,,,False,,82.0,,,,
15,UPB,55.55,55.55,0.1327,1.6587,mid,small,none,64.48,56.05,54.03,60.34,,,77.76562811682955107881813921,0.87500,0.95,0.65,8.348,8.348,4,4,True,moderate,,,,,True,0.1938,,,52,,63.00,,unknown,0,,,False,,75.0,,,,
16,ELVN,55.50,56.53,0.1303,1.6284,early,small,none,63.16,64.74,43.96,67.54,,,81.45642415226018492896159018,0.80500,0.95,0.30,5.9476,5.9476,6,6,True,moderate,,,,,False,0.1716,,,28,,63.00,,unknown,0,,,False,,50.0,,,,
155,BCYC,29.41,55.39,0.128,1.5995,early,small,none,77.00,56.68,38.16,67.54,,,57.5,0.74500,0.85,0.45,1.6064,1.6064,2,2,False,,,stage_early_not_active,,,False,-0.3207,,,0,,63.00,,unknown,0,,,False,,35.0,,,,
17,QSI,55.17,55.17,0.1257,1.5718,late,micro,none,77.00,63.39,50.26,72.39,,,,0.83500,0.95,0.45,,,0,0,False,,,below_threshold,,,True,-0.4416,,,201,,53.00,,unknown,0,,,False,,88.0,,,,
18,EWTX,55.09,56.11,0.1236,1.5454,mid,mid,none,72.76,51.66,51.37,25.86,,,85,0.83500,0.95,0.45,12.707,12.707,9,9,True,strong,,,,,False,0.4750,,,52,,77.00,,unknown,0,,,False,,72.0,,,,
19,CGEM,55.07,56.09,0.1216,1.5199,early,small,none,68.42,57.58,57.33,67.54,,,53.76562811682955107881813921,0.87500,0.95,0.65,1.5968,1.5968,4,4,True,weak,,,,,True,0.2689,,,28,,59.00,,unknown,0,,,False,,74.0,,,,
20,IMRX,54.75,53.11,0.1196,1.4955,early,small,none,72.63,62.95,43.96,67.54,,,54.07483208139891722867468824,0.71500,0.85,0.30,1.6607,1.6607,2,2,True,moderate,,,,,False,-0.2538,,,0,,41.00,,unknown,0,,,False,,42.0,,,,
21,SABS,54.60,54.60,0.1159,1.449,mid,micro,none,71.73,63.45,36.21,77.59,,,55.5,0.83500,0.95,0.45,0.6528,0.6528,1,1,False,,,no_catalyst_data,,,False,0.2244,,,52,,44.00,,unknown,0,,,False,,80.0,,,,
22,ACRS,54.40,55.41,0.1124,1.4055,late,small,none,77.00,54.25,43.65,82.09,,,63.17023009911423415374641373,0.80500,0.95,0.30,2.4308,2.4308,3,3,True,weak,,,,,False,0.5373,,,201,,49.00,,unknown,0,,,False,,86.0,,,,
23,CHRS,54.37,55.38,0.1177,1.4718,late,micro,none,65.07,68.51,43.65,70.15,,,55.5,0.80500,0.95,0.30,0.7406,0.7406,1,1,True,weak,,,,,False,0.7180,,,201,,76.00,,unknown,0,,,False,,86.0,,,,
24,VYGR,54.32,54.32,0.1108,1.3847,early,micro,none,77.00,50.87,38.16,88.60,,,49.5,0.83500,0.95,0.45,0.3917,0.3917,1,1,False,,,stage_early_not_active,,,False,-0.2480,,,28,,57.00,,unknown,0,,,False,,67.0,,,,
25,JANX,54.29,52.66,0.1092,1.3645,early,small,none,63.16,68.32,43.96,67.54,,,85,0.77500,0.85,0.30,7.1439,7.1439,7,7,True,weak,,,,,False,-0.5851,,,28,,48.00,,unknown,0,,,False,,67.0,,,,
156,TARA,29.41,53.85,0.1142,1.4269,mid,small,none,69.66,63.08,51.45,73.28,,,46.28846711598273721189900519,0.80500,0.95,0.30,0.6528,0.6528,1,1,False,,,stage_pivotal_not_active,,,False,0.4453,,,52,,56.00,,unknown,0,,,False,,75.0,,,,
26,ALT,53.75,54.74,0.1076,1.3448,late,small,none,75.22,64.66,49.52,68.16,,,35.47943406368360030360296275,0.83500,0.95,0.45,0.4356,0.4356,1,1,True,weak,,,,,False,0.3068,,,201,,47.00,,unknown,0,,,False,,82.0,,,,
27,GLUE,53.74,54.73,0.1061,1.3257,early,small,none,73.68,62.11,56.80,67.54,,,71.29683604115859905443523459,0.80500,0.85,0.45,2.3648,2.3648,3,3,False,,,stage_pivotal_not_active,,,True,1.5895,,,77,,75.00,,unknown,0,,,False,,55.0,,,,
28,RARE,53.04,46.32,0.1031,1.2887,late,mid,none,64.78,65.93,42.30,77.61,,,50.42422164866795787787831586,0.80500,0.95,0.30,6.0512,6.0512,5,5,True,moderate,,,,,False,-0.3918,,,108,,60.00,,unknown,1,,,True,,86.0,,,,
29,VNDA,53.01,53.99,0.1046,1.307,late,small,none,74.62,59.58,54.87,87.56,,,38.97943406368360030360296275,0.87500,0.95,0.65,0.7022,0.7022,1,1,True,weak,,,,,True,0.4860,,,201,,75.00,,unknown,0,,,False,,88.0,,,,
30,NKTX,52.77,52.77,0.1003,1.2535,early,micro,none,63.16,58.47,38.16,67.54,,,66.5,0.83000,0.95,0.45,2.9818,2.9818,3,3,False,,,stage_early_not_active,,,False,0.0217,,,28,,86.00,,unknown,0,,,False,,66.0,,,,
31,ACAD,52.50,52.50,0.0989,1.2364,late,mid,none,65.67,63.58,52.48,87.56,,,71.0,0.87000,0.95,0.65,8.8081,8.8081,7,7,True,strong,,,,,True,-0.1499,,,77,,61.00,,unknown,1,,,False,,83.0,,,,
32,HRTX,52.47,52.47,0.1017,1.2709,late,micro,none,69.85,61.23,34.98,70.15,,,58.0,0.83500,0.95,0.45,1.175,1.175,2,2,False,,,stage_commercial_not_active,,,False,-0.1520,,,201,,80.00,,unknown,0,,,False,,86.0,,,,
33,DYN,52.32,52.32,0.0925,1.1561,early,mid,none,57.90,63.84,38.16,93.86,,,80.0,0.83500,0.95,0.45,9.9431,9.9431,8,8,False,,,stage_early_not_active,,,False,-0.2209,,,28,,59.00,,unknown,0,,,False,,64.0,,,,
34,AMGN,52.28,52.28,0.0976,1.2197,late,large,none,73.14,65.97,43.65,93.53,,,34.09696016958067875627088263,0.87000,0.95,0.65,1.4017,1.4017,1,1,True,weak,,,,,True,-0.0773,,,77,,61.00,,unknown,0,,,False,,88.0,,,,
35,SRPT,52.22,46.60,0.0937,1.1715,late,mid,none,62.98,68.45,42.30,95.00,,,65.0,0.87500,0.95,0.65,3.1719,3.1719,3,3,True,moderate,,,,,False,-0.2454,,,108,,75.00,,unknown,1,,,False,,88.0,,,,
36,BIIB,52.17,52.17,0.095,1.1873,late,large,none,71.34,61.79,54.72,95.00,,,68.86084391824351610281821799,0.87000,0.95,0.65,5.286,5.286,5,5,True,weak,,,,,True,-0.0737,,,77,,75.00,,unknown,0,,,False,,88.0,,,,
37,SUPN,52.12,52.12,0.0963,1.2034,late,mid,none,74.03,61.49,42.30,87.56,,,37.92507864111469541539778682,0.80500,0.95,0.30,1.4303,1.4303,2,2,True,weak,,,,,False,-0.2354,,,77,,77.00,,unknown,0,,,False,,83.0,,,,
38,XNCR,52.01,52.01,0.1589,1.9861,mid,small,none,67.59,68.36,42.95,25.86,,,77.76562811682955107881813921,0.80000,0.95,0.30,4.9716,4.9716,4,4,True,weak,,,,,False,-0.0975,,,52,,77.00,,unknown,1,,,False,,82.0,,,,
39,DNA,51.95,54.55,0.0913,1.1409,late,small,none,66.57,68.45,43.65,93.53,,,46.78846711598273721189900519,0.83500,0.95,0.45,0.6528,0.6528,1,1,False,,,stage_pivotal_not_active,,,True,-0.3971,,,201,,68.00,,unknown,0,,,False,,88.0,,,,
40,HRMY,51.86,72.60,0.0901,1.1259,late,mid,none,63.58,76.12,50.81,72.39,,,43.25812631029911623622462983,0.83000,0.95,0.45,3.2777,3.2777,3,3,True,weak,,,,,True,-0.0892,,,77,,66.00,,unknown,0,,,False,,80.0,,,,
41,ANAB,51.53,51.53,0.0877,1.0968,mid,small,none,63.45,55.17,50.74,73.28,,,85,0.80500,0.95,0.30,9.8125,9.8125,5,5,False,,,stage_pivotal_not_active,,,False,0.3011,,,52,,80.00,,unknown,0,,,False,,74.0,,,,
42,ARDX,51.51,52.46,0.0889,1.1113,late,small,none,77.00,48.36,42.30,74.88,,,41.97943406368360030360296275,0.80000,0.95,0.30,1.1201,1.1201,1,1,True,moderate,,,,,False,0.1467,,,108,,53.00,,unknown,0,,,False,,86.0,,,,
43,BBOT,51.45,51.45,0.0866,1.0826,early,small,none,63.16,62.05,39.56,67.54,,,72.0,0.80000,0.85,0.45,6.1412,6.1412,4,4,False,,,stage_early_not_active,,,False,-0.0386,,,28,,45.00,,unknown,0,,,False,,52.0,,,,
44,ASMB,50.81,50.81,0.0833,1.0412,mid,small,none,68.62,61.33,36.21,77.59,,,41.97943406368360030360296275,0.83500,0.95,0.45,0.7407,0.7407,1,1,False,,,no_catalyst_data,,,False,-0.2334,,,52,,63.00,,unknown,0,,,False,,79.0,,,,
45,CDNA,50.58,50.58,0.0844,1.0548,late,small,none,66.87,51.94,57.96,93.53,,,60.17023009911423415374641373,0.87500,0.95,0.65,2.5063,2.5063,3,3,True,weak,,,,,True,0.1937,,,77,,79.00,,unknown,0,,,False,,88.0,,,,
46,JAZZ,50.57,50.57,0.0855,1.0686,late,large,none,67.32,55.82,38.78,93.53,,,79.05181485540922543945505183,0.83000,0.95,0.45,10.2532,10.2532,6,6,True,moderate,,,,,True,-0.0009,,,77,,57.00,,unknown,0,,,False,,88.0,,,,
47,KYMR,50.36,50.31,0.0822,1.0277,mid,mid,none,73.80,41.25,36.82,25.86,,,71.42422164866795787787831586,0.83000,0.95,0.45,6.6852,6.6852,5,5,False,,,no_catalyst_data,,,False,0.0690,,,52,,70.00,,unknown,2,,,False,,78.0,,,,
48,INCY,50.11,50.11,0.0812,1.0145,late,large,none,62.54,57.91,54.44,93.53,,,51.47890204391209742954455031,0.87000,0.95,0.65,4.1006,4.1006,3,3,True,weak,,,,,True,-0.1486,,,77,,61.00,,unknown,2,,,False,,88.0,,,,
49,SLN,49.95,49.95,0.0791,0.9885,mid,micro,none,74.83,48.05,42.95,25.86,,,49.5,0.80500,0.95,0.30,0.819,0.819,1,1,True,weak,,,,,False,-0.3924,,,52,,47.00,,unknown,0,,,False,,78.0,,,,
50,BMRN,49.85,49.85,0.0801,1.0014,late,large,none,68.06,56.42,42.30,95.00,,,48.47890204391209742954455031,0.80500,0.95,0.30,3.1748,3.1748,3,3,True,moderate,,,,,False,-0.2119,,,77,,64.00,,unknown,1,,,False,,88.0,,,,
51,RYTM,49.46,49.46,0.0781,0.9758,late,mid,none,75.52,32.66,54.87,74.88,,,85,0.87500,0.95,0.65,15.5722,15.5722,9,9,True,strong,,,,,True,-0.2550,,,201,,65.00,,unknown,0,,,False,,83.0,,,,
52,TRVI,49.26,46.80,0.0761,0.9508,mid,small,none,77.00,30.09,36.21,93.97,,,77.76562811682955107881813921,0.83000,0.95,0.45,4.792,4.792,4,4,False,,,no_catalyst_data,,,False,-0.1420,,,52,,67.00,,unknown,0,,,False,,75.0,,,,
53,TARS,48.93,45.02,0.0751,0.9385,late,mid,none,72.84,48.87,34.98,66.42,,,83.0,0.83500,0.95,0.45,12.9808,12.9808,8,8,False,,,stage_commercial_not_active,,,False,-0.1911,,,108,,86.00,,unknown,0,,,False,,76.0,,,,
54,IONS,48.75,48.75,0.0732,0.9144,late,large,none,58.81,58.57,60.28,55.97,,,,0.87000,0.95,0.65,,,0,0,False,,,below_threshold,,,True,0.1263,,,108,,79.00,,unknown,3,,,True,,88.0,,,,
55,VRTX,48.74,48.74,0.0741,0.9264,late,large,none,77.00,41.01,61.59,77.61,,,53.97890204391209742954455031,0.87000,0.95,0.65,4.9343,4.9343,3,3,True,weak,,,,,True,-0.0726,,,77,,60.00,,unknown,2,,,True,,88.0,,,,
56,UTHR,48.59,48.59,0.0722,0.9025,late,large,none,63.88,54.93,40.39,87.56,,,85,0.83000,0.95,0.45,10.33,10.33,7,7,True,strong,,,,,True,-0.0435,,,77,,68.00,,unknown,0,,,False,,88.0,,,,
57,ANRO,48.44,46.99,0.0703,0.8792,late,small,none,61.64,58.31,56.38,70.15,,,59.29265157857066813316711989,0.83500,0.95,0.45,1.3056,1.3056,2,2,False,,,stage_pivotal_not_active,,,True,1.1037,,,201,,72.00,,unknown,0,,,False,,68.0,,,,
58,MNKD,48.32,48.32,0.0713,0.8908,late,small,none,76.12,47.33,51.30,74.88,,,,0.83000,0.95,0.45,,,0,0,False,,,below_threshold,,,True,-0.0162,,,77,,47.00,,unknown,0,,,False,,88.0,,,,
59,TVTX,47.90,47.90,0.0685,0.8563,late,mid,none,59.70,51.46,50.81,82.09,,,77.92422164866795787787831586,0.83000,0.95,0.45,7.1037,7.1037,5,5,True,moderate,,,,,True,-0.1086,,,108,,48.00,,unknown,0,,,False,,86.0,,,,
60,AXSM,47.88,47.88,0.0694,0.8677,late,mid,none,72.54,28.67,30.37,87.56,,,83.09031698703679951953200188,0.87500,0.95,0.65,9.4267,9.4267,7,7,True,moderate,,,,,True,0.1795,,,108,,60.00,,unknown,0,,,False,,83.0,,,,
61,NBIX,47.65,47.65,0.0676,0.845,late,large,none,69.25,39.89,29.06,87.56,,,85,0.87500,0.95,0.65,10.5932,10.5932,8,8,True,moderate,,,,,True,-0.2597,,,77,,68.00,,unknown,1,,,False,,88.0,,,,
62,LAB,47.44,47.44,0.0667,0.8338,late,small,none,70.45,51.21,43.62,93.53,,,41.97943406368360030360296275,0.87000,0.95,0.65,0.6528,0.6528,1,1,True,weak,,,,,True,-0.0392,,,201,,61.00,,unknown,0,,,False,,88.0,,,,
63,CAI,47.19,47.19,0.0649,0.8118,late,mid,none,69.55,47.93,43.65,93.53,,,54.75812631029911623622462983,0.87500,0.95,0.65,4.7425,4.7425,3,3,True,weak,,,,,True,-0.3412,,,77,,41.00,,unknown,0,,,False,,88.0,,,,
64,NVCR,47.11,47.11,0.0632,0.7901,late,small,none,58.51,68.45,28.29,82.09,,,38.47943406368360030360296275,0.87500,0.95,0.65,1.81,1.81,1,1,True,weak,,,,,True,-0.1900,,,108,,66.00,,unknown,0,,,False,,86.0,,,,
65,SPRY,47.09,43.32,0.0641,0.8009,late,small,none,55.52,51.97,50.81,63.43,,,72.45642415226018492896159018,0.83500,0.95,0.45,5.5673,5.5673,6,6,True,strong,,,,,True,-0.2934,,,201,,84.00,,unknown,0,,,False,,70.0,,,,
66,ALDX,46.95,46.95,0.0624,0.7794,late,small,none,64.18,50.19,34.98,53.48,,,59.29265157857066813316711989,0.83500,0.95,0.45,1.8111,1.8111,2,2,False,,,stage_pivotal_not_active,,,False,-0.1539,,,201,,64.00,,unknown,0,,,False,,88.0,,,,
67,OCUL,46.88,46.88,0.0598,0.7479,late,small,none,67.32,31.31,49.94,87.56,,,85,0.83500,0.95,0.45,9.8535,9.8535,5,5,True,strong,,,,,False,-0.3291,,,201,,48.00,,unknown,0,,,False,,83.0,,,,
68,SIGA,46.78,46.78,0.0615,0.7688,late,small,none,62.09,61.20,34.98,77.61,,,,0.83500,0.95,0.45,,,0,0,False,,,stage_commercial_not_active,,,False,-0.3841,,,77,,53.00,,unknown,0,,,True,,79.0,,,,
69,ANIP,46.43,46.43,0.059,0.7375,late,small,none,60.30,49.70,42.30,70.15,,,51.07483208139891722867468824,0.80500,0.95,0.30,2.5016,2.5016,2,2,True,moderate,,,,,False,-0.2406,,,77,,63.00,,unknown,0,,,False,,76.0,,,,
70,REGN,46.34,46.34,0.0574,0.717,late,large,none,68.36,50.45,40.39,77.61,,,61.66987298107780676618138415,0.87000,0.95,0.65,3.3501,3.3501,4,4,True,weak,,,,,True,-0.0308,,,77,,68.00,,unknown,0,,,True,,88.0,,,,
71,INDV,46.23,46.23,0.0582,0.7272,late,mid,none,77.00,45.00,34.98,87.56,,,52.5,0.83000,0.95,0.45,1.6749,1.6749,1,1,False,,,stage_commercial_not_active,,,False,-0.0200,,,77,,48.00,,unknown,0,,,False,,83.0,,,,
72,AVIR,45.48,45.48,0.0534,0.6671,late,small,none,54.03,65.67,42.30,58.46,,,42.07483208139891722867468824,0.80000,0.95,0.30,1.1168,1.1168,2,2,True,moderate,,,,,False,-0.0857,,,108,,73.00,,unknown,0,,,False,,83.0,,,,
157,SEPN,29.41,45.42,0.0526,0.6573,early,small,none,44.82,68.42,57.33,67.54,,,85,0.84500,0.85,0.65,6.8505,6.8505,5,5,False,,True,thesis_gate_triggered,,,True,0.1612,,,77,,49.00,,unknown,0,,,False,,35.0,,,,
73,MIRM,45.31,45.31,0.055,0.6869,late,mid,none,70.75,31.76,42.58,74.88,,,55.25812631029911623622462983,0.80500,0.95,0.30,6.0187,6.0187,3,3,True,moderate,,,,,False,0.1959,,,77,,71.00,,unknown,1,,,False,,83.0,,,,
74,GH,45.19,45.19,0.0542,0.677,late,large,none,70.15,42.94,41.93,93.53,,,57.47890204391209742954455031,0.87500,0.95,0.65,4.9475,4.9475,3,3,True,weak,,,,,True,0.2891,,,108,,61.00,,unknown,0,,,False,,88.0,,,,
75,FHTX,45.14,43.79,0.0503,0.6283,early,small,none,51.58,59.37,38.16,67.54,,,52.5,0.83000,0.95,0.45,0.5222,0.5222,1,1,False,,,stage_early_not_active,,,False,0.0544,,,28,,61.00,,unknown,0,,,False,,63.0,,,,
76,TEM,44.60,44.60,0.0495,0.6188,late,mid,none,67.76,36.77,59.68,93.53,,,60.59117397948353705705147284,0.87500,0.95,0.65,3.534,3.534,4,4,True,weak,,,,,True,-0.3026,,,108,,50.00,,unknown,0,,,False,,88.0,,,,
77,TRDA,44.53,44.53,0.0487,0.6093,early,small,none,55.79,50.87,38.16,67.54,,,49.5,0.80500,0.85,0.45,0.3917,0.3917,1,1,False,,,stage_early_not_active,,,False,0.4166,,,28,,60.00,,unknown,0,,,False,,64.0,,,,
78,GILD,43.24,43.24,0.0465,0.5812,late,large,none,68.65,38.22,31.95,82.09,,,44.28793110674638809290771647,0.87000,0.95,0.65,3.8199,3.8199,2,2,True,weak,,,,,True,-0.0705,,,77,,57.00,,unknown,2,,,False,,88.0,,,,
79,INVA,43.02,43.02,0.0458,0.5719,late,small,none,51.79,71.64,43.65,64.43,,,,0.80500,0.95,0.30,,,0,0,False,,,below_threshold,,,False,-0.1764,,,77,,63.00,,unknown,0,,,False,,75.0,,,,
80,CABA,42.96,42.96,0.0443,0.5535,early,micro,sev1,75.79,29.13,38.16,95.00,,,66.5,0.83000,0.95,0.45,3.4489,3.4489,3,3,False,,,stage_early_not_active,,,False,0.1207,,,28,,73.00,,unknown,0,,,False,,66.0,,,,
81,APLS,42.80,42.80,0.0771,0.9632,late,mid,none,53.73,65.67,37.01,28.11,,,85,0.83500,0.95,0.45,8.7162,8.7162,6,6,False,,True,thesis_gate_triggered,,,False,-0.2872,,,77,,66.00,,unknown,1,,,False,,86.0,,,,
158,JBIO,29.41,42.65,0.0414,0.5172,early,small,none,46.87,54.89,43.96,85.96,,,68.00,0.71500,0.85,0.30,6.4221,6.4221,10,10,True,weak,,,,,False,0.4461,,,0,,48.00,,unknown,0,,,False,,35.0,,,,
82,SYRE,42.57,42.57,0.0407,0.5082,mid,mid,none,39.02,58.69,53.62,83.62,,,80.25726931785237869870515887,0.87500,0.95,0.65,5.5675,5.5675,6,6,True,weak,,,,,True,0.3086,,,52,,81.00,,unknown,0,,,False,,67.0,,,,
83,HALO,42.33,42.33,0.0421,0.5262,late,mid,none,72.24,28.65,42.30,82.09,,,,0.80000,0.95,0.30,,,0,0,False,,,below_threshold,,,False,-0.1434,,,77,,68.00,,unknown,0,,,False,,88.0,,,,
84,GPCR,42.08,42.08,0.0364,0.4553,mid,mid,none,61.38,37.96,42.95,63.79,,,85,0.80500,0.95,0.30,14.1164,14.1164,9,9,True,strong,,,,,False,2.0283,,,52,,57.00,,unknown,0,,,False,,67.0,,,,
85,NTRA,42.05,42.05,0.0371,0.464,late,large,none,73.43,32.82,50.28,82.09,,,53.86084391824351610281821799,0.83000,0.95,0.45,6.4275,6.4275,5,5,True,moderate,,,,,True,0.0345,,,77,,60.00,,unknown,0,,,False,,88.0,,,,
86,LCTX,41.51,41.51,0.0357,0.4466,early,small,none,69.48,16.05,38.16,88.60,,,,0.83500,0.95,0.45,,,0,0,False,,,stage_early_not_active,,,False,-0.1575,,,28,,66.00,,unknown,0,,,False,,64.0,,,,
87,KNSA,41.27,41.27,0.0343,0.4293,late,mid,none,56.71,42.14,35.53,48.01,,,54.60691313737819428524814761,0.83000,0.95,0.45,3.598,3.598,2,2,False,,,stage_pivotal_not_active,,,False,-0.0470,,,77,,58.00,,unknown,0,,,False,,88.0,,,,
88,TECH,41.06,41.06,0.0337,0.4207,late,mid,none,68.95,25.11,40.39,93.53,,,32.59203097193027459457094380,0.87000,0.95,0.65,0.6528,0.6528,1,1,True,weak,,,,,True,-0.0764,,,77,,55.00,,unknown,0,,,False,,88.0,,,,
89,AMRX,41.06,41.06,0.035,0.4379,late,mid,none,71.94,29.67,43.36,70.15,,,,0.80000,0.95,0.30,,,0,0,False,,,below_threshold,,,False,0.1223,,,77,,41.00,,unknown,0,,,False,,88.0,,,,
90,ONC,41.01,41.01,0.0323,0.4036,late,large,none,57.91,50.74,41.10,82.09,,,47.28793110674638809290771647,0.83000,0.95,0.45,4.2177,4.2177,2,2,True,moderate,,,,,True,-0.1368,,,77,,53.00,,unknown,0,,,False,,86.0,,,,
91,AMPH,40.92,40.92,0.033,0.4121,late,small,none,51.97,60.60,34.98,68.16,,,,0.83500,0.95,0.45,,,0,0,False,,,stage_commercial_not_active,,,False,-0.2005,,,77,,73.00,,unknown,0,,,False,,83.0,,,,
92,EXEL,40.74,40.74,0.0316,0.3951,late,large,none,60.00,48.52,43.65,93.53,,,,0.87000,0.95,0.65,,,0,0,False,,,below_threshold,,,True,-0.1428,,,77,,67.00,,unknown,0,,,False,,83.0,,,,
93,ARQT,40.48,40.48,0.0309,0.3866,late,mid,none,59.25,33.56,42.30,48.01,,,60.59117397948353705705147284,0.80000,0.95,0.30,6.7975,6.7975,4,4,True,moderate,,,,,False,-0.0260,,,108,,65.00,,unknown,0,,,False,,83.0,,,,
94,GLPG,40.47,40.47,0.0296,0.3697,late,mid,none,75.82,17.91,65.28,93.53,,,65.53135047536033246746184055,0.74500,0.95,0.45,5.4373,5.4373,3,3,False,,,stage_pivotal_not_active,,,True,-0.1632,,,201,,53.00,,unknown,0,,,False,,88.0,,,,
95,MLYS,40.41,40.41,0.0518,0.6476,late,mid,none,50.74,67.20,37.57,39.80,,,85,0.83000,0.95,0.45,11.0431,11.0431,7,7,False,,,stage_pivotal_not_active,,,False,0.0849,,,201,,59.00,,unknown,0,,,False,,75.0,,,,
96,DVAX,39.55,38.76,0.0472,0.5905,late,small,none,47.33,75.22,42.30,58.46,,,45.07483208139891722867468824,0.80000,0.95,0.30,2.4683,2.4683,2,2,True,moderate,,,,,False,0.1388,,,77,,75.00,,unknown,0,,,False,,86.0,,,,
97,NAMS,39.52,39.52,0.0558,0.6969,late,mid,none,54.93,46.87,42.30,33.83,,,77.92422164866795787787831586,0.80500,0.95,0.30,10.7592,10.7592,5,5,True,weak,,,,,False,-0.2489,,,201,,63.00,,unknown,0,,,False,,88.0,,,,
98,RIGL,39.50,38.32,0.051,0.6379,late,small,none,49.10,62.68,42.30,48.01,,,41.97943406368360030360296275,0.80000,0.95,0.30,0.6528,0.6528,1,1,True,weak,,,,,False,-0.1061,,,77,,57.00,,unknown,0,,,False,,88.0,,,,
99,CRL,39.46,39.46,0.0269,0.3363,late,mid,none,64.48,29.16,52.42,93.53,,,,0.83000,0.95,0.45,,,0,0,False,,,below_threshold,,,True,0.0298,,,77,,54.00,,unknown,0,,,False,,88.0,,,,
100,DSGN,39.42,39.42,0.0658,0.8227,mid,small,none,52.07,62.21,42.95,25.86,,,78.26562811682955107881813921,0.80500,0.95,0.30,4.2941,4.2941,4,4,False,,True,thesis_gate_triggered,,,False,0.5700,,,52,,53.00,,unknown,0,,,False,,64.0,,,,
101,EPRX,39.24,39.24,0.0243,0.3032,mid,small,none,58.27,33.18,36.21,93.97,,,66.17023009911423415374641373,0.80500,0.85,0.45,5.4986,5.4986,3,3,False,,,no_catalyst_data,,,False,0.2082,,,52,,44.00,,unknown,0,,,False,,64.0,,,,
102,RCKT,38.84,38.84,0.0223,0.2786,mid,small,sev1,60.34,25.60,50.47,93.97,,,65.67023009911423415374641373,0.83500,0.95,0.45,2.4926,2.4926,3,3,True,moderate,,,,,False,-0.1850,,,52,,63.00,,unknown,1,,,False,,79.0,,,,
103,ALNY,38.53,38.53,0.0392,0.4904,late,large,none,45.00,43.86,54.03,61.69,,,70.05181485540922543945505183,0.87500,0.95,0.65,8.4118,8.4118,6,6,True,moderate,,,,,True,-0.4163,,,77,,48.00,,unknown,2,,,True,,88.0,,,,
104,GERN,38.31,38.31,0.0566,0.7069,late,small,none,55.52,68.45,42.30,10.70,,,52.79265157857066813316711989,0.80500,0.95,0.30,2.3637,2.3637,2,2,False,,True,thesis_gate_triggered,,,False,-0.1648,,,201,,75.00,,unknown,0,,,False,,86.0,,,,
105,ACIU,37.54,37.54,0.019,0.238,mid,small,none,65.52,13.91,70.00,55.17,,,,0.78000,0.95,0.65,,,0,0,False,,,below_threshold,,,True,0.0198,,,52,,57.00,,unknown,0,,,False,,75.0,,,,
106,BCRX,37.52,37.52,0.0197,0.2461,late,small,none,51.34,35.49,49.52,58.46,,,60.17023009911423415374641373,0.83500,0.95,0.45,2.5947,2.5947,3,3,True,moderate,,,,,False,-0.3558,,,77,,68.00,,unknown,0,,,False,,86.0,,,,
107,ARVN,37.50,34.50,0.0607,0.7583,late,small,none,53.13,68.45,54.87,10.70,,,72.26562811682955107881813921,0.87500,0.95,0.65,5.8675,5.8675,4,4,False,,True,thesis_gate_triggered,,,True,0.2699,,,108,,76.00,,unknown,0,,,False,,83.0,,,,
108,GHRS,37.44,37.44,0.0177,0.2218,mid,small,none,59.31,17.04,42.43,63.79,,,84.36102613454486800388986470,0.74000,0.95,0.45,5.8131,5.8131,5,5,False,,,no_catalyst_data,,,False,0.0008,,,52,,54.00,,unknown,0,,,False,,72.0,,,,
109,ORIC,37.20,37.20,0.0165,0.2057,early,small,sev1,77.00,9.48,51.81,67.54,,,65.67023009911423415374641373,0.83000,0.95,0.45,5.9298,5.9298,3,3,True,strong,,,,,False,-0.1331,,,28,,74.00,,unknown,0,,,False,,63.0,,,,
110,CERS,36.95,36.95,0.0158,0.1977,late,small,none,61.20,37.70,42.30,95.00,,,35.97943406368360030360296275,0.80500,0.95,0.30,0.3917,0.3917,1,1,True,weak,,,,,False,0.4507,,,201,,54.00,,unknown,0,,,False,,83.0,,,,
111,PTCT,36.87,36.87,0.048,0.5999,late,mid,none,43.28,77.00,43.65,39.80,,,71.92422164866795787787831586,0.83000,0.95,0.45,9.0426,9.0426,5,5,False,,True,thesis_gate_triggered,,,False,0.0296,,,77,,79.00,,unknown,0,,,False,,88.0,,,,
112,NRIX,36.87,36.87,0.045,0.5627,mid,small,none,56.73,49.79,42.95,25.86,,,57.26562811682955107881813921,0.80500,0.95,0.30,3.4443,3.4443,4,4,False,,True,thesis_gate_triggered,,,False,0.2455,,,52,,67.00,,unknown,0,,,False,,67.0,,,,
113,ARGX,36.86,36.86,0.0145,0.1817,late,large,none,65.37,12.06,40.28,82.09,,,85,0.78000,0.95,0.65,11.9574,11.9574,6,6,True,moderate,,,,,True,-0.1382,,,108,,61.00,,unknown,0,,,False,,88.0,,,,
114,VCEL,36.63,36.63,0.0139,0.1737,late,small,none,71.04,26.62,34.98,82.09,,,,0.83500,0.95,0.45,,,0,0,False,,,stage_commercial_not_active,,,False,-0.2125,,,77,,65.00,,unknown,0,,,False,,80.0,,,,
115,BNTX,36.61,36.61,0.012,0.1499,late,large,none,62.54,24.62,43.16,82.09,,,52.66987298107780676618138415,0.78000,0.95,0.65,3.1445,3.1445,4,4,True,weak,,,,,True,-0.0906,,,201,,58.00,,unknown,2,,,False,,86.0,,,,
116,AARD,36.54,35.44,0.0435,0.5443,late,micro,none,46.17,59.33,54.87,39.80,,,,0.87000,0.95,0.65,,,0,0,False,,True,thesis_gate_triggered,,,True,0.0067,,,201,,64.00,,unknown,0,,,False,,75.0,,,,
117,CRMD,36.39,33.53,0.0126,0.1578,late,small,none,51.79,30.72,56.38,63.43,,,59.29265157857066813316711989,0.83500,0.95,0.45,1.6557,1.6557,2,2,False,,,stage_pivotal_not_active,,,True,-0.5495,,,77,,53.00,,unknown,0,,,False,,75.0,,,,
118,PYXS,36.23,36.23,0.0107,0.134,early,micro,sev1,56.84,20.95,51.81,67.54,,,85,0.83500,0.95,0.45,2.1579,2.1579,3,3,True,moderate,,,,,False,-0.3429,,,28,,47.00,,unknown,0,,,False,,63.0,,,,
119,TGTX,36.00,36.00,0.0088,0.1102,late,mid,none,57.01,26.11,43.65,82.09,,,49.25812631029911623622462983,0.80500,0.95,0.30,2.9015,2.9015,3,3,True,weak,,,,,False,-0.2387,,,108,,73.00,,unknown,1,,,False,,86.0,,,,
120,DNLI,35.66,35.66,0.0378,0.4728,late,mid,none,43.86,62.12,34.33,39.80,,,49.25812631029911623622462983,0.87000,0.95,0.65,3.1047,3.1047,3,3,False,,True,thesis_gate_triggered,,,True,0.1160,,,201,,67.00,,unknown,1,,,False,,83.0,,,,
121,SGMO,35.63,32.78,0.0069,0.0865,mid,micro,sev1,75.86,18.49,42.95,93.97,,,,0.80500,0.95,0.30,,,0,0,False,,,below_threshold,,,False,-0.5166,,,52,,48.00,,unknown,0,,,False,,84.0,,,,
122,FATE,35.58,32.70,0.0385,0.4816,mid,micro,none,55.17,42.92,37.85,25.86,,,77.82050807568877293527446342,0.83000,0.95,0.45,2.2928,2.2928,2,2,False,,True,thesis_gate_triggered,,,False,-0.0967,,,52,,59.00,,unknown,0,,,False,,84.0,,,,
123,FOLD,35.49,35.49,0.0076,0.0944,late,mid,none,52.84,31.23,43.07,55.97,,,80.25726931785237869870515887,0.80500,0.95,0.30,7.5941,7.5941,6,6,True,moderate,,,,,False,0.4044,,,77,,60.00,,unknown,1,,,True,,83.0,,,,
124,MDGL,35.40,35.40,0.0282,0.3529,late,large,none,59.25,35.38,28.29,33.83,,,82.05181485540922543945505183,0.87000,0.95,0.65,12.6719,12.6719,6,6,True,moderate,,,,,True,-0.0340,,,201,,73.00,,unknown,0,,,False,,83.0,,,,
125,TCRX,34.99,34.99,0.005,0.0629,early,micro,sev1,70.53,18.82,43.96,67.54,,,63.71607238127555592808465094,0.80500,0.95,0.30,1.3056,1.3056,2,2,False,,,stage_pivotal_not_active,,,False,-0.5271,,,28,,64.00,,unknown,0,,,False,,80.0,,,,
126,ROIV,34.84,34.84,0.0428,0.5353,mid,large,none,47.74,68.45,36.21,25.86,,,77.86084391824351610281821799,0.74000,0.85,0.45,7.4626,7.4626,5,5,False,,True,thesis_gate_triggered,,,False,0.1042,,,0,,48.00,,unknown,0,,,False,,49.0,,,,
127,AUPH,34.67,34.67,0.0216,0.2704,late,small,none,46.75,53.73,34.98,48.01,,,47.28846711598273721189900519,0.83000,0.95,0.45,2.6111,2.6111,1,1,False,,,stage_pivotal_not_active,,,False,-0.1171,,,77,,59.00,,unknown,0,,,False,,86.0,,,,
128,PTGX,34.60,32.79,0.0249,0.3114,late,mid,none,47.93,33.34,50.81,48.01,,,71.92422164866795787787831586,0.83000,0.95,0.45,8.8847,8.8847,5,5,True,strong,,,,,True,-0.0228,,,77,,59.00,,unknown,0,,,False,,80.0,,,,
129,SGMT,34.60,34.60,0.0289,0.3613,late,micro,none,44.42,60.47,34.98,33.83,,,47.06785523744888814383069811,0.83500,0.95,0.45,0.5222,0.5222,1,1,False,,True,thesis_gate_triggered,,,False,-0.4727,,,201,,59.00,,unknown,0,,,False,,84.0,,,,
130,LXEO,34.46,31.75,0.0025,0.0314,early,small,sev1,71.58,14.70,38.16,93.86,,,55.0,0.83500,0.95,0.45,0.6528,0.6528,1,1,False,,,stage_early_not_active,,,False,-0.1892,,,28,,57.00,,unknown,0,,,False,,75.0,,,,
131,CLDX,34.03,34.03,0.0399,0.4993,late,small,none,41.58,64.40,60.28,10.70,,,77.76562811682955107881813921,0.87500,0.95,0.65,4.7695,4.7695,4,4,False,,True,thesis_gate_triggered,,,True,-0.1801,,,201,,61.00,,unknown,0,,,False,,86.0,,,,
132,SNY,33.06,33.06,-0.0013,-0.0157,late,large,none,76.72,15.61,45.22,95.00,,,38.95827107251909057712305627,0.74500,0.95,0.45,0.3917,0.3917,1,1,False,,,stage_pivotal_not_active,,,True,-0.2722,,,108,,44.00,,unknown,0,,,False,,88.0,,,,
133,AMLX,32.51,32.51,0.0276,0.3446,late,small,none,32.82,56.03,54.87,39.80,,,85,0.87000,0.95,0.65,14.9102,14.9102,9,9,False,,True,thesis_gate_triggered,,,True,0.1302,,,201,,65.00,,unknown,0,,,False,,83.0,,,,
134,CYTK,32.45,32.45,0.0229,0.2868,late,mid,none,52.24,19.08,54.87,28.11,,,77.42422164866795787787831586,0.87000,0.95,0.65,8.2122,8.2122,5,5,False,,True,thesis_gate_triggered,,,True,0.0694,,,201,,69.00,,unknown,1,,,False,,88.0,,,,
135,TWST,32.42,32.42,0.0184,0.2299,early,mid,none,54.73,32.25,38.16,40.35,,,49.5,0.83500,0.95,0.45,0.3917,0.3917,1,1,False,,True,thesis_gate_triggered,,,False,0.1998,,,28,,84.00,,unknown,0,,,False,,71.0,,,,
136,PBYI,32.30,32.30,0.0302,0.3781,late,small,none,53.43,60.90,42.30,10.70,,,41.97943406368360030360296275,0.80000,0.95,0.30,0.6528,0.6528,1,1,False,,True,thesis_gate_triggered,,,False,0.1088,,,77,,63.00,,unknown,0,,,False,,83.0,,,,
137,IRON,31.90,31.90,0.0171,0.2138,late,mid,none,27.88,56.54,42.88,48.01,,,85,0.80000,0.95,0.30,11.1752,11.1752,8,8,False,,True,thesis_gate_triggered,,,False,-0.1388,,,201,,57.00,,unknown,0,,,False,,76.0,,,,
138,KMDA,31.89,31.89,-0.005,-0.0629,late,small,none,71.64,14.27,40.59,66.42,,,,0.74000,0.95,0.45,,,0,0,False,,,stage_commercial_not_active,,,False,-0.0028,,,201,,50.00,,unknown,0,,,False,,86.0,,,,
139,HROW,31.84,31.84,-0.0044,-0.055,late,small,none,61.64,22.17,35.53,65.17,,,55.5,0.83000,0.95,0.45,2.6111,2.6111,1,1,False,,,stage_commercial_not_active,,,False,-0.1078,,,77,,67.00,,unknown,0,,,False,,68.0,,,,
140,RCUS,31.70,31.70,0.0262,0.328,late,mid,none,38.22,68.45,60.28,10.70,,,66.59117397948353705705147284,0.87500,0.95,0.65,5.6717,5.6717,4,4,False,,True,thesis_gate_triggered,,,True,0.2872,,,108,,50.00,,unknown,1,,,False,,83.0,,,,
141,CLYM,31.55,31.55,-0.0069,-0.0865,mid,small,none,25.34,39.60,52.83,83.62,,,60.17023009911423415374641373,0.83500,0.95,0.45,1.6972,1.6972,3,3,True,moderate,,,,,True,1.1803,,,52,,61.00,,unknown,0,,,False,,67.0,,,,
142,SERA,31.48,31.48,0.0256,0.3197,early,micro,none,42.80,47.29,38.16,27.19,,,55.5,0.83500,0.95,0.45,0.6528,0.6528,1,1,False,,True,thesis_gate_triggered,,,False,-0.2265,,,28,,57.00,,unknown,0,,,False,,50.0,,,,
143,TNGX,31.42,31.42,-0.0057,-0.0708,early,small,sev1,66.31,5.78,51.81,67.54,,,85,0.83500,0.95,0.45,6.7357,6.7357,5,5,True,strong,,,,,False,0.3061,,,28,,68.00,,unknown,0,,,False,,60.0,,,,
144,IMTX,31.35,31.35,0.0236,0.295,late,small,none,50.00,63.64,34.98,10.70,,,,0.83000,0.95,0.45,,,0,0,False,,True,thesis_gate_triggered,,,False,-0.0741,,,201,,69.00,,unknown,0,,,False,,83.0,,,,
145,PCVX,31.27,31.27,0.0101,0.1261,late,mid,none,19.78,62.88,35.53,58.46,,,85,0.83000,0.95,0.45,10.3942,10.3942,8,8,False,,True,thesis_gate_triggered,,,False,0.0886,,,201,,67.00,,unknown,1,,,False,,76.0,,,,
146,INSM,31.25,31.25,0.0082,0.1023,late,large,none,57.31,17.88,32.29,30.60,,,85,0.87500,0.95,0.65,23.001,23.001,14,14,True,strong,,,,,True,-0.1747,,,108,,48.00,,unknown,0,,,False,,88.0,,,,
147,MAZE,30.85,30.85,0.0013,0.0157,mid,mid,none,33.36,44.61,42.95,68.97,,,55.25812631029911623622462983,0.71500,0.85,0.30,6.0842,6.0842,3,3,True,weak,,,,,False,0.5911,,,0,,55.00,,unknown,0,,,False,,46.0,,,,
148,ANNX,30.75,30.75,-0.0088,-0.1102,late,small,sev1,57.61,15.94,42.30,48.01,,,77.76562811682955107881813921,0.80500,0.95,0.30,5.1661,5.1661,4,4,True,weak,,,,,False,0.8411,,,201,,57.00,,unknown,0,,,False,,83.0,,,,
149,GMAB,30.70,30.70,-0.0094,-0.1181,late,large,none,56.42,16.99,62.20,82.09,,,51.47890204391209742954455031,0.78000,0.95,0.65,2.5215,2.5215,3,3,True,weak,,,,,True,0.0376,,,108,,59.00,,unknown,0,,,False,,86.0,,,,
150,MEDP,30.46,30.46,0.021,0.2623,early,large,none,58.95,36.90,38.16,11.40,,,,0.83000,0.95,0.45,,,0,0,False,,True,thesis_gate_triggered,,,False,-0.1168,,,77,,61.00,,unknown,0,,,False,,68.0,,,,
151,CADL,30.38,30.38,0.0203,0.2542,late,small,none,51.04,53.24,42.30,10.70,,,,0.80500,0.95,0.30,,,0,0,False,,True,thesis_gate_triggered,,,False,-0.1888,,,201,,67.00,,unknown,0,,,False,,79.0,,,,
159,ILMN,29.41,30.33,0.0152,0.1897,early,large,none,40.81,50.53,38.16,40.35,,,52.0,0.80000,0.85,0.45,2.0889,2.0889,2,2,False,,True,thesis_gate_triggered,,,False,0.0856,,,77,,68.00,,unknown,0,,,False,,35.0,,,,
152,AVXL,29.96,29.96,0.0063,0.0787,late,small,none,50.00,43.42,34.98,24.13,,,,0.83500,0.95,0.45,,,0,0,False,,True,thesis_gate_triggered,,,False,-0.5013,,,201,,79.00,,unknown,0,,,False,,83.0,,,,
153,VIR,29.63,29.63,-0.0006,-0.0079,late,small,sev1,42.71,35.84,59.12,58.46,,,54.07483208139891722867468824,0.87500,0.95,0.65,1.3907,1.3907,2,2,True,weak,,,,,True,0.2528,,,201,,66.00,,unknown,0,,,False,,86.0,,,,
154,CRBU,29.57,26.39,-0.0133,-0.1658,early,micro,sev1,53.68,20.95,38.16,67.54,,,,0.83500,0.95,0.45,,,0,0,False,,,stage_early_not_active,,,False,-0.4694,,,28,,51.00,,unknown,0,,,False,,70.0,,,,
160,CRNX,29.41,29.41,0.0133,0.1658,late,mid,none,40.45,59.84,42.58,10.70,,,71.92422164866795787787831586,0.80500,0.95,0.30,5.9289,5.9289,5,5,False,,True,thesis_gate_triggered,,,False,0.1689,,,201,,68.00,,unknown,0,,,False,,83.0,,,,
161,SANA,29.36,26.99,-0.0139,-0.1737,early,small,sev1,60.00,8.23,38.16,67.54,,,61.0,0.83000,0.95,0.45,1.9744,1.9744,2,2,False,,,stage_early_not_active,,,False,0.0184,,,28,,80.00,,unknown,0,,,False,,72.0,,,,
162,ALVO,29.27,28.39,-0.0158,-0.1977,late,small,none,63.28,8.24,40.59,48.01,,,,0.74500,0.95,0.45,,,0,0,False,,,stage_pivotal_not_active,,,False,-0.3198,,,108,,38.00,,unknown,0,,,False,,79.0,,,,
163,AQST,29.09,26.81,0.0114,0.1419,late,small,none,35.76,60.09,34.98,24.13,,,83.30102050374652997570334929,0.83500,0.95,0.45,4.7327,4.7327,4,4,False,,True,thesis_gate_triggered,,,False,-0.6088,,,201,,60.00,,unknown,0,,,False,,79.0,,,,
164,ALLO,28.99,28.99,0.0094,0.1181,mid,small,none,42.93,54.29,38.46,25.86,,,,0.83000,0.95,0.45,,,0,0,False,,True,thesis_gate_triggered,,,False,0.0160,,,52,,56.00,,unknown,0,,,False,,78.0,,,,
165,WVE,28.53,26.29,-0.0203,-0.2542,mid,mid,sev1,47.95,10.58,42.95,93.97,,,77.92422164866795787787831586,0.80500,0.95,0.30,4.5503,4.5503,5,5,True,weak,,,,,False,0.1508,,,52,,60.00,,unknown,0,,,False,,78.0,,,,
166,ABCL,28.42,28.42,0.0031,0.0393,late,small,none,33.61,62.37,42.88,39.80,,,53.57483208139891722867468824,0.80500,0.95,0.30,2.2322,2.2322,2,2,False,,True,thesis_gate_triggered,,,False,-0.3638,,,201,,77.00,,unknown,0,,,False,,79.0,,,,
167,CLLS,28.37,27.52,-0.021,-0.2623,early,small,none,52.63,8.08,47.65,67.54,,,,0.71000,0.95,0.30,,,0,0,False,,,below_threshold,,,False,0.0181,,,28,,39.00,,unknown,0,,,False,,63.0,,,,
168,ABSI,28.20,27.35,0.0057,0.0708,late,small,none,34.96,52.48,52.52,10.70,,,66.17023009911423415374641373,0.83500,0.95,0.45,3.9971,3.9971,3,3,False,,True,thesis_gate_triggered,,,True,-0.4056,,,201,,70.00,,unknown,0,,,False,,88.0,,,,
169,XENE,28.01,28.01,0.0044,0.055,late,mid,none,42.14,28.24,42.30,24.13,,,85,0.80500,0.95,0.30,8.8332,8.8332,8,8,False,,True,thesis_gate_triggered,,,False,-0.1610,,,201,,65.00,,unknown,0,,,False,,83.0,,,,
170,MESO,28.01,28.01,-0.0243,-0.3032,late,mid,none,58.21,5.38,45.22,48.01,,,,0.71000,0.95,0.30,,,0,0,False,,,below_threshold,,,False,-0.0778,,,201,,52.00,,unknown,0,,,False,,88.0,,,,
171,TENX,27.94,27.94,0.0038,0.0472,late,micro,none,29.93,57.30,42.30,28.11,,,55.5,0.80500,0.95,0.30,0.6528,0.6528,1,1,False,,True,thesis_gate_triggered,,,False,0.7537,,,201,,75.00,,unknown,0,,,False,,75.0,,,,
172,ARWR,27.80,25.58,0.0006,0.0079,late,mid,none,29.16,41.58,54.51,39.80,,,54.60691313737819428524814761,0.83500,0.95,0.45,1.7865,1.7865,2,2,False,,True,thesis_gate_triggered,,,True,1.0073,,,77,,57.00,,unknown,2,,,False,,88.0,,,,
173,ZLAB,27.48,27.48,0.0019,0.0236,late,small,none,35.76,68.45,61.12,10.70,,,47.67023009911423415374641373,0.87500,0.95,0.65,2.1487,2.1487,3,3,False,,True,thesis_gate_triggered,,,True,-0.5676,,,108,,68.00,,unknown,0,,,False,,88.0,,,,
174,TYRA,27.46,27.46,-0.0019,-0.0236,mid,small,none,52.07,36.36,42.95,25.86,,,53.57483208139891722867468824,0.80500,0.95,0.30,2.546,2.546,2,2,False,,True,thesis_gate_triggered,,,False,0.8774,,,52,,65.00,,unknown,0,,,False,,75.0,,,,
175,ABEO,26.81,26.81,-0.0025,-0.0314,late,micro,none,21.93,64.78,34.98,39.80,,,57.71607238127555592808465094,0.83500,0.95,0.45,1.1503,1.1503,2,2,False,,True,thesis_gate_triggered,,,False,-0.2639,,,201,,76.00,,unknown,0,,,False,,76.0,,,,
176,NGNE,26.68,25.88,0.0,0.0,late,micro,none,15.17,60.47,34.98,39.80,,,85,0.83500,0.95,0.45,11.5102,11.5102,8,8,False,,True,thesis_gate_triggered,,,False,-0.4894,,,201,,83.00,,unknown,0,,,False,,79.0,,,,
177,ADMA,26.49,26.49,-0.0282,-0.3529,late,mid,none,40.28,20.73,34.98,62.44,,,49.0,0.83500,0.95,0.45,1.1504,1.1504,2,2,False,,,stage_commercial_not_active,,,False,-0.2338,,,77,,63.00,,unknown,0,,,False,,75.0,,,,
178,RAPP,26.47,26.47,-0.0031,-0.0393,mid,small,none,16.24,67.48,42.95,55.17,,,77.86102613454486800388986470,0.77000,0.85,0.30,7.153,7.153,5,5,False,,True,thesis_gate_triggered,,,False,-0.0361,,,52,,59.00,,unknown,0,,,False,,63.0,,,,
179,ABUS,26.34,26.34,-0.0063,-0.0787,mid,small,none,45.91,28.58,51.69,25.86,,,,0.83500,0.95,0.45,,,0,0,False,,True,thesis_gate_triggered,,,True,-0.2356,,,52,,47.00,,unknown,0,,,False,,78.0,,,,
180,ACRV,26.07,26.07,-0.0038,-0.0472,mid,micro,none,25.34,59.57,42.95,25.86,,,78.32050807568877293527446342,0.77000,0.85,0.30,1.3056,1.3056,2,2,False,,True,thesis_gate_triggered,,,False,-0.1094,,,52,,44.00,,unknown,0,,,False,,64.0,,,,
181,CRSP,25.81,25.81,-0.0076,-0.0944,late,mid,none,16.53,68.45,42.30,60.70,,,54.75812631029911623622462983,0.80500,0.95,0.30,4.1819,4.1819,3,3,False,,True,thesis_gate_triggered,,,False,-0.3106,,,201,,80.00,,unknown,2,,,True,,86.0,,,,
182,DRUG,25.23,25.23,-0.0216,-0.2704,mid,small,none,42.93,22.69,42.95,55.17,,,66.17023009911423415374641373,0.77500,0.85,0.30,6.3804,6.3804,3,3,False,,True,thesis_gate_triggered,,,False,0.4962,,,52,,44.00,,unknown,0,,,False,,67.0,,,,
183,KYTX,25.21,24.45,-0.0126,-0.1578,mid,small,sev1,56.73,24.13,62.86,25.86,,,41.97943406368360030360296275,0.87500,0.95,0.65,1.5121,1.5121,1,1,False,,True,thesis_gate_triggered,,,True,0.4010,,,52,,56.00,,unknown,0,,,False,,78.0,,,,
184,HUMA,25.13,25.13,-0.012,-0.1499,late,micro,sev1,54.63,21.50,42.30,28.11,,,,0.80500,0.95,0.30,,,0,0,False,,True,thesis_gate_triggered,,,False,-0.5989,,,201,,56.00,,unknown,0,,,False,,80.0,,,,
185,ELDN,25.08,25.08,-0.0256,-0.3197,mid,micro,sev1,39.02,20.56,36.21,68.97,,,52.5,0.83500,0.95,0.45,0.5222,0.5222,1,1,False,,,no_catalyst_data,,,False,-0.4504,,,52,,53.00,,unknown,0,,,False,,75.0,,,,
186,MLTX,24.98,24.98,-0.0082,-0.1023,late,small,none,16.53,66.18,51.57,48.01,,,62.26562811682955107881813921,0.83000,0.95,0.45,2.5391,2.5391,4,4,False,,True,thesis_gate_triggered,,,True,-0.0925,,,201,,44.00,,unknown,0,,,False,,80.0,,,,
187,PGEN,24.55,23.81,-0.0371,-0.464,late,small,sev1,60.90,10.68,42.30,64.43,,,47.28846711598273721189900519,0.80500,0.95,0.30,1.6361,1.6361,1,1,False,,,stage_pivotal_not_active,,,False,0.3112,,,201,,59.00,,unknown,0,,,False,,80.0,,,,
188,RGNX,24.52,22.56,-0.0101,-0.1261,late,small,none,18.84,68.45,42.30,39.80,,,41.97943406368360030360296275,0.80000,0.95,0.30,2.6111,2.6111,1,1,False,,True,thesis_gate_triggered,,,False,-0.0123,,,201,,69.00,,unknown,0,,,False,,80.0,,,,
189,CCCC,24.45,24.45,-0.0107,-0.134,mid,micro,none,28.84,34.76,53.65,25.86,,,77.36428952510222371233860378,0.83500,0.95,0.45,1.9878,1.9878,3,3,False,,True,thesis_gate_triggered,,,True,-0.3736,,,52,,60.00,,unknown,0,,,False,,57.0,,,,
190,ASND,24.12,24.12,-0.0184,-0.2299,late,large,none,41.01,10.77,36.26,39.80,,,85,0.78000,0.95,0.65,16.7778,16.7778,9,9,False,,True,thesis_gate_triggered,,,True,-0.0988,,,108,,65.00,,unknown,0,,,False,,83.0,,,,
191,CMPS,23.86,23.86,-0.0152,-0.1897,late,small,sev1,39.34,26.94,50.19,24.13,,,85,0.83000,0.95,0.45,6.6599,6.6599,5,5,False,,True,thesis_gate_triggered,,,True,-0.0064,,,201,,60.00,,unknown,0,,,False,,76.0,,,,
192,ORKA,23.83,23.83,-0.0262,-0.328,mid,small,none,9.40,52.53,44.12,83.62,,,85,0.80500,0.95,0.30,9.0851,9.0851,7,7,False,,True,thesis_gate_triggered,,,False,0.4408,,,52,,79.00,,unknown,0,,,False,,67.0,,,,
193,PVLA,23.68,23.68,-0.0177,-0.2218,late,small,none,33.61,20.28,56.38,28.11,,,83.30102050374652997570334929,0.83000,0.95,0.45,6.1138,6.1138,4,4,False,,True,thesis_gate_triggered,,,True,0.1022,,,201,,48.00,,unknown,0,,,False,,72.0,,,,
194,IMVT,23.66,21.77,-0.0171,-0.2138,late,mid,none,21.21,16.71,63.25,48.01,,,68.25726931785237869870515887,0.87000,0.95,0.65,7.0253,7.0253,6,6,False,,True,thesis_gate_triggered,,,True,0.0283,,,201,,58.00,,unknown,1,,,False,,79.0,,,,
195,BCAX,23.66,23.66,-0.0145,-0.1817,mid,small,none,16.24,63.97,36.21,25.86,,,77.76562811682955107881813921,0.74000,0.85,0.45,5.7364,5.7364,4,4,False,,True,thesis_gate_triggered,,,False,-0.0327,,,0,,77.00,,unknown,0,,,False,,46.0,,,,
196,SNDX,23.62,23.62,-0.0114,-0.1419,late,small,sev1,38.78,25.24,62.72,10.70,,,64.67023009911423415374641373,0.87500,0.95,0.65,3.5694,3.5694,3,3,False,,True,thesis_gate_triggered,,,True,0.2260,,,201,,83.00,,unknown,1,,,False,,88.0,,,,
197,VKTX,23.56,23.56,-0.0276,-0.3446,late,mid,sev1,50.45,12.90,34.98,33.83,,,59.53135047536033246746184055,0.83500,0.95,0.45,2.2692,2.2692,3,3,False,,True,thesis_gate_triggered,,,False,-0.3819,,,201,,74.00,,unknown,0,,,False,,79.0,,,,
198,COLL,23.41,23.41,-0.0296,-0.3697,late,small,none,14.72,58.51,34.98,62.44,,,,0.80000,0.85,0.45,,,0,0,False,,True,thesis_gate_triggered,,,False,-0.0024,,,77,,80.00,,unknown,0,,,False,,64.0,,,,
199,PACB,23.21,23.21,-0.0165,-0.2057,early,small,sev1,18.17,68.45,45.34,40.35,,,58.0,0.68000,0.65,0.45,1.175,1.175,2,2,False,,True,thesis_gate_triggered,,,False,0.1247,,,0,,56.00,,unknown,0,,,False,,35,,,,
200,PRTA,23.04,23.04,-0.0197,-0.2461,late,small,none,24.13,53.49,34.98,24.13,,,53.29265157857066813316711989,0.83500,0.95,0.45,2.4106,2.4106,2,2,False,,True,thesis_gate_triggered,,,False,-0.2199,,,201,,61.00,,unknown,0,,,False,,86.0,,,,
201,MCRB,23.02,20.54,-0.019,-0.238,late,micro,none,27.12,55.23,34.98,10.70,,,,0.83500,0.95,0.45,,,0,0,False,,True,thesis_gate_triggered,,,False,-0.2167,,,77,,71.00,,unknown,0,,,False,,82.0,,,,
202,ZBIO,22.53,20.76,-0.0229,-0.2868,late,small,none,27.88,41.49,42.30,10.70,,,66.17023009911423415374641373,0.80500,0.95,0.30,3.9675,3.9675,3,3,False,,True,thesis_gate_triggered,,,False,-0.3992,,,201,,53.00,,unknown,0,,,False,,82.0,,,,
203,REPL,22.48,21.36,-0.0236,-0.295,late,small,none,11.63,57.81,51.19,39.80,,,65.86102613454486800388986470,0.83500,0.95,0.45,4.786,4.786,5,5,False,,True,thesis_gate_triggered,,,True,-0.2844,,,201,,80.00,,unknown,0,,,False,,83.0,,,,
204,TSHA,22.39,22.39,-0.0249,-0.3114,late,small,none,5,55.78,34.98,39.80,,,85,0.83000,0.95,0.45,11.6948,11.6948,9,9,False,,True,thesis_gate_triggered,,,False,-0.0807,,,201,,77.00,,unknown,0,,,False,,68.0,,,,
205,IMCR,22.38,22.38,-0.0223,-0.2786,late,small,none,6.99,75.82,43.07,10.70,,,85,0.80500,0.95,0.30,9.8981,9.8981,6,6,False,,True,thesis_gate_triggered,,,False,-0.2188,,,77,,77.00,,unknown,0,,,False,,83.0,,,,
206,KALV,22.31,22.31,-0.0337,-0.4207,late,small,sev1,39.89,22.73,42.30,53.48,,,47.57483208139891722867468824,0.80000,0.95,0.30,2.8793,2.8793,2,2,True,moderate,,,,,False,0.0014,,,201,,78.00,,unknown,0,,,False,,80.0,,,,
207,PCRX,22.23,22.23,-0.0302,-0.3781,late,small,none,6.59,68.95,34.98,61.19,,,,0.80500,0.85,0.45,,,0,0,False,,True,thesis_gate_triggered,,,False,-0.3959,,,77,,78.00,,unknown,0,,,False,,35.0,,,,
208,ATXS,21.58,21.58,-0.0269,-0.3363,late,small,none,10.34,54.00,34.98,48.01,,,68.29683604115859905443523459,0.83000,0.95,0.45,2.7737,2.7737,3,3,False,,True,thesis_gate_triggered,,,False,0.0319,,,201,,54.00,,unknown,0,,,False,,76.0,,,,
209,FLGT,21.23,21.23,-0.0289,-0.3613,early,small,sev1,18.17,68.45,45.34,40.35,,,,0.74000,0.65,0.45,,,0,0,False,,True,thesis_gate_triggered,,,False,-0.0554,,,108,,63.00,,unknown,0,,,False,,35,,,,
210,ARTV,21.10,21.10,-0.0487,-0.6093,mid,micro,sev1,18.65,20.56,52.83,83.62,,,77.32050807568877293527446342,0.83000,0.95,0.45,2.5557,2.5557,2,2,True,moderate,,,,,True,0.1278,,,52,,48.00,,unknown,0,,,False,,67.0,,,,
211,BIOA,20.94,20.94,-0.0316,-0.3951,mid,small,none,5,66.60,36.21,63.79,,,78.26562811682955107881813921,0.83500,0.95,0.45,3.7763,3.7763,4,4,False,,True,thesis_gate_triggered,,,False,1.7396,,,52,,44.00,,unknown,0,,,False,,70.0,,,,
212,INBX,20.89,20.89,-0.035,-0.4379,mid,small,sev1,54.14,13.14,42.95,25.86,,,66.17023009911423415374641373,0.80500,0.95,0.30,3.6446,3.6446,3,3,False,,True,thesis_gate_triggered,,,False,0.4362,,,52,,53.00,,unknown,0,,,False,,75.0,,,,
213,KROS,20.83,20.83,-0.0323,-0.4036,mid,small,none,12.38,77.00,36.21,5.00,,,72.26562811682955107881813921,0.80000,0.85,0.45,4.081,4.081,4,4,False,,True,thesis_gate_triggered,,,False,-0.0732,,,77,,68.00,,unknown,0,,,False,,53.0,,,,
214,GOSS,20.78,19.72,-0.0309,-0.3866,late,small,sev1,37.67,19.87,34.98,10.70,,,85,0.83000,0.95,0.45,7.6177,7.6177,6,6,False,,True,thesis_gate_triggered,,,False,-0.0976,,,201,,48.00,,unknown,0,,,False,,84.0,,,,
215,NUVB,20.66,19.04,-0.033,-0.4121,late,small,none,16.53,57.55,36.45,10.70,,,77.30938942892239181823957869,0.83000,0.95,0.45,2.6111,2.6111,6,6,False,,True,thesis_gate_triggered,,,False,0.1452,,,201,,74.00,,unknown,0,,,False,,83.0,,,,
216,ZYME,20.46,20.46,-0.0343,-0.4293,late,small,none,12.94,50.70,34.98,10.70,,,85,0.83000,0.95,0.45,10.3138,10.3138,7,7,False,,True,thesis_gate_triggered,,,False,0.0888,,,201,,60.00,,unknown,0,,,False,,79.0,,,,
217,RANI,20.33,19.72,-0.0676,-0.845,early,micro,sev2,74.74,5,70.00,91.23,,,,0.78000,0.95,0.65,,,0,0,False,,,below_threshold,,,True,0.0579,,,28,,61.00,,unknown,0,,,False,,67.0,,,,
218,APGE,20.04,20.04,-0.0534,-0.6671,mid,mid,none,9.40,31.63,42.95,93.97,,,77.25726931785237869870515887,0.80500,0.95,0.30,9.0048,9.0048,6,6,True,weak,,,,,False,0.2158,,,52,,78.00,,unknown,0,,,False,,67.0,,,,
219,TECX,20.00,20.00,-0.0357,-0.4466,mid,small,none,9.40,65.73,44.44,25.86,,,59.26562811682955107881813921,0.71500,0.85,0.30,3.4686,3.4686,4,4,False,,True,thesis_gate_triggered,,,False,-0.2113,,,0,,91.00,,unknown,0,,,False,,35.0,,,,
220,OLMA,19.95,19.35,-0.0378,-0.4728,late,mid,none,20.73,46.37,57.33,10.70,,,55.25812631029911623622462983,0.87500,0.95,0.65,6.0731,6.0731,3,3,False,,True,thesis_gate_triggered,,,True,2.1103,,,201,,77.00,,unknown,0,,,False,,72.0,,,,
221,BDTX,19.94,18.34,-0.0364,-0.4553,mid,micro,none,13.91,59.31,42.95,25.86,,,50.06785523744888814383069811,0.77500,0.85,0.30,0.7175,0.7175,1,1,False,,True,thesis_gate_triggered,,,False,-0.3738,,,77,,75.00,,unknown,0,,,False,,64.0,,,,
222,IDYA,19.86,19.86,-0.0385,-0.4816,late,mid,none,11.20,72.84,42.88,10.70,,,71.25726931785237869870515887,0.80000,0.95,0.30,6.9479,6.9479,6,6,False,,True,thesis_gate_triggered,,,False,-0.0593,,,77,,59.00,,unknown,0,,,False,,76.0,,,,
223,SRRK,19.78,19.78,-0.0407,-0.5082,late,mid,sev1,32.02,12.52,42.58,39.80,,,80.09031698703679951953200188,0.80000,0.95,0.30,8.6183,8.6183,7,7,False,,True,thesis_gate_triggered,,,False,0.1382,,,201,,84.00,,unknown,0,,,False,,82.0,,,,
224,DNTH,19.68,19.68,-0.0399,-0.4993,late,mid,none,5,51.72,42.30,39.80,,,85,0.77500,0.85,0.30,13.074,13.074,8,8,False,,True,thesis_gate_triggered,,,False,0.5160,,,201,,59.00,,unknown,0,,,False,,64.0,,,,
225,PEPG,19.58,18.99,-0.0414,-0.5172,mid,small,none,5,46.32,42.95,25.86,,,85,0.80500,0.95,0.30,5.3868,5.3868,7,7,False,,True,thesis_gate_triggered,,,False,0.9484,,,52,,57.00,,unknown,0,,,False,,64.0,,,,
226,CTKB,19.42,19.42,-0.0421,-0.5262,early,small,sev1,18.17,68.45,45.34,11.40,,,,0.68000,0.65,0.45,,,0,0,False,,True,thesis_gate_triggered,,,False,0.0160,,,0,,61.00,,unknown,0,,,False,,35,,,,
227,MYGN,19.37,19.37,-0.0392,-0.4904,early,small,sev1,18.17,66.53,45.34,11.40,,,55.5,0.74500,0.65,0.45,0.6528,0.6528,1,1,False,,True,thesis_gate_triggered,,,False,-0.4128,,,108,,67.00,,unknown,0,,,False,,35,,,,
228,RVMD,19.30,17.76,-0.0435,-0.5443,late,large,none,23.63,38.17,43.36,10.70,,,85,0.83500,0.95,0.45,14.3651,14.3651,8,8,False,,True,thesis_gate_triggered,,,False,0.6528,,,201,,64.00,,unknown,0,,,False,,79.0,,,,
229,VERA,19.24,19.24,-0.0443,-0.5535,late,mid,none,8.65,44.89,42.30,48.01,,,71.92422164866795787787831586,0.80500,0.95,0.30,7.7879,7.7879,5,5,False,,True,thesis_gate_triggered,,,False,0.4784,,,201,,77.00,,unknown,1,,,False,,78.0,,,,
230,VTRS,19.23,19.23,-0.0428,-0.5353,early,large,sev1,18.17,48.95,45.34,47.37,,,60.5,0.74000,0.65,0.45,3.1443,3.1443,2,2,False,,True,thesis_gate_triggered,,,False,0.0418,,,77,,64.00,,unknown,0,,,False,,35,,,,
231,AURA,19.04,19.04,-0.045,-0.5627,late,small,none,20.26,47.87,34.98,10.70,,,50.29265157857066813316711989,0.83500,0.95,0.45,1.4068,1.4068,2,2,False,,True,thesis_gate_triggered,,,False,-0.3535,,,201,,68.00,,unknown,0,,,False,,76.0,,,,
232,FDMT,19.00,18.43,-0.0458,-0.5719,late,small,none,7.82,56.79,42.30,53.48,,,41.47943406368360030360296275,0.80500,0.95,0.30,0.9126,0.9126,1,1,False,,True,thesis_gate_triggered,,,False,-0.1648,,,201,,59.00,,unknown,0,,,False,,76.0,,,,
233,AZN,18.88,18.88,-0.0791,-0.9885,late,large,sev2,76.42,9.92,37.03,93.53,,,64.66987298107780676618138415,0.78000,0.95,0.65,5.0315,5.0315,4,4,True,weak,,,,,True,-0.0628,,,108,,38.00,,unknown,0,,,False,,88.0,,,,
234,CTMX,18.81,18.81,-0.0465,-0.5812,mid,small,none,21.94,32.45,36.21,25.86,,,85,0.83500,0.95,0.45,5.7528,5.7528,6,6,False,,True,thesis_gate_triggered,,,False,0.5726,,,52,,61.00,,unknown,0,,,False,,72.0,,,,
235,LEGN,18.71,17.21,-0.048,-0.5999,mid,mid,none,36.16,5.14,54.79,25.86,,,50.59117397948353705705147284,0.74500,0.95,0.45,5.1665,5.1665,4,4,False,,True,thesis_gate_triggered,,,False,-0.6388,,,108,,59.00,,unknown,2,,,False,,84.0,,,,
236,CDTX,18.68,18.68,-0.0781,-0.9758,late,mid,sev2,52.54,5,52.87,58.46,,,85,0.51500,0.95,0.45,13.9474,13.9474,8,8,True,strong,,,,,False,,,,201,,50,,unknown,0,,,False,,83.0,,,,
237,CSTL,18.62,18.62,-0.0495,-0.6188,early,small,sev1,18.17,67.37,45.34,11.40,,,,0.74500,0.65,0.45,,,0,0,False,,True,thesis_gate_triggered,,,False,0.4038,,,77,,68.00,,unknown,0,,,False,,35,,,,
238,LBRX,18.49,18.49,-0.0503,-0.6283,late,small,none,12.50,65.17,36.09,24.13,,,,0.82000,0.95,0.45,,,0,0,False,,True,thesis_gate_triggered,,,False,0.0918,,,201,,48.00,,unknown,0,,,False,,76.0,,,,
239,FTRE,18.33,17.78,-0.0472,-0.5905,early,small,sev1,18.17,45.54,45.34,47.37,,,55.5,0.74500,0.65,0.45,0.6528,0.6528,1,1,False,,True,thesis_gate_triggered,,,False,0.5283,,,108,,77.00,,unknown,0,,,False,,35,,,,
240,RAPT,18.30,18.30,-0.0518,-0.6476,mid,small,none,30.63,17.12,36.21,25.86,,,85,0.83500,0.95,0.45,5.1021,5.1021,5,5,False,,True,thesis_gate_triggered,,,False,1.8502,,,52,,44.00,,unknown,0,,,False,,78.0,,,,
241,MRSN,18.21,16.25,-0.051,-0.6379,late,micro,none,24.62,40.53,34.98,10.70,,,,0.83500,0.95,0.45,,,0,0,False,,True,thesis_gate_triggered,,,False,1.5039,,,201,,71.00,,unknown,0,,,False,,75.0,,,,
242,ZVRA,18.19,18.19,-0.0526,-0.6573,late,small,none,25.11,23.14,34.98,39.80,,,,0.83500,0.95,0.45,,,0,0,False,,True,thesis_gate_triggered,,,False,-0.3747,,,201,,75.00,,unknown,0,,,False,,76.0,,,,
243,ABVX,17.74,17.74,-0.0822,-1.0277,late,mid,sev2,56.12,5.78,66.47,58.46,,,85,0.78000,0.95,0.65,12.8942,12.8942,8,8,True,moderate,,,,,True,0.0248,,,201,,48.00,,unknown,0,,,False,,88.0,,,,
244,VTYX,17.68,17.68,-0.0542,-0.677,mid,small,none,5,50.77,36.21,25.86,,,78.26562811682955107881813921,0.80500,0.85,0.45,4.0955,4.0955,4,4,False,,True,thesis_gate_triggered,,,False,1.4108,,,52,,75.00,,unknown,0,,,False,,63.0,,,,
245,FULC,17.57,16.15,-0.055,-0.6869,late,small,none,6.19,61.87,34.98,10.70,,,71.29683604115859905443523459,0.83000,0.95,0.45,3.8378,3.8378,3,3,False,,True,thesis_gate_triggered,,,False,0.0448,,,201,,54.00,,unknown,0,,,False,,79.0,,,,
246,AVBP,17.36,17.36,-0.0566,-0.7069,late,small,none,5.78,52.99,34.98,24.13,,,65.30102050374652997570334929,0.83000,0.95,0.45,4.0017,4.0017,4,4,False,,True,thesis_gate_triggered,,,False,-0.0230,,,201,,80.00,,unknown,0,,,False,,75.0,,,,
247,CGON,17.26,17.26,-0.0574,-0.717,late,mid,none,9.49,45.88,42.30,10.70,,,85,0.80500,0.95,0.30,9.8483,9.8483,6,6,False,,True,thesis_gate_triggered,,,False,0.3354,,,201,,86.00,,unknown,0,,,False,,76.0,,,,
248,KURA,17.22,16.36,-0.0558,-0.6969,late,small,sev1,23.14,23.56,43.36,10.70,,,72.26562811682955107881813921,0.80500,0.95,0.30,4.8197,4.8197,4,4,False,,True,thesis_gate_triggered,,,False,-0.2185,,,201,,59.00,,unknown,0,,,False,,83.0,,,,
249,LGND,17.12,17.12,-0.0582,-0.7272,early,mid,sev1,18.17,58.95,45.34,11.40,,,,0.74000,0.65,0.45,,,0,0,False,,True,thesis_gate_triggered,,,False,-0.1399,,,77,,55.00,,unknown,0,,,False,,35,,,,
250,LYEL,16.94,15.61,-0.0598,-0.7479,late,small,none,5,63.14,34.98,10.70,,,59.29265157857066813316711989,0.83500,0.95,0.45,3.2639,3.2639,2,2,False,,True,thesis_gate_triggered,,,False,0.3210,,,201,,44.00,,unknown,0,,,False,,71.0,,,,
251,MRVI,16.69,16.69,-0.059,-0.7375,early,small,sev1,18.17,54.00,45.34,11.40,,,,0.68000,0.65,0.45,,,0,0,False,,True,thesis_gate_triggered,,,False,0.0531,,,0,,73.00,,unknown,0,,,False,,35,,,,
252,NUVL,16.66,16.66,-0.0615,-0.7688,late,mid,none,7.41,38.63,63.25,10.70,,,74.42422164866795787787831586,0.87000,0.95,0.65,8.0001,8.0001,5,5,False,,True,thesis_gate_triggered,,,True,-0.0688,,,201,,67.00,,unknown,0,,,False,,76.0,,,,
253,EYPT,16.61,16.61,-0.0877,-1.0968,late,small,sev2,66.27,7.82,42.30,72.39,,,78.26562811682955107881813921,0.80000,0.95,0.30,6.2375,6.2375,4,4,True,moderate,,,,,False,-0.0232,,,201,,65.00,,unknown,0,,,False,,86.0,,,,
254,PSNL,16.61,16.61,-0.0607,-0.7583,early,small,sev1,18.17,52.21,45.34,11.40,,,,0.68500,0.65,0.45,,,0,0,False,,True,thesis_gate_triggered,,,False,0.2669,,,0,,62.00,,unknown,0,,,False,,35,,,,
255,PRVA,16.51,16.51,-0.0624,-0.7794,early,mid,sev1,18.17,51.58,45.34,11.40,,,55.5,0.74500,0.65,0.45,0.9778,0.9778,1,1,False,,True,thesis_gate_triggered,,,False,-0.2607,,,77,,68.00,,unknown,0,,,False,,35,,,,
256,STOK,16.46,16.46,-0.0658,-0.8227,late,small,none,5.38,21.69,34.98,30.60,,,85,0.80000,0.85,0.45,9.0867,9.0867,6,6,False,,True,thesis_gate_triggered,,,False,0.1079,,,77,,74.00,,unknown,0,,,False,,68.0,,,,
257,PHVS,16.45,16.45,-0.0641,-0.8009,late,small,none,22.66,7.82,44.79,10.70,,,85,0.74000,0.95,0.45,14.0959,14.0959,9,9,False,,True,thesis_gate_triggered,,,True,-0.0056,,,201,,48.00,,unknown,0,,,False,,72.0,,,,
258,KRYS,16.33,15.02,-0.0649,-0.8118,late,mid,none,15.61,27.62,56.91,10.70,,,71.5,0.87500,0.95,0.65,5.9294,5.9294,4,4,False,,True,thesis_gate_triggered,,,True,0.2844,,,77,,71.00,,unknown,0,,,False,,83.0,,,,
259,RGEN,16.30,15.97,-0.0632,-0.7901,early,mid,sev1,18.17,31.23,45.34,47.37,,,60.5,0.74000,0.65,0.45,2.6461,2.6461,3,3,False,,True,thesis_gate_triggered,,,False,-0.0725,,,77,,61.00,,unknown,0,,,False,,35,,,,
260,NTLA,16.29,14.54,-0.0667,-0.8338,late,small,sev1,9.07,29.11,52.90,39.80,,,46.78846711598273721189900519,0.83000,0.95,0.45,0.7644,0.7644,1,1,False,,True,thesis_gate_triggered,,,True,0.0117,,,201,,78.00,,unknown,1,,,False,,84.0,,,,
261,DAWN,16.19,15.70,-0.0703,-0.8792,late,small,none,5,68.45,34.98,10.70,,,46.78846711598273721189900519,0.83500,0.95,0.45,0.9291,0.9291,1,1,False,,True,thesis_gate_triggered,,,False,0.4738,,,201,,48.00,,unknown,0,,,False,,79.0,,,,
262,VCYT,16.12,16.12,-0.0694,-0.8677,early,mid,sev1,18.17,46.87,45.34,11.40,,,61.0,0.74000,0.65,0.45,1.9664,1.9664,2,2,False,,True,thesis_gate_triggered,,,False,-0.0874,,,77,,63.00,,unknown,0,,,False,,35,,,,
263,XERS,16.04,16.04,-0.0685,-0.8563,early,small,sev1,18.17,27.59,45.34,33.33,,,66.5,0.74500,0.65,0.45,2.0859,2.0859,3,3,False,,True,thesis_gate_triggered,,,False,-0.3788,,,77,,62.00,,unknown,0,,,False,,35,,,,
264,CELC,15.93,15.93,-0.0722,-0.9025,late,mid,none,10.77,29.98,42.30,31.84,,,85,0.87500,0.95,0.65,9.4402,9.4402,6,6,False,,True,thesis_gate_triggered,,,False,0.5527,,,201,,68.00,,unknown,0,,,True,,79.0,,,,
265,AVTR,15.92,15.60,-0.0713,-0.8908,early,mid,sev1,18.17,33.10,45.34,40.35,,,52.5,0.74500,0.65,0.45,0.5222,0.5222,1,1,False,,True,thesis_gate_triggered,,,False,-0.2338,,,77,,54.00,,unknown,0,,,False,,35,,,,
266,IKT,15.77,15.77,-0.0732,-0.9144,late,micro,none,5,53.75,36.09,28.11,,,44.06785523744888814383069811,0.80500,0.85,0.45,0.3945,0.3945,1,1,False,,True,thesis_gate_triggered,,,False,-0.1634,,,201,,49.00,,unknown,0,,,False,,71.0,,,,
267,CVAC,15.62,15.62,-0.0741,-0.9264,late,small,none,36.85,17.44,40.59,10.70,,,,0.74500,0.95,0.45,,,0,0,False,,True,thesis_gate_triggered,,,False,-0.3629,,,201,,65.00,,unknown,0,,,False,,86.0,,,,
268,RPRX,15.47,15.47,-0.0771,-0.9632,early,large,sev1,18.17,42.80,45.34,11.40,,,52.5,0.74000,0.65,0.45,0.5222,0.5222,1,1,False,,True,thesis_gate_triggered,,,False,-0.1482,,,77,,63.00,,unknown,0,,,False,,35,,,,
269,ADCT,15.46,15.46,-0.0761,-0.9508,late,small,none,8.24,45.38,55.68,10.70,,,66.17023009911423415374641373,0.87500,0.95,0.65,4.3951,4.3951,3,3,False,,True,thesis_gate_triggered,,,True,-0.2522,,,201,,71.00,,unknown,0,,,False,,83.0,,,,
270,BRKR,15.40,15.40,-0.0751,-0.9385,early,mid,sev1,18.17,49.05,45.34,11.40,,,,0.74000,0.65,0.45,,,0,0,False,,True,thesis_gate_triggered,,,False,0.0366,,,108,,68.00,,unknown,0,,,False,,35,,,,
271,GRFS,15.39,15.39,-0.0963,-1.2034,late,mid,sev2,60.60,5,45.22,93.53,,,,0.58000,0.95,0.45,,,0,0,False,,,stage_pivotal_not_active,,,True,-0.2906,,,201,,61.00,,unknown,0,,,False,,88.0,,,,
272,TNYA,15.25,14.79,-0.0989,-1.2364,early,micro,sev2,50.53,5,51.81,67.54,,,55.5,0.83500,0.95,0.45,0.6528,0.6528,1,1,True,moderate,,,,,False,-0.5235,,,28,,50.00,,unknown,0,,,False,,54.0,,,,
273,LRMR,15.22,15.22,-0.0901,-1.1259,mid,micro,sev2,62.41,6.89,37.85,25.86,,,85,0.83500,0.95,0.45,4.9774,4.9774,5,5,False,,True,thesis_gate_triggered,,,False,-0.2704,,,52,,68.00,,unknown,0,,,False,,72.0,,,,
274,ADPT,15.04,15.04,-0.0801,-1.0014,early,mid,sev1,18.17,37.08,45.34,11.40,,,55.5,0.74000,0.65,0.45,0.6528,0.6528,1,1,False,,True,thesis_gate_triggered,,,False,-0.0056,,,108,,64.00,,unknown,1,,,False,,35,,,,
275,PRLD,15.02,15.02,-0.0976,-1.2197,mid,micro,sev2,77.00,5,43.27,25.86,,,78.32050807568877293527446342,0.80500,0.95,0.30,1.446,1.446,2,2,True,weak,,,,,False,0.3212,,,52,,44.00,,unknown,0,,,False,,72.0,,,,
276,OPCH,14.83,14.83,-0.0812,-1.0145,early,mid,sev1,18.17,40.81,45.34,27.19,,,,0.74000,0.65,0.45,,,0,0,False,,True,thesis_gate_triggered,,,False,0.0111,,,77,,68.00,,unknown,0,,,False,,35,,,,
277,EDIT,14.81,13.61,-0.1017,-1.2709,early,micro,sev2,63.16,5,38.16,95.00,,,,0.83500,0.95,0.45,,,0,0,False,,,stage_early_not_active,,,False,-0.4197,,,28,,59.00,,unknown,1,,,True,,64.0,,,,
278,EOLS,14.12,13.41,-0.1046,-1.307,late,small,sev2,65.97,5.40,57.33,68.16,,,34.97943406368360030360296275,0.87500,0.95,0.65,0.8922,0.8922,1,1,True,weak,,,,,True,-0.4594,,,108,,66.00,,unknown,0,,,False,,76.0,,,,
279,PHAT,14.09,13.39,-0.1061,-1.3257,late,small,sev2,74.33,6.43,37.57,66.42,,,49.5,0.83000,0.95,0.45,0.7092,0.7092,1,1,False,,,stage_commercial_not_active,,,False,-0.1263,,,201,,86.00,,unknown,0,,,False,,88.0,,,,
280,TXG,13.84,13.84,-0.0833,-1.0412,late,mid,none,5,51.64,42.30,30.60,,,32.09203097193027459457094380,0.80500,0.95,0.30,0.6528,0.6528,1,1,False,,True,thesis_gate_triggered,,,False,0.3245,,,77,,75.00,,unknown,0,,,False,,75.0,,,,
281,ACLX,13.78,13.78,-0.0844,-1.0548,late,mid,none,5,30.43,43.36,10.70,,,85,0.80500,0.95,0.30,11.7857,11.7857,7,7,False,,True,thesis_gate_triggered,,,False,-0.3340,,,201,,74.00,,unknown,0,,,False,,74.0,,,,
282,CRVS,13.77,13.77,-0.0855,-1.0686,late,small,none,25.61,17.10,49.78,10.70,,,66.17023009911423415374641373,0.83500,0.95,0.45,2.8295,2.8295,3,3,False,,True,thesis_gate_triggered,,,False,2.3297,,,201,,53.00,,unknown,0,,,False,,78.0,,,,
283,COGT,13.43,13.03,-0.0866,-1.0826,late,mid,none,12.06,16.32,42.30,10.70,,,85,0.80500,0.95,0.30,10.7045,10.7045,7,7,False,,True,thesis_gate_triggered,,,False,1.2828,,,201,,63.00,,unknown,0,,,False,,79.0,,,,
284,CNTA,13.21,13.21,-0.0889,-1.1113,late,mid,sev1,5,9.60,49.78,39.80,,,85,0.83000,0.95,0.45,9.0919,9.0919,7,7,False,,True,thesis_gate_triggered,,,False,-0.0577,,,201,,55.00,,unknown,0,,,False,,83.0,,,,
285,BBIO,13.05,13.05,-0.0913,-1.1409,late,large,sev1,19.31,13.64,50.27,10.70,,,85,0.80000,0.95,0.30,6.7701,6.7701,5,5,False,,True,thesis_gate_triggered,,,False,0.0779,,,108,,71.00,,unknown,0,,,False,,86.0,,,,
286,IMMP,13.00,11.96,-0.0937,-1.1715,late,small,none,34.42,10.34,55.70,10.70,,,,0.74500,0.95,0.45,,,0,0,False,,True,thesis_gate_triggered,,,True,0.3056,,,201,,55.00,,unknown,0,,,False,,83.0,,,,
287,ETON,12.92,12.92,-0.0925,-1.1561,early,small,sev1,18.17,14.15,45.34,27.19,,,61.0,0.74500,0.65,0.45,4.5109,4.5109,2,2,False,,True,thesis_gate_triggered,,,False,-0.3889,,,77,,67.00,,unknown,0,,,False,,35,,,,
288,PAHC,12.66,12.66,-0.095,-1.1873,early,small,sev1,18.17,20.66,45.34,27.19,,,,0.74000,0.65,0.45,,,0,0,False,,True,thesis_gate_triggered,,,False,-0.1187,,,77,,54.00,,unknown,0,,,False,,35,,,,
289,ABOS,12.32,12.32,-0.1124,-1.4055,mid,micro,sev2,50.00,8.10,42.95,55.17,,,55.5,0.77500,0.85,0.30,0.7323,0.7323,1,1,True,weak,,,,,False,0.2258,,,52,,53.00,,unknown,0,,,False,,64.0,,,,
290,BLTE,12.31,12.31,-0.1159,-1.449,late,mid,sev2,48.52,6.59,40.59,53.48,,,65.53135047536033246746184055,0.74500,0.95,0.45,2.5158,2.5158,3,3,False,,,stage_pivotal_not_active,,,False,0.4775,,,201,,38.00,,unknown,0,,,False,,76.0,,,,
291,LFCR,11.87,11.87,-0.1003,-1.2535,early,small,sev1,18.17,15.73,45.34,31.58,,,,0.74000,0.65,0.45,,,0,0,False,,True,thesis_gate_triggered,,,False,-0.0737,,,77,,76.00,,unknown,0,,,False,,35,,,,
292,TKNO,11.77,11.77,-0.1031,-1.2887,early,micro,sev1,18.17,24.59,45.34,11.40,,,,0.68500,0.65,0.45,,,0,0,False,,True,thesis_gate_triggered,,,False,-0.5576,,,0,,75.00,,unknown,0,,,False,,35,,,,
293,SVRA,11.48,11.48,-0.1076,-1.3448,late,small,sev1,32.02,11.42,34.98,10.70,,,71.29683604115859905443523459,0.83500,0.95,0.45,4.37,4.37,3,3,False,,True,thesis_gate_triggered,,,False,0.2647,,,201,,65.00,,unknown,0,,,False,,88.0,,,,
294,RNA,11.28,11.28,-0.1108,-1.3847,late,large,sev2,31.23,5,42.30,39.80,,,85,0.80000,0.95,0.30,18.9756,18.9756,11,11,True,moderate,,,,,False,-0.0456,,,201,,68.00,,unknown,0,,,False,,76.0,,,,
295,LQDA,11.18,11.18,-0.1092,-1.3645,late,mid,sev1,17.44,11.05,42.30,30.60,,,54.25812631029911623622462983,0.80500,0.95,0.30,4.6453,4.6453,3,3,False,,True,thesis_gate_triggered,,,False,0.4480,,,201,,71.00,,unknown,0,,,False,,79.0,,,,
296,IVVD,10.45,9.63,-0.1142,-1.4269,late,small,sev1,5,15.55,58.60,58.46,,,65.17023009911423415374641373,0.87500,0.95,0.65,1.9583,1.9583,3,3,False,,True,thesis_gate_triggered,,,True,0.3146,,,201,,75.00,,unknown,0,,,False,,76.0,,,,
297,ALMS,10.31,10.31,-0.1177,-1.4718,late,mid,sev2,36.85,5,43.65,48.01,,,85,0.80500,0.95,0.30,8.1766,8.1766,7,7,False,,True,thesis_gate_triggered,,,False,3.9195,,,201,,44.00,,unknown,0,,,False,,79.0,,,,
298,LENZ,10.28,10.28,-0.1216,-1.5199,late,small,sev2,38.50,5,34.98,53.48,,,85,0.83500,0.95,0.45,9.0963,9.0963,6,6,False,,,stage_pivotal_not_active,,,False,-0.4887,,,201,,66.00,,unknown,0,,,False,,76.0,,,,
299,ERAS,9.56,9.56,-0.1196,-1.4955,late,mid,none,9.92,30.87,34.98,10.70,,,65.53135047536033246746184055,0.83500,0.95,0.45,4.0735,4.0735,3,3,False,,True,thesis_gate_triggered,,,False,3.5946,,,201,,48.00,,unknown,0,,,False,,75.0,,,,
300,STVN,9.42,9.42,-0.1236,-1.5454,early,mid,sev1,18.17,12.60,45.34,11.40,,,,0.68500,0.65,0.45,,,0,0,False,,True,thesis_gate_triggered,,,False,-0.5429,,,0,,60.00,,unknown,0,,,False,,35,,,,
301,OABI,9.26,9.26,-0.1257,-1.5718,early,micro,sev2,46.05,5,38.16,35.09,,,,0.74000,0.85,0.45,,,0,0,False,,True,thesis_gate_triggered,,,False,-0.0811,,,0,,55.00,,unknown,0,,,False,,35.0,,,,
302,AKRO,8.74,8.74,-0.128,-1.5995,late,mid,sev2,18.14,5,55.70,33.83,,,74.00,0.51500,0.95,0.45,13.5937,13.5937,11,11,False,,True,thesis_gate_triggered,,,True,,,,201,,50,,unknown,0,,,False,,75.0,,,,
303,KOD,8.74,8.48,-0.1327,-1.6587,late,small,sev1,5,11.78,42.30,53.48,,,66.17023009911423415374641373,0.80500,0.95,0.30,3.236,3.236,3,3,False,,True,thesis_gate_triggered,,,False,0.5126,,,201,,57.00,,unknown,0,,,False,,80.0,,,,
304,URGN,8.71,8.71,-0.1303,-1.6284,late,small,sev2,29.93,7.47,50.81,32.34,,,78.26562811682955107881813921,0.83500,0.95,0.45,3.9186,3.9186,4,4,False,,True,thesis_gate_triggered,,,True,-0.1558,,,201,,68.00,,unknown,0,,,False,,83.0,,,,
305,SLDB,8.58,8.58,-0.1352,-1.6906,late,small,sev2,21.93,8.17,42.30,24.13,,,85,0.80000,0.95,0.30,10.0349,10.0349,6,6,False,,True,thesis_gate_triggered,,,False,-0.0688,,,201,,79.00,,unknown,0,,,False,,79.0,,,,
306,MRUS,7.55,7.55,-0.138,-1.7244,late,mid,sev2,14.27,5,70.00,10.70,,,85,0.55500,0.95,0.65,13.1453,13.1453,8,8,False,,True,thesis_gate_triggered,,,True,,,,201,,50,,unknown,0,,,False,,76.0,,,,
307,NAUT,7.49,7.49,-0.1408,-1.7602,mid,micro,none,5.14,18.65,42.95,25.86,,,55.5,0.77500,0.85,0.30,0.7237,0.7237,1,1,False,,True,thesis_gate_triggered,,,False,0.7329,,,77,,57.00,,unknown,0,,,False,,35.0,,,,
308,PRAX,7.42,7.42,-0.1439,-1.7985,late,mid,sev2,28.65,5,43.36,24.13,,,85,0.80500,0.95,0.30,10.432,10.432,8,8,False,,True,thesis_gate_triggered,,,False,1.8917,,,201,,69.00,,unknown,0,,,False,,83.0,,,,
309,VOR,7.11,7.11,-0.1507,-1.884,late,small,sev1,5,32.21,36.09,10.70,,,,0.83500,0.95,0.45,,,0,0,False,,True,thesis_gate_triggered,,,False,-0.5883,,,201,,47.00,,unknown,0,,,False,,82.0,,,,
310,VRDN,6.83,6.83,-0.1589,-1.9861,late,mid,sev2,13.82,6.08,54.87,53.48,,,66.59117397948353705705147284,0.87500,0.95,0.65,6.2836,6.2836,4,4,False,,True,thesis_gate_triggered,,,True,0.2978,,,201,,65.00,,unknown,0,,,False,,68.0,,,,
311,SMMT,6.78,6.78,-0.1472,-1.8396,late,large,sev2,26.11,5,53.29,10.70,,,71.86084391824351610281821799,0.83500,0.95,0.45,6.5045,6.5045,5,5,False,,True,thesis_gate_triggered,,,True,-0.4627,,,201,,70.00,,unknown,0,,,False,,86.0,,,,
312,STRO,6.67,6.67,-0.1637,-2.046,mid,micro,sev2,33.36,5.70,36.21,25.86,,,85,0.83500,0.95,0.45,1.9583,1.9583,3,3,False,,True,thesis_gate_triggered,,,False,0.3875,,,52,,60.00,,unknown,0,,,False,,75.0,,,,
313,NMRA,6.67,6.67,-0.1546,-1.9326,late,small,sev2,30.72,9.96,54.51,24.13,,,46.78846711598273721189900519,0.83500,0.95,0.45,0.6528,0.6528,1,1,False,,True,thesis_gate_triggered,,,True,-0.2563,,,201,,64.00,,unknown,0,,,False,,79.0,,,,
314,SION,6.49,6.49,-0.1933,-2.4164,mid,small,sev2,6.54,5,42.95,93.97,,,85,0.71500,0.85,0.30,8.103,8.103,6,6,True,strong,,,,,False,0.2942,,,0,,68.00,,unknown,0,,,False,,46.0,,,,
315,BMEA,6.38,6.38,-0.1692,-2.1144,mid,micro,sev2,25.34,9.33,51.10,25.86,,,55.5,0.83500,0.95,0.45,0.9211,0.9211,1,1,False,,True,thesis_gate_triggered,,,False,-0.3066,,,108,,64.00,,unknown,0,,,False,,70.0,,,,
316,IOVA,5.99,5.81,-0.1833,-2.2913,late,small,sev2,26.62,14.02,42.30,10.70,,,48.07483208139891722867468824,0.83000,0.95,0.45,2.6751,2.6751,2,2,False,,True,thesis_gate_triggered,,,False,0.0732,,,201,,74.00,,unknown,0,,,False,,83.0,,,,
317,CNTX,5.79,5.79,-0.1755,-2.1943,mid,micro,sev2,20.28,5,42.43,25.86,,,,0.51500,0.95,0.45,,,0,0,False,,True,thesis_gate_triggered,,,False,,,,52,,50,,unknown,0,,,False,,72.0,,,,
318,OCGN,5.21,4.79,-0.2078,-2.597,late,small,sev2,18.14,5,53.57,53.48,,,,0.87000,0.95,0.65,,,0,0,False,,True,thesis_gate_triggered,,,True,-0.0565,,,201,,69.00,,unknown,0,,,False,,79.0,,,,
319,IBRX,2.75,2.75,-0.2363,-2.9542,late,mid,sev2,13.38,5,53.85,10.70,,,29.59203097193027459457094380,0.83500,0.95,0.45,0.5222,0.5222,1,1,False,,True,thesis_gate_triggered,,,True,1.3459,,,201,,53.00,,unknown,0,,,False,,86.0,,,,
