as_of,trade_start,trade_end,port_ret_pct,xbi_ret_pct,excess_pct,xbi_dd_pct,xbi_vol_ann,n_held,n_gap_risk,gap_risk_wt_pct,tier_a_ret_pct,tier_b_ret_pct,n_tickers_ranked,worst_ticker,worst_ret_pct
2020-01-03,2020-01-03,2020-01-10,0.6885,1.5745,-0.8861,-1.39,,19,0,0.0,2.3956,0.5936,25,DYN,-14.99
2020-01-10,2020-01-10,2020-01-17,2.2101,1.5185,0.6916,-1.03,0.1548,18,0,0.0,-7.6071,2.7876,25,EYPT,-13.61
2020-01-17,2020-01-17,2020-01-24,-2.8037,-5.7339,2.9302,-0.83,0.2151,18,0,0.0,-7.9964,-2.4982,25,DYN,-16.27
2020-01-24,2020-01-24,2020-01-31,-3.8769,-1.7961,-2.0808,-6.52,0.2312,18,0,0.0,-7.3555,-3.6723,25,DYN,-16.56
2020-01-31,2020-01-31,2020-02-07,2.7275,6.9569,-4.2294,-8.2,0.2229,18,0,0.0,4.8992,2.5997,25,CELC,-16.79
2020-02-07,2020-02-07,2020-02-14,-1.027,1.8569,-2.8839,-1.81,0.263,18,0,0.0,4.6539,-1.3611,25,SVRA,-18.86
2020-02-14,2020-02-14,2020-02-21,2.7547,0.1751,2.5797,-0.94,0.2399,19,0,0.0,-4.0354,3.132,25,PVLA,-18.54
2020-02-21,2020-02-21,2020-02-28,-10.9535,-8.3076,-2.6459,-1.11,0.2303,19,0,0.0,-15.1385,-10.721,25,LQDA,-23.95
2020-02-28,2020-02-28,2020-03-06,0.3821,1.0316,-0.6495,-9.32,0.3024,19,0,0.0,1.3991,0.3256,25,LQDA,-11.69
2020-03-06,2020-03-06,2020-03-13,-16.7736,-16.4928,-0.2808,-8.39,0.3679,18,0,0.0,-14.7374,-16.8934,25,ADCT,-43.33
2020-03-13,2020-03-13,2020-03-20,-6.0667,-8.134,2.0673,-23.5,0.687,18,0,0.0,-3.0793,-6.2424,25,ADCT,-27.2
2020-03-20,2020-03-20,2020-03-27,8.342,9.8958,-1.5539,-29.72,0.8567,18,0,0.0,2.6438,8.6772,25,AVIR,-22.31
2020-03-27,2020-03-27,2020-03-31,2.9106,1.9484,0.9622,-22.77,0.8937,18,0,0.0,7.2074,2.6578,25,CELC,-10.27
2020-03-31,2020-03-31,2020-04-03,-5.5543,-3.3316,-2.2226,-21.26,0.8827,18,0,0.0,-4.0042,-5.6454,25,PVLA,-25.49
2020-04-03,2020-04-03,2020-04-09,11.9721,11.4481,0.524,-23.88,0.891,18,0,0.0,13.1065,11.9054,25,RCKT,-8.4
2020-04-09,2020-04-09,2020-04-17,9.8754,9.7327,0.1427,-15.17,0.7729,18,0,0.0,8.5986,9.9506,25,CHRS,-7.01
2020-04-17,2020-04-17,2020-04-24,2.7676,5.964,-3.1963,-6.91,0.6012,18,0,0.0,10.277,2.3259,25,CGON,-17.81
2020-04-24,2020-04-24,2020-04-30,1.862,-3.7316,5.5936,-1.36,0.5465,18,0,0.0,3.1442,1.7866,25,ADCT,-18.6
2020-04-30,2020-04-30,2020-05-01,-3.9682,-2.7412,-1.227,-5.04,0.5137,18,0,0.0,-4.8711,-3.9151,25,REPL,-12.0
2020-05-01,2020-05-01,2020-05-08,9.5353,9.6224,-0.0871,-7.65,0.5066,18,0,0.0,-1.3049,10.173,25,PVLA,-7.45
2020-05-08,2020-05-08,2020-05-15,3.6821,3.1134,0.5688,0.0,0.4443,18,0,0.0,-2.3766,4.0385,25,ADCT,-36.73
2020-05-15,2020-05-15,2020-05-22,13.0623,3.2921,9.7702,-1.58,0.4229,17,0,0.0,9.2062,13.3033,25,PVLA,0.2
2020-05-22,2020-05-22,2020-05-29,0.2491,-2.3479,2.597,0.0,0.4052,17,1,4.0,5.4317,-0.0748,25,ABSI,-10.66
2020-05-29,2020-05-29,2020-06-05,-1.4834,-0.6277,-0.8557,-2.35,0.3887,17,1,4.0,-12.3437,-0.8046,25,URGN,-18.18
2020-06-05,2020-06-05,2020-06-12,4.9456,-2.6042,7.5498,-2.96,0.337,16,0,0.0,7.2193,4.794,25,AURA,-29.21
2020-06-12,2020-06-12,2020-06-19,11.7167,8.6002,3.1164,-5.49,0.3394,17,0,0.0,5.7985,12.0865,25,WVE,-1.82
2020-06-19,2020-06-19,2020-06-26,-4.1903,1.4582,-5.6485,0.0,0.3023,17,0,0.0,-30.3983,-2.5523,25,QURE,-30.4
2020-06-26,2020-06-26,2020-06-30,-2.7733,1.3856,-4.1589,-3.28,0.3471,17,0,0.0,-3.0551,-2.7557,25,AVIR,-22.75
2020-06-30,2020-06-30,2020-07-02,-1.4445,0.8397,-2.2842,-1.94,0.3467,17,0,0.0,1.0652,-1.6014,25,CGON,-14.46
2020-07-02,2020-07-02,2020-07-10,-0.9785,1.7982,-2.7767,-1.12,0.3371,17,0,0.0,1.9104,-1.1591,25,NUVB,-16.12
2020-07-10,2020-07-10,2020-07-17,2.7346,3.324,-0.5894,-1.58,0.2811,16,0,0.0,-5.3006,3.2703,25,CLDX,-7.79
2020-07-17,2020-07-17,2020-07-24,-6.2872,-5.4826,-0.8046,0.0,0.3018,17,0,0.0,,-6.2872,25,TENX,-20.52
2020-07-24,2020-07-24,2020-07-31,-2.2883,-2.584,0.2956,-6.75,0.2726,16,0,0.0,,-2.2883,25,VERA,-11.99
2020-07-31,2020-07-31,2020-08-07,7.2613,4.1983,3.063,-9.16,0.2955,15,0,0.0,,7.2613,25,REPL,-3.76
2020-08-07,2020-08-07,2020-08-14,-5.7092,-3.2655,-2.4438,-5.35,0.3188,16,0,0.0,,-5.7092,25,ADCT,-55.52
2020-08-14,2020-08-14,2020-08-21,5.929,1.1434,4.7856,-8.44,0.3107,16,0,0.0,,5.929,25,SMMT,-10.18
2020-08-21,2020-08-21,2020-08-28,-0.794,-2.3955,1.6015,-7.39,0.3079,17,0,0.0,,-0.794,25,ABSI,-21.23
2020-08-28,2020-08-28,2020-08-31,0.5706,2.776,-2.2054,-9.61,0.2791,17,0,0.0,,0.5706,25,PRTA,-3.66
2020-08-31,2020-08-31,2020-09-04,-8.0559,-5.8313,-2.2246,-7.1,0.2557,17,0,0.0,,-8.0559,25,VERA,-29.42
2020-09-04,2020-09-04,2020-09-11,3.5839,-0.8073,4.3912,-12.52,0.2996,16,0,0.0,,3.7606,25,NUVB,-8.05
2020-09-11,2020-09-11,2020-09-18,8.6451,11.2984,-2.6532,-13.23,0.2809,16,0,0.0,,8.6451,25,AURA,-12.77
2020-09-18,2020-09-18,2020-09-25,-10.1776,-4.5983,-5.5792,-3.42,0.3605,16,0,0.0,,-10.1776,25,CNTA,-52.56
2020-09-25,2020-09-25,2020-09-30,1.9864,0.5595,1.4269,-7.86,0.3932,16,0,0.0,,1.691,25,ABSI,-3.75
2020-09-30,2020-09-30,2020-10-02,-0.1253,-0.9602,0.8349,-7.35,0.3735,16,0,0.0,,-1.1551,25,ABSI,-11.04
2020-10-02,2020-10-02,2020-10-09,13.484,8.9616,4.5225,-8.24,0.3589,16,0,0.0,,10.4825,25,CLDX,-6.57
2020-10-09,2020-10-09,2020-10-16,3.5338,0.3077,3.2261,-0.01,0.4018,16,0,0.0,,3.5338,25,IMVT,-18.06
2020-10-16,2020-10-16,2020-10-23,-1.3976,-2.4789,1.0813,-1.29,0.3159,16,0,0.0,,-1.3976,25,TRDA,-15.64
2020-10-23,2020-10-23,2020-10-30,-2.7562,-4.1316,1.3754,-3.74,0.2917,16,0,0.0,,-2.2853,25,RCKT,-10.92
2020-10-30,2020-10-30,2020-11-06,7.4239,6.296,1.1279,-7.72,0.3108,17,0,0.0,,9.2466,25,CGON,-11.21
2020-11-06,2020-11-06,2020-11-13,4.9784,4.313,0.6654,-2.51,0.3394,17,0,0.0,,6.0057,25,CRSP,-11.65
2020-11-13,2020-11-13,2020-11-20,0.6989,0.7997,-0.1008,0.0,0.3384,17,0,0.0,,0.6989,25,CELC,-11.56
2020-11-20,2020-11-20,2020-11-27,3.7339,4.3002,-0.5663,-0.55,0.3129,17,0,0.0,,3.7339,25,FATE,-3.77
2020-11-27,2020-11-27,2020-11-30,0.2764,1.3236,-1.0471,0.0,0.3177,18,1,4.0,-3.3708,0.491,25,RCKT,-3.37
2020-11-30,2020-11-30,2020-12-04,0.5271,2.2523,-1.7252,0.0,0.3122,17,1,4.0,3.6176,0.334,25,QURE,-12.84
2020-12-04,2020-12-04,2020-12-11,5.746,4.4567,1.2894,0.0,0.2131,18,0,0.0,,5.746,25,QURE,-9.54
2020-12-11,2020-12-11,2020-12-18,1.4804,3.7113,-2.2309,-0.06,0.2477,18,0,0.0,,1.4804,25,IMVT,-10.72
2020-12-18,2020-12-18,2020-12-24,2.918,1.7886,1.1293,0.0,0.2603,18,0,0.0,,2.918,25,VERA,-17.08
2020-12-24,2020-12-24,2020-12-31,-5.5729,-6.1529,0.58,-0.75,0.2673,18,0,0.0,,-5.5729,25,NUVB,-17.54
2020-12-31,2020-12-31,2021-01-08,8.0271,6.2225,1.8046,-6.85,0.2811,18,0,0.0,,8.0271,25,CLDX,-5.81
2021-01-08,2021-01-08,2021-01-15,-0.6439,1.4645,-2.1084,-1.06,0.2999,18,0,0.0,,-0.6439,25,NUVB,-21.02
2021-01-15,2021-01-15,2021-01-22,0.9498,0.547,0.4028,-1.11,0.2819,19,0,0.0,,0.9498,25,RNA,-29.4
2021-01-22,2021-01-22,2021-01-29,-0.4561,0.2098,-0.6658,-1.08,0.2879,21,0,0.0,,-0.4561,25,TENX,-23.14
2021-01-29,2021-01-29,2021-02-05,8.6914,9.0921,-0.4007,-2.71,0.284,17,0,0.0,,8.6914,25,REPL,-38.12
2021-02-05,2021-02-05,2021-02-12,0.0217,-1.475,1.4967,0.0,0.2993,20,0,0.0,,0.0217,25,DYN,-14.98
2021-02-12,2021-02-12,2021-02-19,1.6402,-3.195,4.8352,-5.56,0.3293,20,0,0.0,,1.6402,25,URGN,-16.3
2021-02-19,2021-02-19,2021-02-26,-7.2855,-6.9592,-0.3263,-8.58,0.3429,20,0,0.0,,-7.2855,25,CELC,-24.22
2021-02-26,2021-02-26,2021-03-05,-5.9876,-6.2365,0.2488,-14.94,0.3744,18,0,0.0,,-5.9876,25,AVIR,-20.41
2021-03-05,2021-03-05,2021-03-12,6.5096,5.5776,0.9321,-20.24,0.4162,17,0,0.0,,6.5096,25,FATE,-3.74
2021-03-12,2021-03-12,2021-03-19,-0.2912,-0.9829,0.6917,-15.79,0.433,17,0,0.0,,-0.2912,25,ANNX,-11.98
2021-03-19,2021-03-19,2021-03-26,-9.5488,-8.2535,-1.2953,-16.62,0.4636,16,0,0.0,,-9.5488,25,CELC,-29.44
2021-03-26,2021-03-26,2021-03-31,0.6638,1.9465,-1.2826,-23.5,0.515,17,0,0.0,,0.6638,25,FATE,-13.26
2021-03-31,2021-03-31,2021-04-01,1.7186,1.0173,0.7012,-22.01,0.5005,18,0,0.0,,1.7186,25,ABSI,-3.78
2021-04-01,2021-04-01,2021-04-09,-1.5973,-5.4003,3.803,-21.22,0.4886,19,0,0.0,,-1.5973,25,TRDA,-13.33
2021-04-09,2021-04-09,2021-04-16,2.5519,1.4811,1.0708,-25.48,0.4469,19,0,0.0,,2.5519,25,REPL,-12.5
2021-04-16,2021-04-16,2021-04-23,3.7259,2.0904,1.6355,-24.37,0.4296,18,0,0.0,,3.7259,25,ANNX,-9.99
2021-04-23,2021-04-23,2021-04-30,2.6866,1.7275,0.9591,-22.79,0.3249,18,0,0.0,,2.6866,25,IVVD,-5.28
2021-04-30,2021-04-30,2021-05-07,-5.9457,-6.4998,0.5541,-21.46,0.2941,19,0,0.0,,-5.9457,25,VOR,-14.21
2021-05-07,2021-05-07,2021-05-14,-5.1632,-0.6419,-4.5213,-26.56,0.3039,18,0,0.0,,-5.1632,25,IVVD,-20.51
2021-05-14,2021-05-14,2021-05-21,8.8493,-0.197,9.0463,-27.03,0.3344,20,0,0.0,,8.8493,25,CTMX,-51.27
2021-05-21,2021-05-21,2021-05-28,4.1373,1.1289,3.0084,-27.18,0.3139,18,0,0.0,,4.1373,25,CLDX,-14.86
2021-05-28,2021-05-28,2021-06-01,-1.5891,-1.2881,-0.3011,-26.35,0.3014,19,0,0.0,,-1.5891,25,CTMX,-9.86
2021-05-31,2021-06-01,2021-06-04,-1.7721,0.2452,-2.0173,-27.3,0.3019,21,0,0.0,,-1.7721,25,REPL,-14.14
2021-06-04,2021-06-04,2021-06-11,6.0427,7.1552,-1.1125,-27.13,0.2584,19,0,0.0,,6.0427,25,ABSI,-14.75
2021-06-11,2021-06-11,2021-06-18,-1.3619,-1.6565,0.2946,-21.91,0.265,20,0,0.0,,-1.3619,25,NUVB,-17.07
2021-06-18,2021-06-18,2021-06-25,3.1231,3.8179,-0.6949,-23.2,0.2291,21,0,0.0,,3.1231,25,CELC,-10.17
2021-06-25,2021-06-25,2021-06-30,-1.7155,-2.3651,0.6496,-20.27,0.2257,22,0,0.0,,-1.7155,25,CELC,-19.57
2021-06-30,2021-06-30,2021-07-02,0.7369,0.8346,-0.0976,-22.16,0.2273,21,0,0.0,,0.7369,25,VIR,-11.95
2021-07-02,2021-07-02,2021-07-09,-0.9449,-1.9996,1.0547,-21.51,0.2461,21,0,0.0,,-0.9449,25,REPL,-11.31
2021-07-09,2021-07-09,2021-07-16,-6.6892,-5.8744,-0.8148,-23.08,0.2074,20,0,0.0,,-6.6892,25,CELC,-18.2
2021-07-16,2021-07-16,2021-07-23,2.259,0.4526,1.8064,-27.6,0.2264,20,0,0.0,,2.259,25,IVVD,-17.14
2021-07-23,2021-07-23,2021-07-30,-3.3907,-2.4504,-0.9403,-27.27,0.2362,21,0,0.0,,-3.3907,25,RCKT,-22.25
2021-07-30,2021-07-30,2021-08-06,3.7094,3.144,0.5654,-29.05,0.2669,21,0,0.0,,3.7094,25,IVVD,-5.72
2021-08-06,2021-08-06,2021-08-13,-1.3754,-2.0976,0.7221,-26.82,0.2817,22,0,0.0,,-1.3754,25,RCKT,-13.87
2021-08-13,2021-08-13,2021-08-20,-0.9683,-1.9981,1.0298,-28.36,0.2628,22,0,0.0,,-0.9683,25,FATE,-22.72
2021-08-20,2021-08-20,2021-08-27,6.73,8.1061,-1.3761,-29.79,0.2946,22,0,0.0,,6.73,25,IVVD,-15.82
2021-08-27,2021-08-27,2021-08-31,1.7557,0.6135,1.1422,-24.1,0.3122,22,0,0.0,,1.7557,25,IVVD,-7.35
2021-08-31,2021-08-31,2021-09-03,5.8727,1.0163,4.8565,-23.63,0.3127,22,0,0.0,,5.8727,25,VERA,-7.65
2021-09-03,2021-09-03,2021-09-10,-1.9759,-1.8407,-0.1352,-22.85,0.2908,22,0,0.0,-1.6425,-1.9918,25,TRDA,-30.08
2021-09-10,2021-09-10,2021-09-17,-0.5966,0.8807,-1.4773,-24.27,0.2906,22,0,0.0,-3.1984,-0.4727,25,IVVD,-19.9
2021-09-17,2021-09-17,2021-09-24,-7.4428,-1.8889,-5.5539,-23.61,0.2612,22,0,0.0,-6.3743,-7.4937,25,IVVD,-19.73
2021-09-24,2021-09-24,2021-09-30,-3.2951,-3.5744,0.2793,-25.05,0.2297,22,0,0.0,,-3.2951,25,CELC,-20.71
2021-09-30,2021-09-30,2021-10-01,-1.393,0.3659,-1.7589,-27.73,0.2382,22,0,0.0,,-1.393,25,DYN,-33.76
2021-10-01,2021-10-01,2021-10-08,0.7272,-2.1637,2.8909,-27.46,0.2355,22,0,0.0,,0.7272,25,DYN,-19.24
2021-10-08,2021-10-08,2021-10-15,2.2159,1.3286,0.8873,-29.03,0.2454,22,0,0.0,,2.2159,25,CLDX,-14.73
2021-10-15,2021-10-15,2021-10-22,-1.1101,-0.7196,-0.3906,-28.09,0.2443,22,0,0.0,,-1.1101,25,RAPT,-11.36
2021-10-22,2021-10-22,2021-10-29,0.1351,0.5073,-0.3722,-28.61,0.2084,23,0,0.0,,0.1351,25,IVVD,-17.6
2021-10-29,2021-10-29,2021-11-05,5.3105,5.2159,0.0946,-28.25,0.207,24,0,0.0,,5.3105,25,RAPT,-31.46
2021-11-05,2021-11-05,2021-11-12,-1.5439,-3.64,2.096,-24.5,0.2488,24,0,0.0,-5.4611,-1.3736,25,DYN,-33.77
2021-11-12,2021-11-12,2021-11-19,-3.8177,-3.651,-0.1667,-27.25,0.2493,24,0,0.0,-17.8603,-3.2072,25,VERA,-36.96
2021-11-19,2021-11-19,2021-11-26,-5.6922,-4.2159,-1.4763,-29.91,0.2516,24,0,0.0,,-5.6922,25,SMMT,-16.3
2021-11-26,2021-11-26,2021-11-30,6.4755,-0.4367,6.9122,-32.86,0.251,24,0,0.0,,6.4755,25,SANA,-14.99
2021-11-30,2021-11-30,2021-12-03,-7.0473,-5.7969,-1.2505,-33.16,0.2174,24,0,0.0,,-7.0473,25,IVVD,-22.97
2021-12-03,2021-12-03,2021-12-10,-1.8116,0.3469,-2.1585,-37.03,0.2911,24,0,0.0,,-1.8116,25,RAPT,-27.49
2021-12-10,2021-12-10,2021-12-17,-1.7409,5.1861,-6.9269,-36.81,0.3665,24,0,0.0,,-1.7409,25,NUVB,-65.45
2021-12-17,2021-12-17,2021-12-23,-0.4131,2.2576,-2.6707,-33.54,0.4377,24,0,0.0,,-0.4131,25,SVRA,-39.16
2021-12-23,2021-12-23,2021-12-31,-2.9298,-5.2952,2.3654,-32.03,0.4342,24,0,0.0,,-2.9298,25,COGT,-17.39
2021-12-31,2021-12-31,2022-01-07,-9.2175,-8.0118,-1.2057,-35.63,0.4088,24,0,0.0,,-9.2175,25,NUVB,-30.84
2022-01-07,2022-01-07,2022-01-14,-5.216,-2.4274,-2.7886,-40.79,0.3978,24,0,0.0,,-5.216,25,CLDX,-27.03
2022-01-14,2022-01-14,2022-01-21,-8.5008,-10.409,1.9082,-42.23,0.3826,24,0,0.0,,-8.5008,25,BMEA,-29.05
2022-01-21,2022-01-21,2022-01-28,-1.5622,-1.6106,0.0484,-48.24,0.4147,24,0,0.0,,-1.5622,25,RVMD,-12.51
2022-01-28,2022-01-28,2022-01-31,6.4386,5.4753,0.9634,-49.07,0.4599,24,0,0.0,,6.4386,25,INBX,0.1
2022-01-31,2022-01-31,2022-02-04,-1.5909,-2.8256,1.2347,-46.29,0.4977,24,0,0.0,,-1.5909,25,KOD,-12.5
2022-02-04,2022-02-04,2022-02-11,0.6176,2.8197,-2.2021,-47.8,0.458,24,0,0.0,,0.6176,25,NAMS,-12.11
2022-02-11,2022-02-11,2022-02-18,-4.0013,-4.2421,0.2408,-46.33,0.482,23,0,0.0,,-4.0013,25,TRDA,-13.39
2022-02-18,2022-02-18,2022-02-25,-4.0479,0.4587,-4.5066,-48.61,0.471,24,0,0.0,,-4.0479,25,LQDA,-83.23
2022-02-25,2022-02-25,2022-02-28,-0.1809,0.0334,-0.2143,-48.37,0.4819,23,0,0.0,,-0.1809,25,TNYA,-9.58
2022-02-28,2022-02-28,2022-03-04,-4.9043,-6.6014,1.6971,-48.36,0.4647,22,0,0.0,,-4.9203,25,COGT,-15.69
2022-03-04,2022-03-04,2022-03-11,2.2362,0.8463,1.39,-51.77,0.4216,24,0,0.0,,2.2362,25,REPL,-18.24
2022-03-11,2022-03-11,2022-03-18,7.2196,8.9233,-1.7037,-51.36,0.4202,24,0,0.0,,7.2196,25,KALV,-9.83
2022-03-18,2022-03-18,2022-03-25,-2.465,-2.7561,0.2911,-47.02,0.4571,22,0,0.0,,-2.465,25,AURA,-16.5
2022-03-25,2022-03-25,2022-03-31,2.86,0.2901,2.5699,-48.48,0.4576,22,0,0.0,,3.0698,25,REPL,-8.3
2022-03-31,2022-03-31,2022-04-01,2.3345,3.7606,-1.4261,-48.33,0.4829,22,0,0.0,,2.4955,25,ANRO,-2.68
2022-04-01,2022-04-01,2022-04-08,-1.6759,-3.131,1.4551,-46.38,0.4881,22,0,0.0,,-1.8967,25,AURA,-20.15
2022-04-08,2022-04-08,2022-04-14,-5.1456,-2.8448,-2.3008,-48.06,0.468,22,0,0.0,,-5.4835,25,PRTA,-37.75
2022-04-14,2022-04-14,2022-04-22,-7.5062,-9.035,1.5288,-49.54,0.4344,23,0,0.0,,-7.5062,25,FULC,-19.15
2022-04-22,2022-04-22,2022-04-29,-8.3693,-7.5275,-0.8418,-54.1,0.4363,23,0,0.0,,-8.3693,25,FATE,-17.53
2022-04-29,2022-04-29,2022-05-06,-8.4613,-5.0115,-3.4498,-57.55,0.4604,23,0,0.0,,-8.4613,25,KALV,-21.94
2022-05-06,2022-05-06,2022-05-13,-8.0215,-2.1817,-5.8399,-59.68,0.5239,23,0,0.0,,-8.0215,25,ELDN,-32.51
2022-05-13,2022-05-13,2022-05-20,2.1077,2.5219,-0.4142,-60.56,0.6818,23,0,0.0,,2.1077,25,ANRO,-13.32
2022-05-20,2022-05-20,2022-05-27,-2.2974,1.0806,-3.378,-59.57,0.6875,22,0,0.0,,-2.2974,25,PRTA,-29.71
2022-05-27,2022-05-27,2022-05-31,-2.1388,-3.2494,1.1106,-59.13,0.6691,22,0,0.0,,-2.1388,25,CLDX,-14.53
2022-05-31,2022-05-31,2022-06-03,2.6755,3.533,-0.8575,-60.46,0.664,23,0,0.0,,2.6755,25,RAPT,-10.71
2022-06-03,2022-06-03,2022-06-10,0.6897,-5.87,6.5597,-59.06,0.6427,23,0,0.0,,0.6897,25,KALV,-25.17
2022-06-10,2022-06-10,2022-06-17,-2.1775,0.8653,-3.0427,-61.46,0.5211,23,0,0.0,-13.9785,-1.641,25,ELDN,-33.73
2022-06-17,2022-06-17,2022-06-24,12.19,13.9772,-1.7872,-61.13,0.5219,23,0,0.0,,12.19,25,VERA,-48.33
2022-06-24,2022-06-24,2022-06-30,-2.7453,-3.6206,0.8752,-55.7,0.5695,23,0,0.0,,-2.7453,25,URGN,-22.67
2022-06-30,2022-06-30,2022-07-01,0.271,3.0564,-2.7855,-57.3,0.5522,23,0,0.0,,0.271,25,VIR,-15.8
2022-07-01,2022-07-01,2022-07-08,11.5576,10.3083,1.2493,-56.0,0.559,23,0,0.0,,11.5576,25,REPL,-1.92
2022-07-08,2022-07-08,2022-07-15,-0.7183,-2.4399,1.7216,-51.46,0.5572,23,0,0.0,,-0.7183,25,BMEA,-17.43
2022-07-15,2022-07-15,2022-07-22,0.1802,-2.0517,2.2319,-52.65,0.4985,23,0,0.0,,0.1802,25,URGN,-15.24
2022-07-22,2022-07-22,2022-07-29,-3.8169,0.5578,-4.3747,-53.62,0.4361,23,0,0.0,,-3.8169,25,BMEA,-27.22
2022-07-29,2022-07-29,2022-08-05,8.2506,13.768,-5.5174,-53.36,0.4293,22,0,0.0,,8.2506,25,DNLI,-15.23
2022-08-05,2022-08-05,2022-08-12,7.9909,1.6035,6.3874,-46.94,0.4516,22,0,0.0,,7.8112,25,IMVT,-7.43
2022-08-12,2022-08-12,2022-08-19,-5.3477,-6.9418,1.5941,-46.09,0.4714,22,0,0.0,,-5.3477,25,CRNX,-16.37
2022-08-19,2022-08-19,2022-08-26,-3.908,-2.5553,-1.3527,-49.83,0.4315,22,0,0.0,,-3.908,25,SVRA,-27.54
2022-08-26,2022-08-26,2022-08-31,-4.6224,-1.5757,-3.0467,-51.11,0.4653,22,0,0.0,,-4.6224,25,VERA,-23.17
2022-08-31,2022-08-31,2022-09-02,0.0564,0.0358,0.0206,-51.88,0.4388,22,0,0.0,,0.0564,25,ELDN,-11.6
2022-09-02,2022-09-02,2022-09-09,2.9598,5.1117,-2.1519,-51.86,0.3805,22,0,0.0,,2.9598,25,URGN,-7.75
2022-09-09,2022-09-09,2022-09-16,-3.0316,-5.3858,2.3541,-49.4,0.3823,22,0,0.0,,-3.0316,25,VIR,-12.67
2022-09-16,2022-09-16,2022-09-23,-5.7504,-7.95,2.1996,-52.13,0.4017,22,0,0.0,,-5.7504,25,CMPX,-26.56
2022-09-23,2022-09-23,2022-09-30,11.978,3.4834,8.4946,-55.93,0.4082,22,0,0.0,,11.978,25,KALV,-3.09
2022-09-30,2022-09-30,2022-10-07,-2.3664,-0.2774,-2.0891,-54.4,0.4328,22,0,0.0,,-2.3664,25,SVRA,-65.89
2022-10-07,2022-10-07,2022-10-14,2.6987,-1.6182,4.3169,-54.53,0.4227,22,0,0.0,0.0543,2.8247,25,LQDA,-12.3
2022-10-14,2022-10-14,2022-10-21,-0.5443,1.3107,-1.855,-55.26,0.3818,22,0,0.0,0.9777,-0.6167,25,CLDX,-13.05
2022-10-21,2022-10-21,2022-10-28,5.1438,6.2405,-1.0967,-54.67,0.4238,22,0,0.0,12.2109,4.8073,25,SVRA,-5.69
2022-10-28,2022-10-28,2022-10-31,-0.7988,-1.9222,1.1234,-51.85,0.3869,22,0,0.0,-2.8763,-0.6999,25,VIR,-4.69
2022-10-31,2022-10-31,2022-11-04,-2.1214,-2.6658,0.5444,-52.77,0.3918,23,0,0.0,1.1846,-2.2717,25,TRDA,-11.2
2022-11-04,2022-11-04,2022-11-11,1.5194,6.003,-4.4836,-54.03,0.3451,23,0,0.0,8.1463,1.2182,25,WVE,-23.78
2022-11-11,2022-11-11,2022-11-18,1.2384,-4.4243,5.6626,-51.27,0.442,23,0,0.0,-7.9387,1.6555,25,VERA,-24.58
2022-11-18,2022-11-18,2022-11-25,0.1056,0.0617,0.0439,-53.43,0.3882,23,0,0.0,7.1534,-0.2148,25,WVE,-17.46
2022-11-25,2022-11-25,2022-11-30,2.8997,3.1581,-0.2584,-53.4,0.3754,23,0,0.0,,2.8997,25,DNLI,-5.95
2022-11-30,2022-11-30,2022-12-02,2.3603,2.4396,-0.0793,-51.93,0.3872,23,0,0.0,8.2238,2.0938,25,SVRA,-8.12
2022-12-02,2022-12-02,2022-12-09,-1.6092,-7.1562,5.547,-50.75,0.3962,23,0,0.0,,-1.6092,25,VIR,-13.09
2022-12-09,2022-12-09,2022-12-16,5.9611,1.7981,4.163,-54.28,0.312,23,0,0.0,,5.9611,25,VERA,-7.91
2022-12-16,2022-12-16,2022-12-23,-1.8575,-0.0988,-1.7586,-53.46,0.3189,23,0,0.0,,-1.8575,25,ACLX,-29.32
2022-12-23,2022-12-23,2022-12-30,2.2961,2.6212,-0.3251,-53.5,0.3455,22,0,0.0,,2.2961,25,ACLX,-9.69
2022-12-30,2022-12-30,2023-01-06,-4.1286,0.1928,-4.3214,-52.28,0.3527,22,0,0.0,,-4.1286,25,ACRV,-71.68
2023-01-06,2023-01-06,2023-01-13,5.5431,5.6758,-0.1327,-52.19,0.3165,22,0,0.0,,5.5431,25,REPL,-5.7
2023-01-13,2023-01-13,2023-01-20,-1.1078,-1.0127,-0.095,-49.48,0.3472,22,0,0.0,,-1.1078,25,URGN,-12.82
2023-01-20,2023-01-20,2023-01-27,3.9599,2.7589,1.2009,-49.99,0.336,22,0,0.0,,3.9599,25,ACRV,-26.42
2023-01-27,2023-01-27,2023-01-31,0.7806,-0.5481,1.3287,-48.61,0.3078,22,0,0.0,,0.7806,25,RCKT,-5.45
2023-01-31,2023-01-31,2023-02-03,0.1231,1.676,-1.553,-48.89,0.2888,21,0,0.0,,0.1231,25,SVRA,-11.75
2023-02-03,2023-02-03,2023-02-10,-3.345,-5.2771,1.9321,-48.03,0.2925,21,0,0.0,,-3.345,25,URGN,-15.53
2023-02-10,2023-02-10,2023-02-17,2.4913,1.3782,1.1131,-50.78,0.2523,21,0,0.0,,2.4913,25,ELDN,-5.36
2023-02-17,2023-02-17,2023-02-24,-8.2889,-6.1406,-2.1484,-50.1,0.2474,22,0,0.0,,-8.2889,25,RAPT,-28.99
2023-02-24,2023-02-24,2023-02-28,4.5161,1.6939,2.8222,-53.16,0.3037,21,0,0.0,,4.5161,25,SVRA,-1.19
2023-02-28,2023-02-28,2023-03-03,0.3914,0.8932,-0.5018,-52.37,0.2911,21,0,0.0,,0.3914,25,XENE,-6.21
2023-03-03,2023-03-03,2023-03-10,-10.8567,-9.4868,-1.3699,-51.94,0.2719,22,0,0.0,,-10.8567,25,VTYX,-19.81
2023-03-10,2023-03-10,2023-03-17,-0.2836,1.1102,-1.3938,-56.5,0.2964,21,0,0.0,,-0.2836,25,VTYX,-23.32
2023-03-17,2023-03-17,2023-03-24,-5.6606,-3.0196,-2.641,-56.02,0.3257,21,1,4.0,,-5.6606,25,RAPT,-34.9
2023-03-24,2023-03-24,2023-03-31,1.1779,2.7227,-1.5448,-57.35,0.2898,21,1,4.0,,1.1779,25,RAPT,-11.18
2023-03-31,2023-03-31,2023-04-06,-5.8404,0.866,-6.7065,-56.19,0.3158,21,0,0.0,,-5.8404,25,AVBP,-30.73
2023-04-06,2023-04-06,2023-04-14,2.207,1.7172,0.4898,-55.81,0.3068,21,0,0.0,,2.207,25,CLDX,-6.51
2023-04-14,2023-04-14,2023-04-21,9.5426,5.218,4.3245,-55.05,0.3019,21,0,0.0,,9.5426,25,CRSP,-3.79
2023-04-21,2023-04-21,2023-04-28,-1.0979,-2.5161,1.4182,-52.7,0.3243,21,0,0.0,,-1.0979,25,ELDN,-20.75
2023-04-28,2023-04-28,2023-05-05,7.6455,6.4588,1.1867,-53.89,0.315,20,0,0.0,,7.8345,25,AVBP,-5.94
2023-05-05,2023-05-05,2023-05-12,-0.0829,0.0586,-0.1415,-50.91,0.3581,21,0,0.0,-0.3099,-0.0716,25,CRSP,-11.76
2023-05-12,2023-05-12,2023-05-19,4.3294,-0.0702,4.3996,-50.89,0.3236,21,0,0.0,4.6632,4.3127,25,ELDN,-4.56
2023-05-19,2023-05-19,2023-05-31,-2.1297,-1.6985,-0.4312,-50.92,0.2927,21,1,4.0,6.9802,-2.5852,25,INBX,-14.14
2023-05-31,2023-05-31,2023-06-02,2.2389,2.9909,-0.7521,-51.75,0.2895,20,0,0.0,2.36,2.2325,25,RAPT,-4.89
2023-06-02,2023-06-02,2023-06-09,2.6978,1.4231,1.2746,-50.31,0.2536,22,0,0.0,0.4521,2.8047,25,PRTA,-10.11
2023-06-09,2023-06-09,2023-06-16,-0.8476,0.0114,-0.859,-49.6,0.2389,22,0,0.0,-3.3303,-0.7294,25,RAPT,-10.79
2023-06-16,2023-06-16,2023-06-23,-1.5275,-2.9053,1.3777,-49.6,0.219,22,0,0.0,7.0764,-1.9373,25,ZBIO,-19.56
2023-06-23,2023-06-23,2023-06-30,-3.5768,-2.2557,-1.3212,-51.06,0.1985,21,0,0.0,-4.5217,-3.5296,25,ZBIO,-12.78
2023-06-30,2023-06-30,2023-07-07,-0.468,-1.7067,1.2387,-52.17,0.1912,21,0,0.0,-9.9271,0.0049,25,CELC,-9.93
2023-07-07,2023-07-07,2023-07-14,2.0325,3.2282,-1.1957,-52.98,0.1819,21,0,0.0,-2.73,2.2706,25,KALV,-21.72
2023-07-14,2023-07-14,2023-07-21,-2.6488,0.6515,-3.3003,-51.46,0.1939,21,0,0.0,9.5634,-3.2594,25,VIR,-37.85
2023-07-21,2023-07-21,2023-07-28,7.1018,-1.3652,8.467,-51.15,0.201,20,0,0.0,-5.1233,7.7452,25,CNTA,-5.36
2023-07-28,2023-07-28,2023-07-31,1.1081,0.5727,0.5353,-51.82,0.1996,20,0,0.0,-1.2,1.2295,25,INBX,-4.2
2023-07-31,2023-07-31,2023-08-04,-1.698,-3.6422,1.9442,-51.54,0.1991,22,0,0.0,5.8704,-2.0584,25,WVE,-17.96
2023-08-04,2023-08-04,2023-08-11,-2.384,-1.6621,-0.7218,-53.3,0.2053,22,0,0.0,-5.4493,-2.238,25,IMVT,-14.16
2023-08-11,2023-08-11,2023-08-18,-6.1764,-2.9298,-3.2467,-54.08,0.2069,22,0,0.0,-7.4823,-6.1142,25,TRDA,-20.53
2023-08-18,2023-08-18,2023-08-25,2.2016,1.4962,0.7054,-55.43,0.2116,22,0,0.0,8.0874,1.9213,25,CLDX,-5.47
2023-08-25,2023-08-25,2023-08-31,1.1876,0.6481,0.5395,-54.76,0.1882,22,0,0.0,-3.7412,1.4223,25,PRTA,-8.23
2023-08-31,2023-08-31,2023-09-01,2.561,2.4369,0.1241,-54.47,0.1745,22,0,0.0,3.4664,2.5179,25,URGN,-3.43
2023-09-01,2023-09-01,2023-09-08,-2.5367,-3.0568,0.5201,-53.36,0.1947,22,0,0.0,-7.4112,-2.3046,25,INBX,-8.65
2023-09-08,2023-09-08,2023-09-15,3.6643,-1.958,5.6223,-54.78,0.1754,22,0,0.0,14.1447,3.1652,25,RAPT,-11.43
2023-09-15,2023-09-15,2023-09-22,-6.308,-5.3819,-0.9261,-55.67,0.1618,22,0,0.0,-4.2267,-6.4071,25,FHTX,-32.12
2023-09-22,2023-09-22,2023-09-29,5.5891,0.0822,5.5069,-58.05,0.1795,22,0,0.0,-8.325,6.2517,25,WVE,-17.36
2023-09-29,2023-09-29,2023-10-06,-3.426,-1.0819,-2.3441,-58.02,0.1986,22,0,0.0,-1.86,-3.5005,25,ABEO,-13.96
2023-10-06,2023-10-06,2023-10-13,-6.0737,-3.6411,-2.4326,-58.47,0.2299,22,0,0.0,10.9253,-6.8832,25,WVE,-39.05
2023-10-13,2023-10-13,2023-10-20,-3.9033,-3.8506,-0.0527,-59.99,0.265,22,0,0.0,0.3015,-4.1035,25,IMVT,-16.15
2023-10-20,2023-10-20,2023-10-27,-2.1928,-4.1841,1.9913,-61.53,0.2718,22,1,4.0,-1.002,-2.2495,25,ZBIO,-18.36
2023-10-27,2023-10-27,2023-10-31,3.1904,3.2907,-0.1003,-63.14,0.3137,22,1,4.0,7.7935,2.9712,25,ABEO,-6.43
2023-10-31,2023-10-31,2023-11-03,8.6578,7.8967,0.761,-61.92,0.3031,22,0,0.0,,8.6578,25,URGN,-2.54
2023-11-03,2023-11-03,2023-11-10,-7.9559,-6.3112,-1.6447,-58.92,0.3342,21,0,0.0,,-7.9559,25,ABEO,-39.31
2023-11-10,2023-11-10,2023-11-17,7.498,8.5288,-1.0308,-61.51,0.368,21,0,0.0,,7.498,25,URGN,-5.93
2023-11-17,2023-11-17,2023-11-24,-1.264,1.3763,-2.6403,-58.23,0.4202,22,0,0.0,,-1.264,25,CNTX,-29.16
2023-11-24,2023-11-24,2023-11-30,1.6645,2.5251,-0.8606,-57.65,0.4056,20,0,0.0,,1.6645,25,LQDA,-11.11
2023-11-30,2023-11-30,2023-12-01,2.837,3.0588,-0.2218,-56.58,0.3856,20,0,0.0,,2.837,25,CRSP,-2.92
2023-12-01,2023-12-01,2023-12-08,-1.126,1.9144,-3.0404,-55.25,0.3991,20,0,0.0,,-1.126,25,ARTV,-18.15
2023-12-08,2023-12-08,2023-12-15,5.9369,8.0686,-2.1317,-54.4,0.3109,20,0,0.0,,5.9369,25,URGN,-9.07
2023-12-15,2023-12-15,2023-12-22,16.8856,2.2332,14.6523,-50.72,0.3066,22,0,0.0,,16.8856,25,DNLI,-4.27
2023-12-22,2023-12-22,2023-12-29,2.2053,1.9059,0.2994,-49.62,0.3553,22,0,0.0,,2.2053,25,CNTX,-8.71
2023-12-29,2023-12-29,2024-01-05,-3.6068,0.0112,-3.618,-48.66,0.3605,22,0,0.0,,-3.6068,25,RAPT,-19.57
2024-01-05,2024-01-05,2024-01-12,5.6964,1.2542,4.4422,-48.65,0.3511,22,0,0.0,4.5852,5.7493,25,RAPT,-9.66
2024-01-12,2024-01-12,2024-01-19,-4.0271,-3.7271,-0.3001,-48.01,0.3471,21,0,0.0,2.714,-4.3642,25,ACLX,-21.21
2024-01-19,2024-01-19,2024-01-26,6.5021,1.367,5.1351,-49.94,0.3336,21,0,0.0,-0.2033,6.8374,25,KYTX,-13.39
2024-01-26,2024-01-26,2024-01-31,4.036,-0.9179,4.9539,-49.26,0.2576,21,0,0.0,2.5119,4.1122,25,STRO,-7.66
2024-01-31,2024-01-31,2024-02-02,2.1845,0.6176,1.5668,-49.73,0.2846,21,0,0.0,2.4503,2.1712,25,URGN,-8.8
2024-02-02,2024-02-02,2024-02-09,7.8358,3.4898,4.346,-49.42,0.2785,21,0,0.0,9.0365,7.7094,25,FATE,-3.53
2024-02-09,2024-02-09,2024-02-16,2.0721,2.3177,-0.2455,-47.65,0.2406,22,0,0.0,8.3883,1.0748,25,KYTX,-8.09
2024-02-16,2024-02-16,2024-02-23,-2.4223,1.7177,-4.14,-46.44,0.3197,22,0,0.0,-2.7143,-2.3763,25,INBX,-15.34
2024-02-23,2024-02-23,2024-02-29,9.6365,3.8733,5.7632,-45.52,0.3109,22,0,0.0,0.128,11.1378,25,ELDN,-4.26
2024-02-29,2024-02-29,2024-03-01,3.9661,3.1599,0.8062,-43.41,0.3757,23,1,4.0,0.6945,4.4569,25,ELDN,-10.56
2024-03-01,2024-03-01,2024-03-08,-0.85,-2.5411,1.6911,-41.62,0.3871,23,1,4.0,-0.4622,-0.887,25,ZBIO,-21.98
2024-03-08,2024-03-08,2024-03-15,-5.524,-4.285,-1.239,-43.1,0.3794,23,1,4.0,-10.1821,-5.0804,25,KALV,-19.62
2024-03-15,2024-03-15,2024-03-22,0.106,-1.2142,1.3202,-45.54,0.3241,23,0,0.0,0.169,0.1032,25,ZBIO,-27.06
2024-03-22,2024-03-22,2024-03-28,5.8672,1.4216,4.4457,-46.2,0.3335,23,0,0.0,11.9862,5.2845,25,GOSS,-12.59
2024-03-28,2024-03-28,2024-04-01,-2.107,-1.096,-1.011,-45.44,0.2349,23,0,0.0,-3.5972,-1.9651,25,WVE,-9.34
2024-03-29,2024-04-01,2024-04-05,-4.5639,-3.9105,-0.6534,-46.03,0.21,23,0,0.0,-8.7329,-4.1669,25,GOSS,-18.9
2024-04-05,2024-04-05,2024-04-12,-1.0002,-2.2511,1.2509,-48.14,0.2398,23,0,0.0,-5.0283,-0.6165,25,STRO,-15.16
2024-04-12,2024-04-12,2024-04-19,-10.9582,-6.0352,-4.923,-49.31,0.2549,23,0,0.0,-5.8438,-11.1906,25,VERA,-24.93
2024-04-19,2024-04-19,2024-04-26,-0.6588,0.7968,-1.4556,-52.37,0.2604,23,0,0.0,1.548,-0.8689,25,KALV,-15.0
2024-04-26,2024-04-26,2024-04-30,2.9585,1.3535,1.605,-51.99,0.2611,23,0,0.0,7.5386,2.5223,25,SMMT,-4.82
2024-04-30,2024-04-30,2024-05-03,7.5133,6.3342,1.1791,-51.34,0.2472,23,0,0.0,6.4425,7.6152,25,WVE,-0.6
2024-05-03,2024-05-03,2024-05-10,-3.3453,-2.0449,-1.3004,-48.26,0.2747,23,0,0.0,-4.4516,-3.2399,25,TRDA,-12.65
2024-05-10,2024-05-10,2024-05-17,2.4747,3.4491,-0.9743,-49.32,0.2358,23,0,0.0,15.16,1.2666,25,WVE,-6.95
2024-05-17,2024-05-17,2024-05-24,-5.0481,-2.5773,-2.4708,-47.57,0.2426,23,0,0.0,-6.6525,-4.8953,25,PRAX,-23.87
2024-05-24,2024-05-24,2024-05-31,8.6081,0.3377,8.2704,-48.92,0.2489,23,1,4.0,-0.7296,9.4974,25,KYTX,-4.69
2024-05-31,2024-05-31,2024-06-07,-3.4487,2.5356,-5.9843,-48.75,0.2159,23,1,4.0,-4.233,-3.374,25,ZBIO,-14.58
2024-06-07,2024-06-07,2024-06-14,3.522,0.3939,3.1281,-47.45,0.2568,23,0,0.0,7.0856,3.1826,25,KYTX,-27.42
2024-06-14,2024-06-14,2024-06-21,-4.7154,0.6866,-5.402,-47.24,0.2515,23,0,0.0,-1.9565,-4.9781,25,ABSI,-24.12
2024-06-21,2024-06-21,2024-06-28,-0.821,0.4823,-1.3033,-46.88,0.265,23,1,4.0,-0.2359,-0.8767,25,FDMT,-8.5
2024-06-28,2024-06-28,2024-07-05,-1.6908,-1.0786,-0.6122,-46.62,0.2354,23,1,4.0,-1.4673,-1.7121,25,DNTH,-9.23
2024-07-05,2024-07-05,2024-07-12,13.9813,7.9054,6.0759,-47.2,0.1987,23,0,0.0,7.2616,14.9892,25,ERAS,0.0
2024-07-12,2024-07-12,2024-07-19,-3.9242,-1.4652,-2.459,-43.03,0.2177,23,0,0.0,-3.251,-4.0252,25,FDMT,-47.1
2024-07-19,2024-07-19,2024-07-26,8.8631,4.1329,4.7303,-43.86,0.2355,24,1,4.0,14.1057,8.1142,25,KYTX,-1.7
2024-07-26,2024-07-26,2024-07-31,-4.8301,-2.4424,-2.3877,-41.54,0.2225,24,1,4.0,-0.0227,-5.5169,25,CRSP,-38.38
2024-07-31,2024-07-31,2024-08-02,-7.8867,-2.6146,-5.2722,-42.97,0.2219,24,1,4.0,-8.0408,-7.8647,25,KYTX,-16.28
2024-08-02,2024-08-02,2024-08-09,-4.9838,-0.964,-4.0197,-44.46,0.233,24,0,0.0,-11.2145,-4.4173,25,INBX,-22.42
2024-08-09,2024-08-09,2024-08-16,4.3605,2.3341,2.0264,-44.99,0.2611,24,0,0.0,-0.4649,4.7991,25,MLYS,-10.98
2024-08-16,2024-08-16,2024-08-23,4.2171,3.8253,0.3918,-43.71,0.239,24,0,0.0,5.1642,4.131,25,CNTX,-14.53
2024-08-23,2024-08-23,2024-08-30,1.8694,-0.2463,2.1156,-41.56,0.2593,24,0,0.0,1.897,1.8668,25,STRO,-8.78
2024-08-30,2024-08-30,2024-09-06,-5.1665,-4.681,-0.4855,-41.7,0.2408,24,0,0.0,-9.4966,-4.7729,25,APGE,-14.86
2024-09-06,2024-09-06,2024-09-13,8.235,4.8591,3.3759,-44.43,0.1984,24,0,0.0,-0.0446,9.8909,25,ELDN,-17.14
2024-09-13,2024-09-13,2024-09-20,1.018,0.3952,0.6228,-41.73,0.2047,25,0,0.0,-3.3103,1.8424,25,SMMT,-23.61
2024-09-20,2024-09-20,2024-09-27,-2.783,-3.1153,0.3323,-41.5,0.1702,25,1,4.0,-7.2698,-1.9284,25,CLDX,-19.5
2024-09-27,2024-09-27,2024-09-30,1.2753,0.3759,0.8994,-43.32,0.1856,25,0,0.0,0.743,1.3767,25,KALV,-6.16
2024-09-30,2024-09-30,2024-10-04,2.1137,-1.3057,3.4194,-43.11,0.1856,25,1,4.0,0.3091,2.3598,25,SMMT,-12.83
2024-10-04,2024-10-04,2024-10-11,0.2601,1.1999,-0.9398,-43.85,0.1654,25,1,4.0,0.724,0.1717,25,GOSS,-9.81
2024-10-11,2024-10-11,2024-10-18,7.1173,1.1654,5.9519,-43.18,0.1723,25,1,4.0,2.3928,7.7616,25,ARTV,-19.4
2024-10-18,2024-10-18,2024-10-25,-4.7164,-2.6846,-2.0318,-42.52,0.1684,25,0,0.0,-4.842,-4.6924,25,NMRA,-25.59
2024-10-25,2024-10-25,2024-10-31,-0.9429,-0.1235,-0.8194,-44.06,0.1639,25,0,0.0,-1.9251,-0.809,25,BMEA,-22.88
2024-10-31,2024-10-31,2024-11-01,1.5576,2.3086,-0.751,-44.13,0.1673,25,0,0.0,0.5954,1.6888,25,CELC,-3.68
2024-11-01,2024-11-01,2024-11-08,9.3499,4.9461,4.4038,-42.84,0.1835,25,0,0.0,8.6301,9.4481,25,CNTX,-14.1
2024-11-08,2024-11-08,2024-11-15,-16.7466,-11.8545,-4.8921,-40.01,0.1749,25,0,0.0,-14.2227,-17.2273,25,STRO,-34.02
2024-11-15,2024-11-15,2024-11-22,3.1365,4.8023,-1.6659,-47.12,0.2936,25,0,0.0,2.8296,3.1783,25,ZBIO,-29.87
2024-11-22,2024-11-22,2024-11-29,4.7788,3.5121,1.2668,-44.58,0.2958,25,0,0.0,2.8726,5.1419,25,ZBIO,-4.08
2024-11-29,2024-11-29,2024-12-06,-2.6205,-0.4818,-2.1387,-42.64,0.2984,25,0,0.0,1.9031,-3.2374,25,TSHA,-23.46
2024-12-06,2024-12-06,2024-12-13,-7.6542,-5.7898,-1.8644,-42.91,0.2958,25,1,4.0,-9.2249,-7.355,25,ZBIO,-17.79
2024-12-13,2024-12-13,2024-12-20,-0.1074,-2.2698,2.1625,-46.22,0.2757,25,0,0.0,0.9504,-0.1993,25,PVLA,-11.4
2024-12-20,2024-12-20,2024-12-27,-0.7782,0.08,-0.8581,-47.44,0.2721,25,1,4.0,1.4925,-0.9756,25,ACRV,-11.77
2024-12-27,2024-12-27,2024-12-31,-2.1482,-1.4122,-0.7361,-47.4,0.2572,25,1,4.0,-2.4021,-2.1261,25,ZBIO,-16.77
2024-12-31,2024-12-31,2025-01-03,5.726,2.6094,3.1166,-48.14,0.2629,25,1,4.0,8.905,5.4496,25,KOD,-8.34
2025-01-03,2025-01-03,2025-01-10,-12.0726,-3.2139,-8.8586,-46.79,0.2621,25,0,0.0,-9.9913,-12.3564,25,MLYS,-22.59
2025-01-10,2025-01-10,2025-01-17,-6.1952,-1.6435,-4.5517,-48.5,0.2702,25,0,0.0,-15.7441,-5.3649,25,ARTV,-30.16
2025-01-17,2025-01-17,2025-01-24,6.7285,5.104,1.6245,-49.34,0.2745,25,0,0.0,0.3984,6.9922,25,ACLX,-5.24
2025-01-24,2025-01-24,2025-01-31,0.185,0.2271,-0.0421,-46.76,0.2392,25,0,0.0,-8.3333,0.5399,25,KOD,-20.1
2025-01-31,2025-01-31,2025-02-07,-0.1013,-1.5431,1.4418,-46.64,0.233,25,0,0.0,10.6817,-0.5506,25,TECX,-32.67
2025-02-07,2025-02-07,2025-02-14,0.2394,0.1863,0.0531,-47.46,0.2619,25,0,0.0,2.8571,-0.0089,25,VERA,-24.02
2025-02-14,2025-02-14,2025-02-21,-2.7787,0.3173,-3.096,-47.36,0.216,25,0,0.0,-0.5556,-2.8713,25,PRAX,-17.94
2025-02-21,2025-02-21,2025-02-28,-8.8881,-3.2606,-5.6275,-47.2,0.1855,25,0,0.0,-26.7728,-6.4493,25,PRAX,-48.18
2025-02-28,2025-02-28,2025-03-07,0.5362,-1.5894,2.1256,-48.92,0.2128,25,0,0.0,-4.3254,0.9154,25,SMMT,-14.06
2025-03-07,2025-03-07,2025-03-14,3.2135,-0.1947,3.4082,-49.73,0.2294,25,0,0.0,-1.2898,0.6445,25,BCAX,-24.95
2025-03-14,2025-03-14,2025-03-21,-1.6941,-0.0115,-1.6826,-49.83,0.2191,25,0,0.0,-1.1913,-1.9274,25,DNTH,-8.63
2025-03-21,2025-03-21,2025-03-28,-3.0302,-3.1166,0.0864,-49.83,0.2401,25,0,0.0,-2.0863,-2.84,25,AURA,-15.47
2025-03-28,2025-03-28,2025-03-31,-4.1645,-3.91,-0.2546,-51.4,0.2507,25,0,0.0,-4.2065,-3.5691,25,QURE,-15.0
2025-03-31,2025-03-31,2025-04-04,-11.8263,-9.1739,-2.6524,-53.3,0.2581,24,0,0.0,-18.0148,-12.0694,25,CGON,-29.77
2025-04-04,2025-04-04,2025-04-11,1.8445,0.9096,0.9349,-57.58,0.3769,25,0,0.0,6.0669,1.6508,25,ALMS,-35.52
2025-04-11,2025-04-11,2025-04-17,3.3195,2.1526,1.1669,-57.2,0.5177,25,0,0.0,3.588,3.2347,25,IKT,-8.21
2025-04-17,2025-04-17,2025-04-25,7.0729,5.6894,1.3835,-56.27,0.5209,25,0,0.0,5.6251,7.2202,25,SMMT,-4.65
2025-04-25,2025-04-25,2025-04-30,3.7041,3.3645,0.3396,-53.79,0.5256,25,0,0.0,3.1296,3.8856,25,ELDN,-2.47
2025-04-30,2025-04-30,2025-05-02,1.9729,0.663,1.3098,-52.23,0.4933,25,0,0.0,3.7804,1.4021,25,ABCL,-7.66
2025-05-02,2025-05-02,2025-05-09,-11.5653,-8.515,-3.0503,-51.91,0.4709,25,0,0.0,-11.2632,-11.6607,25,REPL,-22.98
2025-05-09,2025-05-09,2025-05-16,5.3485,3.4429,1.9057,-56.01,0.3576,25,0,0.0,8.1974,4.4489,25,URGN,-29.58
2025-05-16,2025-05-16,2025-05-23,-1.4504,0.0253,-1.4757,-54.49,0.3615,25,0,0.0,-1.3903,-1.4694,25,BCAX,-35.94
2025-05-23,2025-05-23,2025-05-30,-0.338,0.1898,-0.5278,-54.48,0.3513,25,2,8.0,2.7059,-1.7705,25,SMMT,-29.54
2025-05-30,2025-05-30,2025-06-06,10.2753,6.4023,3.8729,-54.4,0.3572,25,2,8.0,17.6181,6.8198,25,CNTA,-11.77
2025-06-06,2025-06-06,2025-06-13,-3.504,-0.7833,-2.7207,-51.48,0.29,25,1,4.0,-3.8037,-3.3875,25,NUVB,-30.24
2025-06-13,2025-06-13,2025-06-20,-2.7305,-1.4593,-1.2711,-51.86,0.2219,25,1,4.0,-3.9235,-2.169,25,ADCT,-22.63
2025-06-20,2025-06-20,2025-06-27,1.4389,0.7733,0.6656,-52.56,0.1841,25,2,8.0,1.2721,1.5038,25,AVBP,-9.16
2025-06-27,2025-06-27,2025-06-30,-0.6186,-0.0964,-0.5222,-52.19,0.1829,25,2,8.0,0.3021,-1.1364,25,VTYX,-8.55
2025-06-30,2025-06-30,2025-07-03,4.0457,2.7855,1.2602,-52.24,0.1741,25,1,4.0,3.0756,4.5913,25,AVBP,-4.59
2025-07-03,2025-07-03,2025-07-11,7.4652,2.0882,5.3769,-50.91,0.159,25,0,0.0,9.3886,6.3832,25,APGE,-19.64
2025-07-11,2025-07-11,2025-07-18,7.2974,-0.8619,8.1593,-49.88,0.2114,25,0,0.0,5.4796,8.5092,25,ADCT,-3.81
2025-07-18,2025-07-18,2025-07-25,2.0209,1.5533,0.4676,-50.32,0.2522,25,1,4.0,-4.4804,7.1291,25,REPL,-73.95
2025-07-25,2025-07-25,2025-07-31,2.196,-2.2258,4.4218,-49.54,0.2535,25,1,4.0,10.6107,-4.4155,25,ADCT,-15.55
2025-07-31,2025-07-31,2025-08-01,-0.1372,0.3152,-0.4524,-50.67,0.2481,25,1,4.0,0.0686,-0.2743,25,NUVB,-5.51
2025-08-01,2025-08-01,2025-08-08,-0.4345,-0.5819,0.1474,-50.51,0.2477,25,0,0.0,0.5046,-0.9627,25,ELDN,-19.67
2025-08-08,2025-08-08,2025-08-15,7.1258,6.1454,0.9805,-50.8,0.1915,25,0,0.0,11.4974,4.6668,25,CTMX,-18.72
2025-08-15,2025-08-15,2025-08-22,1.0422,0.2647,0.7775,-47.78,0.1785,25,0,0.0,-0.4236,1.6122,25,CRSP,-9.06
2025-08-22,2025-08-22,2025-08-29,-0.6023,-1.1769,0.5745,-47.64,0.1782,25,2,8.0,-4.0705,1.0297,25,KOD,-11.37
2025-08-29,2025-08-29,2025-09-05,9.0859,6.2549,2.831,-48.25,0.1937,25,2,8.0,8.778,9.2308,25,CNTA,-6.31
2025-09-05,2025-09-05,2025-09-12,-4.0608,-1.4141,-2.6467,-45.02,0.235,25,0,0.0,-4.8401,-3.7577,25,SMMT,-27.1
2025-09-12,2025-09-12,2025-09-19,-1.3869,1.5725,-2.9594,-45.79,0.2236,25,0,0.0,-3.2953,-0.7843,25,ABEO,-16.33
2025-09-19,2025-09-19,2025-09-26,6.7398,2.4871,4.2527,-44.94,0.2411,25,3,12.0,12.4109,4.9489,25,GOSS,-11.48
2025-09-26,2025-09-26,2025-09-30,3.2813,2.2971,0.9842,-43.57,0.2487,25,4,16.0,3.193,3.3229,25,SGMT,-6.54
2025-09-30,2025-09-30,2025-10-03,3.479,3.3932,0.0858,-42.28,0.2254,25,1,4.0,1.3259,4.3163,25,DSGN,-18.86
2025-10-03,2025-10-03,2025-10-10,4.7773,1.3417,3.4356,-40.32,0.2211,25,0,0.0,0.2121,6.9256,25,KOD,-21.18
2025-10-10,2025-10-10,2025-10-17,-0.2963,2.6764,-2.9727,-39.52,0.2117,25,0,0.0,7.4552,-3.944,25,DSGN,-14.96
2025-10-17,2025-10-17,2025-10-24,3.2828,0.5473,2.7355,-37.9,0.2066,25,0,0.0,5.6843,1.6818,25,CNTX,-12.5
2025-10-24,2025-10-24,2025-10-31,5.5053,3.9856,1.5197,-37.56,0.2021,25,5,20.0,1.9167,7.5238,25,NTLA,-50.7
2025-10-31,2025-10-31,2025-11-07,-2.9014,-3.3271,0.4257,-35.07,0.2152,25,6,24.0,-6.7998,-0.3025,25,PRAX,-15.37
2025-11-07,2025-11-07,2025-11-14,8.6219,4.6347,3.9872,-37.23,0.2278,25,1,4.0,8.6023,8.633,25,DSGN,-2.51
2025-11-14,2025-11-14,2025-11-21,3.1222,2.3156,0.8066,-34.32,0.2568,25,2,8.0,1.3388,4.5234,25,PRAX,-8.92
2025-11-21,2025-11-21,2025-11-28,8.2031,5.5808,2.6223,-32.8,0.2505,25,11,44.0,7.8641,8.6347,25,PRTA,2.58
2025-11-28,2025-11-28,2025-12-05,3.2493,0.203,3.0463,-29.05,0.2496,25,11,44.0,5.5984,-0.927,25,ADCT,-23.49
2025-12-05,2025-12-05,2025-12-12,3.582,-0.2269,3.8089,-28.91,0.2672,25,1,4.0,4.772,0.522,25,CNTA,-11.37
2025-12-12,2025-12-12,2025-12-19,-1.7315,0.2436,-1.9751,-29.07,0.2362,25,0,0.0,-0.5554,-6.4357,25,FDMT,-19.93
2025-12-19,2025-12-19,2025-12-26,2.6087,1.5908,1.0179,-28.89,0.2496,25,6,24.0,1.293,7.8713,25,CNTX,-11.02
2025-12-26,2025-12-26,2025-12-31,-1.4878,-2.4404,0.9526,-27.76,0.2295,25,6,24.0,-1.8633,0.0144,25,CLYM,-18.86
2025-12-31,2025-12-31,2026-01-02,-2.7624,-0.3363,-2.4262,-29.53,0.2153,25,5,20.0,-2.9819,-1.8847,25,REPL,-8.44
2026-01-02,2026-01-02,2026-01-09,9.4606,2.4523,7.0083,-29.76,0.1905,25,0,0.0,11.5894,-1.7155,25,ZBIO,-53.39
2026-01-09,2026-01-09,2026-01-15,1.7692,-0.1205,1.8897,-28.04,0.2366,25,0,0.0,1.9751,0.9457,25,CLYM,-25.05
2026-01-16,2026-01-16,2026-01-20,1.0659,0.8939,0.172,-28.23,0.2567,25,0,0.0,1.1955,0.6554,25,FATE,-7.56
2026-01-23,2026-01-23,2026-01-28,-1.805,-1.6401,-0.1649,-25.99,0.2697,25,6,24.0,-1.0658,-3.7058,25,RVMD,-17.66
2026-01-30,2026-01-30,2026-02-02,2.5535,2.0842,0.4694,-27.9,0.2726,25,6,24.0,2.8986,1.1732,25,AVIR,-4.01
2026-02-13,2026-02-13,2026-02-20,2.7962,1.5628,1.2334,-28.99,0.2901,25,0,0.0,2.7962,,25,NUVB,-5.72
2026-02-20,2026-02-20,2026-02-27,4.693,2.0757,2.6174,-27.88,0.2672,25,7,28.0,4.693,,25,RNA,-79.76
