ticker,composite_rank,composite_score,score_rank_pct,score_z,composite_score_attn,score_rank_pct_attn,score_z_attn,stage_bucket,market_cap_bucket,severity,archetype,momentum_score,catalyst_score,smart_money_score,valuation_score,clinical_score,financial_score,confidence_overall
EBS,1,56.34,0.998377,2.9434,56.34,0.998377,2.9434,late,small,none,commercial_pharma,12.80,41.25000000000000000000000000,55.5,80.92,77.000,71.11111111111111111111111111,0.9
ALKS,2,55.47,0.99513,2.5849,55.47,0.99513,2.5849,late,mid,none,commercial_pharma,40.43,41.25000000000000000000000000,68.0,78.29,77.000,70.76923076923076923076923077,0.9
TBPH,3,53.32,0.975649,1.9712,53.32,0.991883,2.4036,late,small,none,drug_developer,32.66,41.25000000000000000000000000,55.5,90.00,77.000,65.18518518518518518518518519,0.9
ACAD,4,52.64,0.962662,1.7825,52.64,0.988636,2.278,late,mid,none,commercial_biotech,38.38,45.56250000000000000000000000,71.0,54.61,65.00000000000000000000000000,67.30769230769230769230769231,0.8999531842073096198508739763
AMGN,5,51.77,0.988636,2.278,51.77,0.98539,2.1805,late,large,none,commercial_pharma,50.14,41.25000000000000000000000000,52.5,42.83,72.32558139534883720930232558,77.000,0.9
BIIB,6,51.43,0.978896,2.0315,51.43,0.982143,2.1002,late,large,none,commercial_pharma,34.90,41.25000000000000000000000000,68.5,63.81,69.53488372093023255813953488,75.20000000000000000000000000,0.9
SUPN,7,51.01,0.930195,1.4772,51.01,0.978896,2.0315,late,mid,none,commercial_pharma,41.58,41.25000000000000000000000000,55.0,13.82,71.62790697674418604651162791,66.15384615384615384615384615,0.9
INCY,8,50.94,0.913961,1.3656,50.94,0.975649,1.9712,late,large,none,commercial_biotech,37.30,41.25000000000000000000000000,60.5,33.33,62.20930232558139534883720930,72.80000000000000000000000000,0.9
BMRN,9,50.73,0.939935,1.5542,50.73,0.972403,1.9173,late,large,none,commercial_biotech,43.03,41.25000000000000000000000000,57.5,79.74,67.09302325581395348837209302,70.40000000000000000000000000,0.9
TARS,10,50.60,0.910714,1.3452,50.60,0.965909,1.8238,late,mid,none,commercial_biotech,82.38,41.25000000000000000000000000,83.0,38.79,70.75581395348837209302325581,57.26923076923076923076923077,0.9
CAI,11,50.07,0.904221,1.306,50.07,0.962662,1.7825,late,mid,none,commercial_biotech,50,41.25000000000000000000000000,66.0,13.82,68.83720930232558139534883721,56.92307692307692307692307692,0.9
VYGR,12,49.77,0.956169,1.7079,49.77,0.959416,1.7439,early,micro,none,drug_developer,32.99,41.25000000000000000000000000,49.5,76.79,75.00000000000000000000000000,50.81250000000000000000000000,0.8078255776807581727185603237
IRON,13,49.50,0.891234,1.2331,49.50,0.956169,1.7079,mid,mid,none,drug_developer,59.62,41.25000000000000000000000000,80.0,16.04,57.37704918032786885245901640,55.95081967213114754098360656,0.8605510645565296595696231356
XNCR,14,49.41,0.982143,2.1002,49.41,0.952922,1.6739,mid,small,none,drug_developer,32.33,41.25000000000000000000000000,71.5,82.08,66.22950819672131147540983606,67.90909090909090909090909091,0.8304568785738311469895728221
PCVX,15,48.97,0.98539,2.1805,48.97,0.946429,1.6112,mid,mid,none,drug_developer,70.54,41.25000000000000000000000000,85,10.00,64.26229508196721311475409836,64.31147540983606557377049180,0.7964221763085399449035812672
JAZZ,16,48.97,0.936688,1.5276,48.97,0.949675,1.6417,late,large,none,commercial_biotech,32.50,41.25000000000000000000000000,74.0,70.06,66.39534883720930232558139535,68.00000000000000000000000000,0.9
NVAX,17,48.89,0.991883,2.4036,48.89,0.943182,1.5821,late,small,none,commercial_biotech,13.99,41.25000000000000000000000000,54.5,90.00,77.000,74.07407407407407407407407407,0.9
VRTX,18,48.82,0.839286,0.9915,48.82,0.939935,1.5542,late,large,none,commercial_biotech,49.42,45.56250000000000000000000000,63.0,26.01,76.86046511627906976744186046,47.61777777777777777777777778,0.9
AMPH,19,48.36,0.855519,1.0604,48.36,0.936688,1.5276,late,small,none,commercial_pharma,41.71,48.50694444444444444444444444,,76.97,74.06976744186046511627906977,56.29629629629629629629629630,0.9
UTHR,20,48.35,0.852273,1.0462,48.35,0.933442,1.5019,late,large,none,commercial_pharma,33.09,41.25000000000000000000000000,77.0,73.03,63.95348837209302325581395349,65.60000000000000000000000000,0.9
DSGN,21,48.02,0.969156,1.8685,48.02,0.930195,1.4772,early,small,none,drug_developer,26.17,41.25000000000000000000000000,72.0,50,74.16666666666666666666666667,54.97142857142857142857142857,0.7264303482587064676616915423
INDV,22,47.81,0.871753,1.1347,47.81,0.926948,1.4534,late,mid,none,commercial_pharma,31.51,41.25000000000000000000000000,52.5,58.55,77.000,55.76923076923076923076923077,0.9
HRMY,23,47.67,0.86526,1.1043,47.67,0.923701,1.4304,late,mid,none,commercial_biotech,48.48,41.25000000000000000000000000,54.5,90.00,56.97674418604651162790697675,75.38461538461538461538461539,0.9
NBIX,24,47.43,0.813312,0.8902,47.43,0.920455,1.4081,late,large,none,commercial_pharma,55.02,45.56250000000000000000000000,83.0,41.45,71.27906976744186046511627907,42.96000000000000000000000000,0.9
VNDA,25,47.32,0.868506,1.1194,47.32,0.917208,1.3865,late,small,none,commercial_biotech,20.54,41.25000000000000000000000000,52.5,90.00,74.76744186046511627906976744,55.88888888888888888888888889,0.8839761142147734326505276226
REGN,26,47.23,0.836039,0.9783,47.23,0.913961,1.3656,late,large,none,commercial_biotech,47.83,45.56250000000000000000000000,66.0,55.43,69.18604651162790697674418604,58.40000000000000000000000000,0.9
HRTX,27,47.00,0.943182,1.5821,47.00,0.910714,1.3452,late,micro,none,drug_developer,96.55,41.25000000000000000000000000,58.0,90.00,75.11627906976744186046511628,61.36337209302325581395348837,0.8825854541181999765009987076
IONS,28,46.76,0.894481,1.2507,46.76,0.907468,1.3253,late,large,none,commercial_biotech,48.94,41.25000000000000000000000000,,24.83,59.76744186046511627906976744,68.450,0.9
EWTX,29,46.14,0.88474,1.199,46.14,0.904221,1.306,mid,mid,none,drug_developer,96.55,41.25000000000000000000000000,77.0,23.58,71.14754098360655737704918033,50.09836065573770491803278689,0.8167130265567765567765567766
SIGA,30,46.08,0.810065,0.8781,46.08,0.900974,1.2871,late,small,none,commercial_pharma,34.50,41.25000000000000000000000000,,90.00,61.86046511627906976744186046,57.77777777777777777777777778,0.9
KNSA,31,46.01,0.800325,0.8428,46.01,0.897727,1.2687,late,mid,none,commercial_pharma,41.35,41.25000000000000000000000000,61.0,37.50,60.11627906976744186046511628,53.46153846153846153846153846,0.8893374043062200956937799043
NAMS,32,45.88,0.826299,0.9396,45.88,0.894481,1.2507,late,mid,none,drug_developer,93.46,41.25000000000000000000000000,77.5,37.20,59.41860465116279069767441860,56.28846153846153846153846154,0.8821963529833791701542508669
CTNM,33,45.77,0.959416,1.7439,45.77,0.891234,1.2331,mid,small,none,drug_developer,50,41.25000000000000000000000000,80.0,53.77,73.60655737704918032786885246,57.09090909090909090909090909,0.7821592563556949266435211110
SABS,34,45.36,0.920455,1.4081,45.36,0.887987,1.2159,mid,micro,none,drug_developer,50,41.25000000000000000000000000,55.5,74.53,72.13114754098360655737704918,61.31147540983606557377049180,0.7640141689373297002724795640
RYTM,35,45.23,0.767857,0.7318,45.23,0.88474,1.199,late,mid,none,commercial_biotech,76.94,41.25000000000000000000000000,77.0,35.42,77.000,41.25000000000000000000000000,0.9
NKTX,36,45.17,0.862013,1.0894,45.17,0.881494,1.1825,early,micro,none,drug_developer,50,41.25000000000000000000000000,66.5,50,57.91666666666666666666666666,59.66666666666666666666666667,0.7690599754073163233937903474
TRVI,37,45.04,0.793831,0.8198,45.04,0.878247,1.1663,mid,small,none,drug_developer,29.97,41.25000000000000000000000000,71.5,48.11,77.000,31.39404142434445464748495051,0.8441542319749216300940438871
AXSM,38,44.98,0.777597,0.7641,44.98,0.875,1.1503,late,mid,none,commercial_biotech,64.70,45.56250000000000000000000000,71.0,10.00,72.67441860465116279069767442,37.59237343852728468113083498,0.9
SGMT,39,44.94,0.952922,1.6739,44.94,0.871753,1.1347,mid,micro,none,drug_developer,90.42,41.25000000000000000000000000,52.5,85.85,77.000,61.38524590163934426229508197,0.7592606365525538663458383463
ASMB,40,44.84,0.819805,0.9146,44.84,0.868506,1.1194,mid,small,none,drug_developer,50,41.25000000000000000000000000,55.5,89.62,59.34426229508196721311475410,58.63636363636363636363636364,0.8209926829268292682926829268
ESPR,41,44.61,0.887987,1.2159,44.61,0.86526,1.1043,late,small,none,commercial_pharma,85.31,41.25000000000000000000000000,55.5,54.67,77.000,66.59259259259259259259259259,0.8279606664161342853563823124
MAZE,42,44.53,0.907468,1.3253,44.53,0.862013,1.0894,early,mid,none,drug_developer,50,41.25000000000000000000000000,66.5,50,73.33333333333333333333333333,51.87500000000000000000000000,0.7230626691651051426191963356
OPK,43,44.39,0.787338,0.7972,44.39,0.858766,1.0748,late,small,none,platform_diagnostics,17.12,41.25000000000000000000000000,,85.51,53.83720930232558139534883721,64.07407407407407407407407408,0.9
AARD,44,44.34,0.949675,1.6417,44.34,0.855519,1.0604,mid,micro,none,drug_developer,50,41.25000000000000000000000000,,59.43,75.08196721311475409836065574,60.13114754098360655737704918,0.7850644060332489265661125179
ENTA,45,44.18,0.965909,1.8238,44.18,0.852273,1.0462,mid,small,none,drug_developer,47.99,41.25000000000000000000000000,55.5,90.00,77.000,61.72727272727272727272727273,0.7644271362456259171464047861
MBX,46,44.07,0.972403,1.9173,44.07,0.849026,1.0323,early,small,none,drug_developer,50,41.25000000000000000000000000,85,50,75.83333333333333333333333334,48.29478458049886621315192743,0.7385901537826401073382185984
DRUG,47,43.99,0.76461,0.7212,43.99,0.845779,1.0185,early,small,none,drug_developer,50,41.25000000000000000000000000,66.5,50,76.66666666666666666666666666,24.46702947845804988662131520,0.7683813119834710743801652893
DVAX,48,43.97,0.790584,0.8085,43.97,0.842532,1.0049,late,small,none,commercial_pharma,32.98,41.25000000000000000000000000,52.0,34.87,52.09302325581395348837209302,72.59259259259259259259259259,0.8861010221860843303519572540
CGEM,49,43.96,0.797078,0.8312,43.96,0.839286,0.9915,early,small,none,drug_developer,75.05,41.25000000000000000000000000,47.5,37.50,60.83333333333333333333333334,50.60000000000000000000000000,0.8225355447154471544715447154
IKT,50,43.92,0.900974,1.2871,43.92,0.836039,0.9783,early,micro,none,drug_developer,50,41.25000000000000000000000000,49.5,50,72.50000000000000000000000000,56.12500000000000000000000000,0.7078420512820512820512820513
RARE,51,43.88,0.875,1.1503,43.88,0.832792,0.9653,late,mid,none,commercial_biotech,48.53,41.25000000000000000000000000,50.0,52.80,64.30232558139534883720930233,65.11538461538461538461538461,0.8980125498264112125498264112
ELVN,52,43.65,0.842532,1.0049,43.65,0.829545,0.9524,early,small,none,drug_developer,48.00,41.25000000000000000000000000,62.0,50,55.41666666666666666666666667,62.25714285714285714285714286,0.7705932953957578892912571133
NVCR,53,43.34,0.816558,0.9023,43.34,0.826299,0.9396,late,small,none,platform_devices,29.47,41.25000000000000000000000000,52.0,83.64,57.67441860465116279069767442,68.450,0.8965769211700545364402578086
QSI,54,43.17,0.897727,1.2687,43.17,0.823052,0.9271,late,micro,none,platform_devices,39.27,41.25000000000000000000000000,,90.00,77.000,62.99418604651162790697674419,0.8558967618592424423467558848
KYMR,55,43.04,0.774351,0.7533,43.04,0.819805,0.9146,mid,mid,none,drug_developer,94.07,41.25000000000000000000000000,71.0,10.00,65.24590163934426229508196721,42.04177491116486010331750724,0.8204026819484240687679083095
GH,56,43.02,0.803571,0.8544,43.02,0.816558,0.9023,late,large,none,platform_diagnostics,20.67,41.25000000000000000000000000,66.5,10.00,69.88372093023255813953488372,56.72000000000000000000000000,0.9
AVIR,57,42.80,0.725649,0.5997,42.80,0.813312,0.8902,late,small,none,commercial_biotech,58.56,41.25000000000000000000000000,49.0,90.00,50,62.81481481481481481481481481,0.8879600371747211895910780669
UPB,58,42.70,0.806818,0.8662,42.70,0.810065,0.8781,mid,small,none,drug_developer,50,41.25000000000000000000000000,71.5,17.92,55.40983606557377049180327869,52.45454545454545454545454545,0.8263518601273600715003910178
DYN,59,42.40,0.845779,1.0185,42.40,0.806818,0.8662,early,mid,none,drug_developer,96.55,41.25000000000000000000000000,80.0,12.50,53.33333333333333333333333334,65.33333333333333333333333334,0.7847121111846459298477829252
AGIO,60,42.34,0.829545,0.9524,42.34,0.803571,0.8544,late,small,none,drug_developer,34.42,41.25000000000000000000000000,65.5,74.11,71.97674418604651162790697675,60.29629629629629629629629630,0.8478093457943925233644859813
GPCR,61,42.12,0.849026,1.0323,42.12,0.800325,0.8428,early,mid,none,drug_developer,40.04,41.25000000000000000000000000,83.0,10.00,71.66666666666666666666666667,49.50077160493827160493827160,0.7342122719734660033167495854
CATX,62,42.09,0.917208,1.3865,42.09,0.797078,0.8312,early,small,none,platform_devices,96.55,41.25000000000000000000000000,58.0,55.36,65.83333333333333333333333333,63.71428571428571428571428571,0.7565759390310288513881328253
SPRY,63,42.03,0.758117,0.7003,42.03,0.793831,0.8198,mid,small,none,drug_developer,66.23,41.25000000000000000000000000,53.0,19.81,69.18032786885245901639344262,42.71696765636159575553514948,0.7939737403209516328133767254
ALNY,64,41.91,0.722403,0.59,41.91,0.790584,0.8085,late,large,none,commercial_biotech,36.73,41.25000000000000000000000000,65.0,30.66,43.84261763115197404002163332,53.60000000000000000000000000,0.9
RIGL,65,41.63,0.74513,0.6592,41.63,0.787338,0.7972,late,small,none,commercial_biotech,50.58,41.25000000000000000000000000,55.5,83.55,53.48837209302325581395348837,60.00000000000000000000000000,0.8465545465156997782187463523
ACRS,66,41.47,0.771104,0.7425,41.47,0.784091,0.7861,late,small,none,drug_developer,7.25,41.25000000000000000000000000,63.5,90.00,76.16279069767441860465116279,50.22222222222222222222222222,0.8552912560808282399900212049
ANAB,67,41.37,0.751623,0.6796,41.37,0.780844,0.775,mid,small,none,commercial_biotech,61.45,41.25000000000000000000000000,71.5,40.57,56.39344262295081967213114754,50.90909090909090909090909091,0.8316624621594349142280524723
SLN,68,41.36,0.748377,0.6694,41.36,0.777597,0.7641,mid,micro,none,drug_developer,96.55,41.25000000000000000000000000,49.5,83.96,73.60655737704918032786885246,46.88303622084863686583654334,0.7518393697341065762118393697
EXEL,69,41.33,0.709416,0.5517,41.33,0.774351,0.7533,late,large,none,commercial_biotech,39.66,41.25000000000000000000000000,,65.13,60.81395348837209302325581396,56.00000000000000000000000000,0.9
INVA,70,41.05,0.706169,0.5422,41.05,0.771104,0.7425,late,small,none,commercial_biotech,49.86,41.25000000000000000000000000,,88.82,43.17348717024217294633735954,66.66666666666666666666666667,0.9
LBRX,71,40.95,0.741883,0.6492,40.95,0.76461,0.7212,mid,small,none,drug_developer,50,41.25000000000000000000000000,,36.79,58.36065573770491803278688525,64.81818181818181818181818182,0.7621790983606557377049180328
JANX,72,40.88,0.832792,0.9653,40.88,0.761364,0.7107,early,small,none,drug_developer,43.00,41.25000000000000000000000000,62.0,50,56.66666666666666666666666667,66.62857142857142857142857143,0.7309516412964688826757792275
DNA,73,40.56,0.858766,1.0748,40.56,0.758117,0.7003,late,small,none,commercial_biotech,20.47,41.25000000000000000000000000,55.0,90.00,65.69767441860465116279069767,67.53703703703703703703703704,0.8332732732732732732732732733
ROIV,74,40.52,0.784091,0.7861,40.52,0.751623,0.6796,mid,large,none,drug_developer,39.45,41.25000000000000000000000000,77.5,50,48.43387380931051987219684076,68.450,0.8415994827028774652440995797
IMRX,75,40.52,0.933442,1.5019,40.52,0.75487,0.6899,early,small,none,drug_developer,26.40,41.25000000000000000000000000,61.0,50,69.58333333333333333333333333,60.80000000000000000000000000,0.7112309447267447889660893913
IRWD,76,40.44,0.926948,1.4534,40.44,0.748377,0.6694,late,small,none,commercial_pharma,70.67,41.25000000000000000000000000,,51.97,76.51162790697674418604651163,69.62962962962962962962962963,0.8509748027487910409773479257
BEAM,77,40.32,0.761364,0.7107,40.32,0.74513,0.6592,early,mid,none,drug_developer,38.35,41.25000000000000000000000000,66.0,10.00,48.34190672153635116598079561,68.16666666666666666666666666,0.7757318734793187347931873479
AUPH,78,40.21,0.676948,0.4592,40.21,0.741883,0.6492,late,small,none,commercial_biotech,28.64,41.25000000000000000000000000,55.5,66.45,52.79069767441860465116279070,44.89779674507612321969889414,0.8763407441860465116279069767
MNKD,79,40.20,0.680195,0.4682,40.20,0.738636,0.6391,late,small,none,commercial_biotech,25.22,41.25000000000000000000000000,,13.82,75.46511627906976744186046512,36.53728259581025927619434707,0.9
ARDX,80,40.19,0.728896,0.6095,40.19,0.73539,0.6292,late,small,none,commercial_biotech,96.55,41.25000000000000000000000000,55.5,48.13,77.000,39.47706142356348117664990094,0.8854993666956413758847634422
GILD,81,40.02,0.699675,0.5235,40.02,0.732143,0.6193,late,large,none,commercial_pharma,36.38,41.25000000000000000000000000,58.0,36.90,68.48837209302325581395348837,38.44444444444444444444444444,0.9
TYRA,82,39.56,0.670455,0.4412,39.56,0.728896,0.6095,early,small,none,drug_developer,38.15,41.25000000000000000000000000,60.5,16.07,60.00000000000000000000000000,29.39510204081632653061224489,0.7857413298565840938722294654
CDNA,83,39.36,0.712662,0.5612,39.36,0.725649,0.5997,late,small,none,platform_diagnostics,46.63,41.25000000000000000000000000,60.5,33.55,66.04651162790697674418604651,42.05676641433385832105539467,0.8840569973922761703712902024
ALT,84,38.79,0.823052,0.9271,38.79,0.722403,0.59,late,small,none,drug_developer,96.55,41.25000000000000000000000000,49.0,80.65,73.72093023255813953488372093,61.55555555555555555555555556,0.8416931150818443083843558666
PTCT,85,38.63,0.73539,0.6292,38.63,0.719156,0.5803,late,mid,none,commercial_biotech,42.69,41.25000000000000000000000000,71.5,90.00,40.52701159786070548644913166,76.53846153846153846153846154,0.8992198090692124105011933174
NTRA,86,38.62,0.637987,0.3531,38.62,0.715909,0.5707,late,large,none,platform_diagnostics,64.23,41.25000000000000000000000000,53.5,13.82,73.02325581395348837209302325,34.07111111111111111111111111,0.9
ARQT,87,38.32,0.689935,0.4957,38.32,0.712662,0.5612,late,mid,none,commercial_biotech,88.55,41.25000000000000000000000000,66.0,21.96,58.37209302325581395348837209,43.11443951347797501643655490,0.8793965971722981068775461299
NRIX,88,38.23,0.663961,0.4233,38.23,0.709416,0.5517,early,small,none,drug_developer,45.44,41.25000000000000000000000000,51.0,23.21,54.16666666666666666666666666,37.18040816326530612244897958,0.8268661426712922810060711188
NUVL,89,38.15,0.696429,0.5142,38.15,0.706169,0.5422,early,mid,none,drug_developer,68.71,41.25000000000000000000000000,74.0,50,43.47050754458161865569272976,45.31963734567901234567901235,0.8090419593538301198540906722
APLS,90,38.06,0.75487,0.6899,38.06,0.702922,0.5328,late,mid,none,commercial_biotech,75.72,41.25000000000000000000000000,71.0,32.24,53.13953488372093023255813954,68.46153846153846153846153846,0.8657384937739463601532567050
PTGX,91,37.95,0.63474,0.3444,37.95,0.699675,0.5235,late,mid,none,drug_developer,67.77,41.25000000000000000000000000,71.5,30.92,46.54918574604891532960759569,41.03221564760026298487836949,0.8802005504367596027282517650
ATXS,92,37.91,0.641234,0.3618,37.91,0.696429,0.5142,mid,small,none,drug_developer,96.55,41.25000000000000000000000000,63.5,27.36,41.38941144853533996237570546,48.73227221712070196918681767,0.810
MDGL,93,37.72,0.647727,0.3792,37.72,0.693182,0.5049,late,large,none,commercial_biotech,62.66,41.25000000000000000000000000,77.0,11.61,54.18604651162790697674418604,43.18951111111111111111111111,0.9
LCTX,94,37.52,0.654221,0.3967,37.52,0.689935,0.4957,early,small,none,drug_developer,22.15,41.25000000000000000000000000,,51.79,68.33333333333333333333333334,17.46811791383219954648526078,0.8074065848581132902377561083
SRPT,95,37.45,0.878247,1.1663,37.45,0.686688,0.4865,late,mid,none,commercial_biotech,63.29,45.56250000000000000000000000,65.0,90.00,63.60465116279069767441860465,68.450,0.8518171669560903001736541801
FOLD,96,37.37,0.625,0.3186,37.37,0.683442,0.4773,late,mid,none,commercial_biotech,39.83,41.25000000000000000000000000,74.0,13.82,47.23333934258758488071630310,36.74556213017751479289940828,0.9
ANIP,97,37.31,0.628247,0.3272,37.31,0.680195,0.4682,late,small,none,commercial_pharma,31.53,41.25000000000000000000000000,58.0,79.61,54.88372093023255813953488372,37.89683144507104269335636506,0.9
TEM,98,36.61,0.719156,0.5803,36.61,0.676948,0.4592,late,mid,none,platform_services,50,41.25000000000000000000000000,66.0,22.90,67.44186046511627906976744186,48.85026298487836949375410914,0.8459278417173154015259278417
BCAX,99,36.10,0.738636,0.6391,36.10,0.673701,0.4502,early,small,none,drug_developer,50,41.25000000000000000000000000,71.5,50,52.08333333333333333333333333,56.42857142857142857142857143,0.7275480669836675625387636965
CCCC,100,35.90,0.715909,0.5707,35.90,0.670455,0.4412,early,micro,none,drug_developer,96.55,41.25000000000000000000000000,66.5,58.93,57.91666666666666666666666666,46.70096021947873799725651579,0.7251189840998826165830754455
HALO,101,35.75,0.612013,0.2846,35.75,0.667208,0.4322,late,mid,none,commercial_biotech,30.92,41.25000000000000000000000000,,57.24,70.75581395348837209302325581,30.56213017751479289940828402,0.9
VCEL,102,35.65,0.586039,0.2174,35.65,0.663961,0.4233,late,small,none,commercial_biotech,57.40,41.25000000000000000000000000,,29.61,70.23255813953488372093023256,23.68693796677335771985977748,0.9
TECH,103,35.63,0.573052,0.1841,35.63,0.660714,0.4144,late,mid,none,commercial_biotech,42.30,41.25000000000000000000000000,55.5,40.01,68.13953488372093023255813954,24.67455621301775147928994082,0.9
MIRM,104,35.59,0.650974,0.388,35.59,0.657468,0.4056,late,mid,none,commercial_biotech,33.11,41.25000000000000000000000000,66.5,13.82,51.74418604651162790697674419,38.87245233399079552925706772,0.8998348834429169157202630006
ERAS,105,35.36,0.667208,0.4322,35.36,0.654221,0.3967,early,mid,none,drug_developer,16.95,41.25000000000000000000000000,66.5,19.64,62.50000000000000000000000000,32.18777863511659807956104252,0.7634936288088642659279778393
DNLI,106,35.34,0.683442,0.4773,35.34,0.650974,0.388,late,mid,none,drug_developer,20.09,41.25000000000000000000000000,60.5,47.92,36.01135749053542455381287183,64.13461538461538461538461539,0.8797983451253147859455570212
QURE,107,35.23,0.946429,1.6112,35.23,0.647727,0.3792,mid,small,none,drug_developer,24.64,41.25000000000000000000000000,83.0,38.68,61.31147540983606557377049180,68.450,0.8014266472106858233247278033
MLTX,108,34.65,0.881494,1.1825,34.65,0.644481,0.3705,mid,small,none,drug_developer,50,41.25000000000000000000000000,56.0,50,62.29508196721311475409836066,66.36363636363636363636363636,0.7537627083114977465674457604
EPRX,109,34.50,0.579545,0.2007,34.50,0.641234,0.3618,mid,small,none,drug_developer,50,41.25000000000000000000000000,66.5,42.45,45.15661859117919316790587954,34.13631262116110600959085807,0.8052136943387782501678227791
GLPG,110,34.41,0.540584,0.1019,34.41,0.637987,0.3531,late,mid,none,drug_developer,35.56,50,66.5,63.39,75.81395348837209302325581396,15.51939513477975016436554898,0.8406478946682309998696388998
GERN,111,34.28,0.732143,0.6193,34.28,0.63474,0.3444,late,small,none,commercial_biotech,28.02,41.25000000000000000000000000,54.5,76.49,55.23255813953488372093023256,68.450,0.8500595354808590102707749767
AMRX,112,34.10,0.592532,0.2341,34.10,0.631494,0.3358,late,mid,none,commercial_pharma,55.03,41.25000000000000000000000000,,40.13,54.53488372093023255813953488,34.65154503616042077580539119,0.9
BNTX,113,33.60,0.51461,0.0366,33.60,0.628247,0.3272,late,large,none,drug_developer,32.03,50,57.0,28.54,62.90697674418604651162790698,29.84000000000000000000000000,0.8185169404231625835189309577
BCRX,114,33.26,0.563312,0.1594,33.26,0.625,0.3186,late,small,none,commercial_pharma,27.15,41.25000000000000000000000000,60.5,38.82,48.61066041704224505738837810,29.94275940320750563091669630,0.8979343666550563102287240218
GLUE,115,33.23,0.693182,0.5049,33.23,0.621753,0.3101,early,small,none,drug_developer,54.87,41.25000000000000000000000000,66.5,28.29,52.08333333333333333333333333,50.85714285714285714285714286,0.7225784997819450501526384649
BDTX,116,33.18,0.673701,0.4502,33.18,0.618506,0.3016,early,micro,none,drug_developer,83.47,41.25000000000000000000000000,55.5,90.00,40.30864197530864197530864198,61.66666666666666666666666666,0.7487296312086975058622894905
MEDP,117,32.86,0.657468,0.4056,32.86,0.61526,0.2931,early,large,none,platform_diagnostics,43.77,41.25000000000000000000000000,,25.15,65.00000000000000000000000000,34.19067215363511659807956104,0.8532246430216490096729617688
VKTX,118,32.59,0.569805,0.1759,32.59,0.612013,0.2846,mid,mid,sev1,drug_developer,50,41.25000000000000000000000000,60.5,14.15,77.000,13.73636119322762698199408762,0.7820818484883319921830095413
OCUL,119,32.58,0.534091,0.0856,32.58,0.608766,0.2761,late,small,none,drug_developer,71.08,41.25000000000000000000000000,74.5,70.54,66.74418604651162790697674419,26.08641975308641975308641975,0.9
CERS,120,32.49,0.589286,0.2257,32.49,0.605519,0.2677,late,small,none,platform_devices,50,41.25000000000000000000000000,49.5,90.00,61.16279069767441860465116279,29.30193568053650358177107148,0.8931257850018470631695603990
ADMA,121,32.23,0.49513,-0.0122,32.23,0.602273,0.2592,late,mid,none,commercial_biotech,60.43,41.25000000000000000000000000,49.0,13.82,60.46511627906976744186046512,20.91387245233399079552925707,0.9
XENE,122,32.04,0.576299,0.1924,32.04,0.599026,0.2508,late,mid,none,drug_developer,57.21,41.25000000000000000000000000,77.0,44.94,44.85194699837750135208220660,35.79918639053254437869822486,0.8874476502082093991671624033
AMLX,123,31.80,0.618506,0.3016,31.80,0.592532,0.2341,late,small,none,commercial_pharma,28.36,41.25000000000000000000000000,85,48.51,33.49708551168799951925965988,53.37037037037037037037037037,0.8732384259259259259259259259
PBYI,124,31.51,0.631494,0.3358,31.51,0.589286,0.2257,late,small,none,commercial_biotech,69.94,41.25000000000000000000000000,55.5,84.87,51.39534883720930232558139535,57.03703703703703703703703704,0.8350615537383177570093457944
RVMD,125,31.50,0.582792,0.209,31.50,0.586039,0.2174,mid,large,none,drug_developer,47.67,45.56250000000000000000000000,77.0,10.00,51.47540983606557377049180328,38.90056436441816715936576190,0.8579413953488372093023255814
TARA,126,31.39,0.780844,0.775,40.98,0.767857,0.7318,mid,small,none,drug_developer,50,41.25000000000000000000000000,54.5,55.66,54.42622950819672131147540983,60.18181818181818181818181818,0.8195126426493622734392481539
INSM,127,31.28,0.498377,-0.0041,31.28,0.582792,0.209,late,large,none,commercial_biotech,49.74,45.56250000000000000000000000,77.0,10.00,58.72093023255813953488372093,21.61084444444444444444444444,0.8874966290694693668290182005
CLDX,128,31.23,0.61526,0.2931,31.23,0.579545,0.2007,late,small,none,drug_developer,48.28,41.25000000000000000000000000,71.5,72.32,38.25078120305270115978607055,60.92592592592592592592592592,0.8764550731367541211980496866
CABA,129,30.93,0.605519,0.2677,30.93,0.576299,0.1924,early,micro,sev1,drug_developer,61.77,41.25000000000000000000000000,66.5,69.64,66.66666666666666666666666667,27.28191443758573388203017833,0.7777556455048998721772475501
TWST,130,30.87,0.602273,0.2592,30.87,0.573052,0.1841,early,mid,none,platform_diagnostics,79.17,41.25000000000000000000000000,49.5,50,59.16666666666666666666666667,29.71006944444444444444444444,0.7583047126436781609195402299
ANRO,131,30.84,0.644481,0.3705,30.84,0.569805,0.1759,late,small,none,drug_developer,50,41.25000000000000000000000000,61.0,68.15,49.30382789495823568295174568,55.25925925925925925925925926,0.8333573290306565719250341318
BCYC,132,30.32,0.923701,1.4304,50.63,0.969156,1.8685,early,small,none,drug_developer,41.04,41.25000000000000000000000000,57.5,50,77.000,45.43755102040816326530612246,0.7868349891338093759701955914
SNY,133,30.22,0.439935,-0.1511,30.22,0.566558,0.1676,late,large,none,commercial_pharma,41.07,50,49.5,74.18,74.41860465116279069767441860,14.33777777777777777777777778,0.8256561023074784542674450931
KMDA,134,29.92,0.456169,-0.1101,29.92,0.563312,0.1594,late,small,none,commercial_pharma,48.02,50,,84.82,55.58139534883720930232558140,12.19140036241087910040813561,0.8272205411178355286578853685
GHRS,135,29.77,0.482143,-0.0448,29.77,0.560065,0.1511,mid,small,none,drug_developer,33.62,50,71.5,46.23,50.49180327868852459016393443,10.92235486174880114274053667,0.7573457075259125732311852186
ARGX,136,29.76,0.433442,-0.1676,29.76,0.556818,0.1429,late,large,none,commercial_biotech,24.61,50,80.0,17.89,47.92049756625202812330989724,10.81777777777777777777777778,0.8298273919072229925627127190
ALDX,137,29.72,0.702922,0.5328,29.72,0.553571,0.1347,late,small,none,drug_developer,50,41.25000000000000000000000000,61.0,90.00,63.25581395348837209302325581,40.65657335433284221578688885,0.8100781888201657136188586766
SNDX,138,29.50,0.527597,0.0692,32.03,0.595779,0.2424,mid,small,sev1,commercial_biotech,56.14,41.25000000000000000000000000,65.0,65.09,68.19672131147540983606557377,18.56728905213753698602183450,0.8340492721164613661814109742
LYEL,139,29.18,0.621753,0.3101,29.18,0.550325,0.1265,early,small,none,drug_developer,26.10,41.25000000000000000000000000,61.0,44.64,38.75342935528120713305898492,59.34285714285714285714285714,0.7565962773484271252857298356
LAB,140,29.16,0.686688,0.4865,29.16,0.547078,0.1183,late,small,none,platform_devices,40.14,41.25000000000000000000000000,55.5,90.00,67.79069767441860465116279070,43.04496265813138241121780216,0.8246337798923250281707775135
TCRX,141,29.10,0.508117,0.0203,29.10,0.543831,0.1101,early,micro,sev1,drug_developer,50,41.25000000000000000000000000,61.0,90.00,64.16666666666666666666666667,18.06483624828532235939643347,0.7583661103433613266716275114
CHRS,142,29.05,0.660714,0.4144,29.05,0.540584,0.1019,late,micro,none,commercial_biotech,12.63,41.25000000000000000000000000,55.5,90.00,45.86803677663601946998377502,68.66279069767441860465116279,0.7863167400383790495541257478
FHTX,143,28.61,0.599026,0.2508,28.61,0.537338,0.0937,early,small,none,drug_developer,15.98,41.25000000000000000000000000,52.5,48.21,37.21536351165980795610425240,52.05714285714285714285714286,0.7395278509966234614965690012
CRNX,144,28.28,0.566558,0.1676,28.28,0.534091,0.0856,late,mid,none,drug_developer,74.07,41.25000000000000000000000000,71.5,25.30,36.64743705306171504116339162,62.17307692307692307692307692,0.8739125269461077844311377246
IDYA,145,28.22,0.595779,0.2424,28.22,0.530844,0.0774,mid,mid,none,commercial_biotech,77.86,41.25000000000000000000000000,65.0,13.82,28.95667234017139956403595211,74.09836065573770491803278689,0.8493134789070538470332685492
SGMO,146,28.21,0.556818,0.1429,28.21,0.527597,0.0692,mid,micro,sev1,drug_developer,25.15,41.25000000000000000000000000,,90.00,76.06557377049180327868852459,22.85795335781898533846934814,0.7850712156343159986750579662
RCUS,147,28.16,0.608766,0.2761,28.16,0.524351,0.0611,late,mid,none,commercial_biotech,29.99,41.25000000000000000000000000,72.0,41.59,34.12114656571119524067063277,68.450,0.8626921858120273676629456248
ARWR,148,27.88,0.550325,0.1265,27.88,0.517857,0.0448,late,mid,none,commercial_biotech,48.43,41.25000000000000000000000000,61.0,13.82,26.24271377921999879814914968,52.30769230769230769230769231,0.8571598076923076923076923077
CRSP,149,27.85,0.537338,0.0937,27.85,0.51461,0.0366,late,mid,none,drug_developer,52.84,41.25000000000000000000000000,66.0,65.34,15.11357490535424553812871823,68.450,0.8829993291806420699568758984
ILMN,150,27.69,0.553571,0.1347,27.90,0.521104,0.0529,early,large,none,platform_diagnostics,45.57,41.25000000000000000000000000,52.0,54.24,34.19067215363511659807956104,46.70096021947873799725651577,0.8058504318181818181818181818
ORIC,151,27.68,0.443182,-0.1429,27.68,0.511364,0.0285,early,small,sev1,drug_developer,70.04,41.25000000000000000000000000,66.0,33.93,69.58333333333333333333333333,8.870204081632653061224489796,0.8111557195571955719557195572
GMAB,152,27.56,0.371753,-0.3272,27.56,0.508117,0.0203,late,large,none,commercial_biotech,29.08,50,60.5,90.00,56.27906976744186046511627907,21.80444444444444444444444444,0.8170965046650884277955716474
HROW,153,27.53,0.469156,-0.0774,27.53,0.50487,0.0122,late,small,none,commercial_pharma,17.29,41.25000000000000000000000000,55.5,13.82,64.65116279069767441860465116,18.92614608206743551965316940,0.8679150926962797063580938161
VIR,154,27.46,0.430195,-0.1759,27.46,0.501623,0.0041,late,small,sev1,drug_developer,34.01,41.25000000000000000000000000,61.0,83.63,41.84424012979989183342347215,28.22030855729986959982387509,0.8609403099871809812376179932
TENX,155,27.14,0.521104,0.0529,27.14,0.498377,-0.0041,late,micro,none,drug_developer,50,41.25000000000000000000000000,55.5,90.00,23.92073793642209001862868818,57.65697674418604651162790698,0.8540472690718195018429576678
AVXL,156,26.97,0.50487,0.0122,26.97,0.49513,-0.0122,late,small,none,drug_developer,30.00,41.25000000000000000000000000,,86.01,58.02325581395348837209302325,33.72632898101576656674964859,0.7970752122444099007533181873
ABEO,157,26.85,0.511364,0.0285,26.85,0.491883,-0.0203,late,micro,none,drug_developer,50,41.25000000000000000000000000,55.0,88.99,15.64148789135268313202331590,65.00000000000000000000000000,0.8741835955808503515232674925
TVTX,158,26.74,0.560065,0.1511,26.74,0.488636,-0.0285,late,mid,none,commercial_biotech,42.03,41.25000000000000000000000000,77.5,37.85,25.65771287783186106604170423,58.25000000000000000000000000,0.8770708148857245422998683738
STOK,159,26.57,0.459416,-0.1019,26.57,0.48539,-0.0366,mid,small,none,commercial_biotech,39.39,41.25000000000000000000000000,80.0,61.18,30.66111260413867239989250202,16.31772268135904499540863177,0.7938033550269299820466786355
IMMP,160,26.10,0.446429,-0.1347,26.10,0.482143,-0.0448,mid,small,none,drug_developer,44.99,50,,80.19,63.27868852459016393442622951,5,0.7390685030351620662008933685
CYTK,161,26.04,0.465909,-0.0856,26.04,0.478896,-0.0529,late,mid,none,drug_developer,96.55,45.56250000000000000000000000,77.0,37.80,50.69767441860465116279069767,19.17361111111111111111111111,0.8638012319822594554638413207
ACIU,162,25.65,0.368506,-0.3358,25.65,0.475649,-0.0611,mid,small,none,drug_developer,43.06,50,,70.75,53.44262295081967213114754098,5.853484338332823181308029791,0.7262739304966165844706961808
ZLAB,163,25.51,0.517857,0.0448,25.51,0.472403,-0.0692,late,small,none,commercial_biotech,23.59,41.25000000000000000000000000,48.0,10.00,31.64293011237305450393606154,68.450,0.8699806909386995463533790857
IMTX,164,25.29,0.547078,0.1183,25.29,0.469156,-0.0774,late,small,none,drug_developer,50,41.25000000000000000000000000,,60.42,42.50736133645814554413797248,59.03703703703703703703703704,0.8556340294985250737463126844
MLYS,165,25.22,0.524351,0.0611,25.22,0.465909,-0.0856,late,mid,none,drug_developer,52.29,41.25000000000000000000000000,80.0,21.73,25.07571660356949702541914549,66.09615384615384615384615384,0.8306050036083714216983401491
GRFS,166,24.92,0.326299,-0.4502,24.92,0.462662,-0.0937,late,unknown,none,commercial_pharma,24.85,41.25000000000000000000000000,,50,62.55813953488372093023255814,5,0.8627286825415819073830321886
MESO,167,24.88,0.332792,-0.4322,24.88,0.459416,-0.1019,late,mid,none,drug_developer,18.28,50,,62.80,56.62790697674418604651162791,5,0.7850904491609081934846989141
ABCL,168,24.82,0.488636,-0.0285,24.82,0.456169,-0.1101,late,small,none,drug_developer,40.21,41.25000000000000000000000000,60.5,46.13,23.34775554353704705246078962,57.77777777777777777777777778,0.8628507403521044654308033112
FDMT,169,24.58,0.462662,-0.0937,24.58,0.452922,-0.1183,mid,small,none,drug_developer,55.62,41.25000000000000000000000000,55.0,61.32,20.79279763504434291857027681,54.00000000000000000000000000,0.7762887760857304004512126340
ANNX,170,24.53,0.352273,-0.3792,24.53,0.449675,-0.1265,late,small,sev1,drug_developer,76.50,41.25000000000000000000000000,71.5,63.99,59.06976744186046511627906977,14.10531931108062795305593659,0.8266156363211405866542012388
ASND,171,24.52,0.349026,-0.388,24.52,0.446429,-0.1347,late,large,none,commercial_biotech,62.81,50,85,10.00,39.22180157442461390541433807,7.439999999999999999999999997,0.8257483343808925204274041483
FATE,172,24.41,0.543831,0.1101,24.41,0.443182,-0.1429,mid,micro,none,drug_developer,96.55,41.25000000000000000000000000,60.5,90.00,39.54164053868434411299232584,43.63826928245095404461166353,0.7794034090909090909090909091
TNGX,173,24.31,0.407468,-0.2341,24.31,0.439935,-0.1511,early,small,sev1,drug_developer,69.84,41.25000000000000000000000000,77.0,26.79,55.41666666666666666666666667,5,0.7737365503749592435604825562
CDTX,174,24.22,0.355519,-0.3705,24.22,0.436688,-0.1594,late,unknown,none,drug_developer,50,41.25000000000000000000000000,83.0,50,55.93023255813953488372093023,5,0.8244807903402854006586169045
LXEO,175,23.85,0.417208,-0.209,23.85,0.433442,-0.1676,early,small,sev1,drug_developer,72.14,41.25000000000000000000000000,55.0,30.36,63.33333333333333333333333333,15.24000000000000000000000000,0.7699608610567514677103718200
CADL,176,23.82,0.501623,0.0041,23.82,0.430195,-0.1759,late,small,none,drug_developer,54.33,41.25000000000000000000000000,,87.80,44.85194699837750135208220660,47.93920303476773527070737862,0.8405528124628374360803900583
SANA,177,23.74,0.387987,-0.2846,23.74,0.426948,-0.1841,early,small,sev1,drug_developer,63.92,41.25000000000000000000000000,61.0,50,61.66666666666666666666666666,6.851791383219954648526077094,0.7112407926133416329494760867
SERA,178,23.68,0.530844,0.0774,23.68,0.423701,-0.1924,early,micro,none,platform_devices,50,41.25000000000000000000000000,55.5,87.50,35.69444444444444444444444444,42.59415723593964334705075446,0.7541592920353982300884955752
ABUS,179,23.50,0.436688,-0.1594,23.50,0.420455,-0.2007,mid,small,none,drug_developer,51.16,41.25000000000000000000000000,,57.55,35.91776404192421392098898145,28.71074380165289256198347107,0.8539651038710409808150754910
PVLA,180,23.47,0.404221,-0.2424,23.47,0.417208,-0.209,late,small,none,drug_developer,50,41.25000000000000000000000000,72.0,49.11,34.74821224686016465356649240,18.92614608206743551965316940,0.8521414945462984451148758413
ALVO,181,23.41,0.329545,-0.4412,23.41,0.413961,-0.2174,late,small,none,commercial_pharma,87.15,50,,19.16,61.51162790697674418604651163,5.944385171637114938440955817,0.7776771353482260183968462549
RCKT,182,22.60,0.423701,-0.1924,22.60,0.410714,-0.2257,mid,small,sev1,drug_developer,72.07,41.25000000000000000000000000,66.0,87.74,43.26107079936695631401355669,23.52106927864503622079379655,0.7990352358437464820443543848
COLL,183,22.53,0.397727,-0.2592,22.53,0.407468,-0.2341,late,small,none,commercial_pharma,65.21,41.25000000000000000000000000,,86.18,12.00919415900486749594375338,52.59259259259259259259259259,0.9
ONC,184,22.51,0.410714,-0.2257,22.51,0.404221,-0.2424,late,large,none,commercial_biotech,21.44,41.25000000000000000000000000,61.0,13.82,21.64683612763656030286641428,60.80000,0.8800418733476016618406143774
PRTA,185,22.13,0.391234,-0.2761,22.13,0.400974,-0.2508,late,small,none,drug_developer,17.03,41.25000000000000000000000000,55.0,86.61,18.32612222823147647376960520,49.18723433081000524987722062,0.8474842338662621075971525265
RGNX,186,21.92,0.478896,-0.0529,21.92,0.397727,-0.2592,late,small,none,commercial_biotech,19.89,41.25000000000000000000000000,55.5,87.20,17.24325461210263806261642930,67.53703703703703703703703704,0.8029091335994364874383658136
ZYME,187,21.91,0.381494,-0.3016,21.91,0.394481,-0.2677,late,small,none,commercial_biotech,68.91,41.25000000000000000000000000,77.0,23.51,16.70632774472687939426717144,41.84587376585547596064285593,0.8789094025011579434923575730
ABSI,188,21.48,0.420455,-0.2007,21.48,0.391234,-0.2761,late,small,none,drug_developer,96.55,41.25000000000000000000000000,66.5,81.85,32.25797728501892915089237426,44.25384003116056156751172755,0.8089145740436517249471954940
ARVN,189,21.41,0.48539,-0.0366,21.41,0.387987,-0.2846,late,small,none,commercial_biotech,94.42,41.25000000000000000000000000,66.0,90.00,28.01574424613905414338080644,68.450,0.8141091718402249033618367108
PGEN,190,21.38,0.358766,-0.3618,21.38,0.38474,-0.2931,mid,small,sev1,drug_developer,44.50,41.25000000000000000000000000,55.5,31.13,60.32786885245901639344262295,5,0.7519335142469470827679782904
CRBU,191,21.30,0.342532,-0.4056,21.30,0.381494,-0.3016,early,micro,sev1,drug_developer,49.29,41.25000000000000000000000000,,83.93,46.70096021947873799725651577,19.73264424725651577503429354,0.7600482315112540192926045016
NGNE,192,21.06,0.472403,-0.0692,21.06,0.378247,-0.3101,late,micro,none,drug_developer,96.55,41.25000000000000000000000000,85,79.46,9.012979989183342347214710651,60.62209302325581395348837209,0.8330290131063067099809566484
KROS,193,20.88,0.38474,-0.2931,20.88,0.375,-0.3186,mid,small,none,commercial_biotech,82.19,41.25000000000000000000000000,66.0,90.00,10.36668756905252470960613933,77.000,0.8214928939699618919524770231
FLGT,194,20.77,0.426948,-0.1841,20.77,0.371753,-0.3272,early,small,sev1,platform_diagnostics,27.15,50,,89.25,16.20198902606310013717421125,68.450,0.7149868987480781902042609269
KURA,195,20.73,0.313312,-0.4865,20.73,0.368506,-0.3358,mid,small,sev1,drug_developer,93.53,41.25000000000000000000000000,66.0,72.64,49.01937949774552838245394009,16.17885930007142128354249567,0.8418093690462848817662221226
AQST,196,20.64,0.449675,-0.1265,20.64,0.36526,-0.3444,late,small,none,commercial_pharma,63.61,41.25000000000000000000000000,72.0,71.73,22.21080463914428219457965266,56.51851851851851851851851852,0.8092302284710017574692442882
REPL,197,20.42,0.475649,-0.0611,20.42,0.362013,-0.3531,mid,small,none,drug_developer,13.29,41.25000000000000000000000000,53.0,68.87,23.98668219415330406999313207,55.54545454545454545454545454,0.8014186229360889587779400202
CRL,198,20.41,0.400974,-0.2508,20.41,0.358766,-0.3618,late,mid,none,platform_diagnostics,45.64,41.25000000000000000000000000,,42.13,39.87290427257977285018929151,32.59040105193951347797501644,0.8717482716501771100525222914
BIOA,199,20.37,0.362013,-0.3531,20.37,0.355519,-0.3705,mid,small,none,commercial_pharma,50,41.25000000000000000000000000,72.0,34.91,5,63.27272727272727272727272727,0.8343157471521107884744248381
KRYS,200,20.22,0.303571,-0.5142,20.22,0.352273,-0.3792,late,mid,none,commercial_biotech,39.30,45.56250000000000000000000000,71.5,13.82,17.78318610660417042245057388,28.56673241288625904010519395,0.8804306084818684695759065765
IMCR,201,20.02,0.394481,-0.2677,20.02,0.349026,-0.388,late,small,none,commercial_biotech,61.84,41.25000000000000000000000000,80.0,13.82,5,73.33333333333333333333333333,0.8953760680791941646405001737
TSHA,202,19.94,0.413961,-0.2174,19.94,0.345779,-0.3967,late,small,none,drug_developer,46.93,41.25000000000000000000000000,85,33.63,5,52.74074074074074074074074074,0.8339053047929269427640763146
PYXS,203,19.77,0.345779,-0.3967,19.77,0.342532,-0.4056,early,micro,sev1,drug_developer,94.02,41.25000000000000000000000000,66.5,90.00,50.83333333333333333333333333,19.73264424725651577503429354,0.7689334043686734150239744273
IMVT,204,19.55,0.248377,-0.6796,19.55,0.339286,-0.4144,late,mid,none,drug_developer,54.40,41.25000000000000000000000000,62.0,18.75,16.17240550447689441740280031,16.13350591715976331360946746,0.8870471353544998806397708284
MCRB,205,19.48,0.491883,-0.0203,19.48,0.336039,-0.4233,late,micro,none,drug_developer,20.68,41.25000000000000000000000000,,82.24,35.37828255513490775794723875,56.27906976744186046511627907,0.8030069610863859408878238046
VERA,206,19.41,0.375,-0.3186,19.41,0.332792,-0.4322,late,mid,none,drug_developer,96.55,41.25000000000000000000000000,71.5,10.00,5,53.34615384615384615384615384,0.7847545752030056962792388801
ZVRA,207,19.18,0.297078,-0.5328,19.18,0.329545,-0.4412,late,small,none,drug_developer,49.78,41.25000000000000000000000000,,46.73,28.91240009614806802475812752,20.09602194787379972565157750,0.8486085822664770033191085823
VTRS,208,19.11,0.336039,-0.4233,19.11,0.326299,-0.4502,early,large,sev1,commercial_pharma,51.47,50,60.5,49.35,16.20198902606310013717421125,45.07716049382716049382716049,0.7535252171925011431184270690
PCRX,209,19.08,0.378247,-0.3101,19.08,0.323052,-0.4592,early,small,sev1,commercial_pharma,37.93,41.25000000000000000000000000,,87.50,16.20198902606310013717421125,64.57142857142857142857142857,0.7293044343691252902797744111
SRRK,210,19.04,0.277597,-0.59,19.04,0.319805,-0.4682,late,mid,sev1,drug_developer,63.83,41.25000000000000000000000000,68.0,10.00,29.81581635719007271197644372,11.75147928994082840236686389,0.8782379902252950292049111932
LEGN,211,18.71,0.23539,-0.7212,18.71,0.316558,-0.4773,mid,mid,none,commercial_biotech,26.25,50,56.0,40.65,22.37779569410851324315446863,7.602794947594732598763773172,0.7893
AVBP,212,18.28,0.274351,-0.5997,18.28,0.313312,-0.4865,late,small,none,drug_developer,50,41.25000000000000000000000000,54.0,50,5,46.70096021947873799725651579,0.8370803742292153944290878163
CTKB,213,18.23,0.36526,-0.3444,18.23,0.310065,-0.4957,early,small,sev1,platform_devices,59.99,50,,50,16.20198902606310013717421125,68.08571428571428571428571429,0.6841066444143110462084072181
PACB,214,17.88,0.452922,-0.1183,17.88,0.306818,-0.5049,early,small,sev1,platform_devices,22.84,50,58.0,50,16.20198902606310013717421125,68.450,0.6283799231009040839654993245
WVE,215,17.67,0.251623,-0.6694,17.67,0.303571,-0.5142,mid,mid,sev1,drug_developer,26.10,41.25000000000000000000000000,77.5,33.02,25.61945713517871539908626713,12.50231419271999761115590194,0.7964720782959124928036845135
PRVA,216,17.50,0.287338,-0.5612,17.50,0.300325,-0.5235,early,mid,sev1,platform_services,27.17,50,55.5,13.82,16.20198902606310013717421125,48.34190672153635116598079561,0.7247679982146842222718143272
HUMA,217,17.40,0.339286,-0.4144,17.40,0.297078,-0.5328,late,micro,sev1,drug_developer,59.75,41.25000000000000000000000000,,90.00,50.34883720930232558139534884,21.53440298059010876750195301,0.8067012661115546937378806889
CLLS,218,17.37,0.271104,-0.6095,17.37,0.293831,-0.5422,early,small,none,drug_developer,53.96,50,,66.07,41.88100137174211248285322360,5.573696145124716553287981852,0.6683415977961432506887052342
LGND,219,17.23,0.300325,-0.5235,17.23,0.290584,-0.5517,early,mid,sev1,commercial_biotech,55.00,50,,13.82,16.20198902606310013717421125,60.00000000000000000000000000,0.7264388707681925542683612642
ABOS,220,17.21,0.160714,-0.9915,17.21,0.287338,-0.5612,early,micro,sev2,drug_developer,50,41.25000000000000000000000000,55.5,50,77.000,6.685956790123456790123456789,0.7056207674943566591422121896
RGEN,221,17.20,0.261364,-0.6391,17.20,0.284091,-0.5707,early,mid,sev1,platform_devices,54.05,50,60.5,45.63,16.20198902606310013717421125,29.78223593964334705075445816,0.7119082823790994997220678155
CSTL,222,17.06,0.306818,-0.5049,17.06,0.280844,-0.5803,early,small,sev1,platform_diagnostics,57.51,50,,50.66,16.20198902606310013717421125,59.42857142857142857142857143,0.6982341954022988505747126437
CTMX,223,16.78,0.316558,-0.4773,16.78,0.277597,-0.59,mid,small,none,drug_developer,43.59,41.25000000000000000000000000,83.0,44.34,14.69168980859386664277822569,31.23456790123456790123456790,0.7856791095120305824151113110
DAWN,224,16.72,0.293831,-0.5422,16.72,0.274351,-0.5997,late,small,none,commercial_biotech,51.10,41.25000000000000000000000000,55.0,43.75,5.654107325280932636259840149,68.450,0.8368762205092268161644475590
CGON,225,16.59,0.284091,-0.5707,16.59,0.271104,-0.6095,late,mid,none,drug_developer,50,41.25000000000000000000000000,83.0,15.18,6.598762093624181239108226668,54.32692307692307692307692308,0.8569030382461575122125580841
KALV,226,16.45,0.183442,-0.9023,16.45,0.267857,-0.6193,late,small,sev1,drug_developer,82.85,41.25000000000000000000000000,54.5,61.01,26.83071930773391022174148188,20.92299615573506748632491660,0.8797695576251455180442374854
ACLX,227,16.34,0.186688,-0.8902,16.34,0.26461,-0.6292,mid,mid,none,drug_developer,73.44,41.25000000000000000000000000,80.0,10.00,11.78446654125235151840902983,32.82525605422676102600854011,0.8080746794871794871794871795
VCYT,228,16.33,0.241883,-0.7003,16.33,0.261364,-0.6391,early,mid,sev1,platform_diagnostics,40.38,50,61.0,42.76,16.20198902606310013717421125,43.47050754458161865569272976,0.6976690923317683881064162754
AURA,229,16.26,0.189935,-0.8781,16.26,0.258117,-0.6492,late,small,none,drug_developer,19.77,41.25000000000000000000000000,52.0,69.35,10.99843759389459768042785890,38.30733797354739284323189216,0.8794283854469371149598977101
ELDN,230,16.25,0.225649,-0.7533,16.25,0.25487,-0.6592,mid,micro,sev1,drug_developer,50,41.25000000000000000000000000,52.5,90.00,17.69446683985786377616530801,24.92260891636059601660246647,0.7593709114696903619712167466
CRVS,231,16.04,0.267857,-0.6193,16.04,0.251623,-0.6694,late,small,none,drug_developer,50.36,41.25000000000000000000000000,66.5,38.39,37.28652124271377921999879815,15.04990770377144405493742485,0.8089258911819887429643527205
RNA,232,15.99,0.108766,-1.2331,15.99,0.248377,-0.6796,mid,large,sev2,drug_developer,91.15,41.25000000000000000000000000,85,10.00,67.21311475409836065573770492,5,0.8488292336802270577105014191
TXG,233,15.90,0.25487,-0.6592,15.90,0.24513,-0.6899,late,mid,none,platform_services,34.61,41.25000000000000000000000000,55.0,55.92,5,58.07692307692307692307692308,0.8450972048192771084337349398
CRMD,234,15.76,0.215909,-0.7861,15.76,0.241883,-0.7003,late,small,none,commercial_biotech,23.14,41.25000000000000000000000000,61.0,90.00,11.50231356288684574244336278,26.14862233060678419617605718,0.7657334589121732987991523428
RPRX,235,15.69,0.238636,-0.7107,15.69,0.238636,-0.7107,early,large,sev1,commercial_biotech,39.24,50,52.5,65.40,16.20198902606310013717421125,40.30864197530864197530864198,0.7531851085832471561530506722
NUVB,236,15.67,0.290584,-0.5517,15.67,0.23539,-0.7212,late,small,none,drug_developer,45.10,41.25000000000000000000000000,53.0,47.32,12.51907938224866294092903071,54.62962962962962962962962963,0.8155464640561075394506136762
AVTR,237,15.65,0.232143,-0.7318,15.65,0.232143,-0.7318,early,mid,sev1,platform_devices,51.32,50,52.5,53.29,16.20198902606310013717421125,31.23456790123456790123456790,0.6823054832610388165943721499
KYTX,238,15.63,0.280844,-0.5803,15.63,0.228896,-0.7425,mid,small,sev1,drug_developer,50,41.25000000000000000000000000,55.5,51.89,27.27612051718474723043387380,21.01469237832874196510560147,0.7520027017899358324890239784
SLDB,239,15.46,0.144481,-1.0604,15.46,0.225649,-0.7533,early,small,sev2,drug_developer,96.55,41.25000000000000000000000000,80.0,41.07,70.83333333333333333333333333,5,0.7748188445218148188445218148
MRUS,240,15.29,0.24513,-0.6899,15.29,0.222403,-0.7641,mid,unknown,none,drug_developer,50,41.25000000000000000000000000,68.0,50,37.71775806981396876586341784,5,0.7807517912522724842262859587
CELC,241,15.27,0.310065,-0.4957,15.27,0.219156,-0.775,late,mid,none,drug_developer,50,41.25000000000000000000000000,83.0,19.35,9.504837449672495643290667628,39.40931130834976988823142669,0.8124144965798631945277811112
AZN,242,15.23,0.089286,-1.3452,15.23,0.215909,-0.7861,late,large,sev2,commercial_pharma,38.37,50,69.0,24.77,73.37209302325581395348837209,5,0.8297418817651956702747710241
XERS,243,15.17,0.219156,-0.775,15.17,0.212662,-0.7972,early,small,sev1,commercial_biotech,50,50,66.5,13.82,16.20198902606310013717421125,26.32653061224489795918367346,0.7038885059978189749182115594
MYGN,244,15.16,0.323052,-0.4592,15.16,0.209416,-0.8085,early,small,sev1,platform_diagnostics,56.95,50,55.5,90.00,16.20198902606310013717421125,65.17142857142857142857142857,0.6180379397816256755266350502
ACRV,245,15.08,0.319805,-0.4682,15.08,0.206169,-0.8198,mid,micro,none,drug_developer,50,41.25000000000000000000000000,61.0,50,6.256681298336767296724297529,57.62295081967213114754098360,0.7221625544267053701015965167
LRMR,246,15.03,0.125,-1.1503,15.03,0.202922,-0.8312,mid,micro,sev2,drug_developer,82.75,41.25000000000000000000000000,71.5,66.98,70.16393442622950819672131148,8.903729582848099375914479383,0.7866459424083769633507853403
BLTE,247,14.96,0.079545,-1.4081,14.96,0.199675,-0.8428,late,mid,sev2,drug_developer,50,50,66.5,10.00,41.18412355026741181419385854,7.186061801446416831032215646,0.8124684727883001678254615200
GOSS,248,14.87,0.258117,-0.6492,14.87,0.196429,-0.8544,late,small,sev1,drug_developer,46.43,41.25000000000000000000000000,83.0,71.13,31.03088756685295354846463554,17.94240376636352859489576453,0.8155395935529081990189208129
ZBIO,249,14.77,0.26461,-0.6292,14.77,0.193182,-0.8662,late,small,none,drug_developer,50,41.25000000000000000000000000,66.5,45.54,20.52791298599843759389459768,32.60554793476604176192653559,0.8089584306398879028491359178
CMPS,250,14.63,0.209416,-0.8085,14.63,0.189935,-0.8781,late,small,sev1,platform_services,80.85,41.25000000000000000000000000,77.5,78.27,30.42184964845862628447809627,22.95900015241579027587258041,0.8100316011235955056179775281
FULC,251,14.59,0.222403,-0.7641,14.59,0.186688,-0.8902,late,small,none,drug_developer,86.67,41.25000000000000000000000000,66.5,59.82,5.186286881797968872062976984,57.14814814814814814814814814,0.8089258911819887429643527205
INBX,252,14.56,0.199675,-0.8428,14.56,0.183442,-0.9023,mid,small,sev1,drug_developer,50,41.25000000000000000000000000,66.5,25.47,32.38944130908656573800352355,7.214876033057851239669421491,0.7778532089468360121389232326
TGTX,253,14.45,0.154221,-1.0185,14.45,0.180195,-0.9146,late,mid,none,commercial_biotech,73.76,41.25000000000000000000000000,60.5,29.44,18.87206297698455621657352323,26.60420775805391190006574622,0.8791415687215159510674022547
RANI,254,14.15,0.196429,-0.8544,14.15,0.176948,-0.9271,early,micro,sev2,drug_developer,65.57,50,,80.36,77.000,5,0.6731956545122082392169517049
OPCH,255,14.02,0.193182,-0.8662,14.02,0.173701,-0.9396,early,mid,sev1,platform_services,39.25,50,,46.71,16.20198902606310013717421125,37.21536351165980795610425240,0.7335701459034792368125701459
VTYX,256,13.97,0.202922,-0.8312,13.97,0.170455,-0.9524,mid,small,none,drug_developer,7.25,41.25000000000000000000000000,72.0,21.70,5,39.79777573716967656361595755,0.7407662748643761301989150090
CVAC,257,13.69,0.173701,-0.9396,13.69,0.167208,-0.9653,late,small,none,drug_developer,14.10,50,,80.06,38.25078120305270115978607055,14.38212332130942098934782977,0.7832179930795847750865051903
BRKR,258,13.58,0.180195,-0.9146,13.58,0.163961,-0.9783,early,mid,sev1,platform_devices,50.89,50,,76.17,16.20198902606310013717421125,43.95070301783264746227709190,0.6982677637511271415689810640
CNTA,259,13.49,0.11526,-1.199,13.49,0.160714,-0.9915,late,mid,sev1,drug_developer,50.45,41.25000000000000000000000000,77.0,29.46,5,8.948882314266929651545036159,0.8882535922099513121957012231
TRDA,260,13.36,0.13474,-1.1043,13.36,0.157468,-1.0049,early,small,none,drug_developer,34.11,41.25000000000000000000000000,49.5,50,5,31.93777777777777777777777778,0.7763720452422953201203694096
SVRA,261,13.34,0.131494,-1.1194,13.34,0.154221,-1.0185,late,small,sev1,drug_developer,59.40,41.25000000000000000000000000,66.5,58.04,27.42172946337359533681870079,8.643347050754458161865569271,0.8537560065313739211569862375
MRSN,262,13.27,0.170455,-0.9524,13.27,0.150974,-1.0323,late,micro,none,drug_developer,96.55,41.25000000000000000000000000,,90.00,13.03196923261823207739919476,40.69100790216934078480860525,0.8767814659567236886824515690
EYPT,263,13.18,0.066558,-1.5019,13.18,0.147727,-1.0462,late,small,sev2,drug_developer,96.55,41.25000000000000000000000000,72.0,67.56,65.34883720930232558139534884,6.900997476671916543887280049,0.9
PRLD,264,13.17,0.150974,-1.0323,13.17,0.144481,-1.0604,early,micro,sev2,drug_developer,50,41.25000000000000000000000000,61.0,90.00,77.000,5,0.7583661103433613266716275114
ALMS,265,13.11,0.099026,-1.2871,13.11,0.137987,-1.0894,mid,mid,sev2,drug_developer,50,41.25000000000000000000000000,77.0,12.26,47.07605482397205052405267401,5,0.7941176470588235294117647059
ALLO,266,13.11,0.228896,-0.7425,13.11,0.141234,-1.0748,mid,small,none,drug_developer,40.45,41.25000000000000000000000000,,63.21,16.18113410373555495834453104,45.69513314967860422405876952,0.7668490954888939775589649645
LENZ,267,13.10,0.076299,-1.4304,13.10,0.13474,-1.1043,late,small,sev2,drug_developer,44.55,41.25000000000000000000000000,74.0,74.70,57.32558139534883720930232558,5,0.8295300839552238805970149254
BBIO,268,13.05,0.118506,-1.1825,13.05,0.131494,-1.1194,late,large,sev1,commercial_biotech,48.19,41.25000000000000000000000000,68.0,28.50,14.58866654648158163571900727,15.24000000000000000000000000,0.8926765965439519158527422990
RAPT,269,13.03,0.137987,-1.0894,13.03,0.128247,-1.1347,mid,small,none,drug_developer,70.05,41.25000000000000000000000000,77.5,29.25,19.23168801696079309624055660,11.57892051831445770839710234,0.7846554829993244764692636794
EDIT,270,12.94,0.095779,-1.306,12.94,0.125,-1.1503,early,micro,sev2,drug_developer,24.48,41.25000000000000000000000000,,73.21,67.50000000000000000000000000,5,0.7741403320835565077664702732
ADPT,271,12.69,0.167208,-0.9653,12.69,0.121753,-1.1663,early,mid,sev1,commercial_biotech,18.84,50,55.5,20.09,16.20198902606310013717421125,34.71504200960219478737997258,0.6648257315842583249243188698
NTLA,272,12.69,0.157468,-1.0049,12.69,0.118506,-1.1825,late,small,sev1,drug_developer,21.85,41.25000000000000000000000000,55.0,68.25,6.124932395889670091941590048,23.99168487188606072922488103,0.8136997067448680351906158358
PHVS,273,12.66,0.086039,-1.3656,12.66,0.11526,-1.199,late,small,none,drug_developer,81.97,50,85,24.11,19.42100835286340965086232799,5,0.7899906515910945331623732370
MRVI,274,12.54,0.176948,-0.9271,12.54,0.112013,-1.2159,early,small,sev1,commercial_biotech,21.98,50,,50,16.20198902606310013717421125,39.88036281179138321995464852,0.6673252766757151806222593443
OLMA,275,12.52,0.206169,-0.8198,12.52,0.108766,-1.2331,late,mid,none,drug_developer,38.46,41.25000000000000000000000000,66.5,19.94,8.038278949582356829517456886,55.30769230769230769230769231,0.8063782866836301950805767600
ETON,276,12.43,0.128247,-1.1347,12.43,0.105519,-1.2507,early,small,sev1,commercial_pharma,47.77,50,61.0,67.76,16.20198902606310013717421125,12.81179138321995464852607710,0.7060876286402452375738997153
FTRE,277,12.37,0.212662,-0.7972,12.37,0.102273,-1.2687,early,small,sev1,commercial_biotech,39.76,50,55.5,59.75,16.20198902606310013717421125,26.90485260770975056689342404,0.6175082399472643375082399473
ABVX,278,12.24,0.102273,-1.2687,12.24,0.099026,-1.2871,late,mid,sev2,drug_developer,56.26,50,85,24.70,52.44186046511627906976744186,5.618014464168310322156476000,0.7560984161528231169145206142
COGT,279,12.23,0.105519,-1.2507,12.23,0.095779,-1.306,late,mid,none,drug_developer,10.47,41.25000000000000000000000000,85,17.56,8.524127155819962742623640413,14.64907955292570677186061802,0.8130890683379534771604194287
NAUT,280,12.19,0.121753,-1.1663,12.19,0.092532,-1.3253,mid,micro,none,drug_developer,50,41.25000000000000000000000000,55.5,90.00,7.602794947594732598763773172,22.37779569410851324315446863,0.7090806733712286838653257543
PAHC,281,12.06,0.112013,-1.2159,12.06,0.089286,-1.3452,early,small,sev1,commercial_pharma,27.01,50,,13.82,16.20198902606310013717421125,23.47845804988662131519274376,0.7051933333333333333333333333
VRDN,282,12.01,0.056818,-1.5821,12.01,0.086039,-1.3656,late,mid,sev2,drug_developer,50,41.25000000000000000000000000,72.0,10.00,28.91240009614806802475812752,7.583210059171597633136094668,0.8546488671595516336751729072
ARTV,283,11.47,0.147727,-1.0462,11.47,0.082792,-1.3865,mid,micro,sev1,drug_developer,50,41.25000000000000000000000000,60.0,76.42,5,24.92260891636059601660246647,0.7549362536776724419745014711
PEPG,284,11.26,0.163961,-0.9783,11.26,0.079545,-1.4081,mid,small,none,drug_developer,90.94,41.25000000000000000000000000,83.0,50,5,36.93755739210284664830119375,0.7427251659117244285262825240
PSNL,285,11.26,0.141234,-1.0748,11.26,0.076299,-1.4304,early,small,sev1,platform_diagnostics,35.81,50,,50,16.20198902606310013717421125,34.53287981859410430839002268,0.6179161438728565453785027185
STVN,286,10.86,0.060065,-1.5542,10.86,0.073052,-1.4534,early,mid,sev1,platform_devices,48.74,50,,50,16.20198902606310013717421125,13.69170096021947873799725652,0.7034334104775930990953082264
OABI,287,10.73,0.069805,-1.4772,10.73,0.069805,-1.4772,early,micro,sev2,drug_developer,49.08,41.25000000000000000000000000,,50,47.02777777777777777777777778,5,0.7807792808572017308881104471
TKNO,288,10.66,0.092532,-1.3253,10.66,0.066558,-1.5019,early,micro,sev1,commercial_pharma,60.39,50,,50,16.20198902606310013717421125,22.57426697530864197530864197,0.6804521442595845819985532706
PHAT,289,10.60,0.063312,-1.5276,10.60,0.063312,-1.5276,late,small,sev2,commercial_biotech,17.71,41.25000000000000000000000000,49.5,56.25,51.04651162790697674418604651,5,0.7992469454887218045112781955
LFCR,290,9.63,0.082792,-1.3865,9.63,0.060065,-1.5542,early,small,sev1,commercial_pharma,26.73,50,,13.82,16.20198902606310013717421125,15.36961451247165532879818594,0.7050772032772364924712134632
LQDA,291,9.27,0.053571,-1.6112,9.27,0.056818,-1.5821,late,mid,sev1,drug_developer,87.89,41.25000000000000000000000000,65.5,16.96,14.06676281473469142479418303,10.33830539119000657462195924,0.8688101869606903163950143816
TNYA,292,8.95,0.050325,-1.6417,8.95,0.053571,-1.6112,early,micro,sev2,drug_developer,76.96,41.25000000000000000000000000,55.5,62.50,45.07716049382716049382716049,5.725844478737997256515775040,0.7049129552493858805938267649
KOD,293,8.92,0.037338,-1.7825,8.92,0.050325,-1.6417,late,small,sev1,drug_developer,82.96,41.25000000000000000000000000,66.5,41.37,5,9.529204558925638029433182607,0.8621078447371488518475346777
ADCT,294,8.84,0.073052,-1.4534,8.84,0.047078,-1.6739,late,small,none,drug_developer,96.55,41.25000000000000000000000000,66.5,90.00,7.555435370470524607896160093,35.99725651577503429355281206,0.8089258911819887429643527205
IVVD,295,8.01,0.043831,-1.7079,8.01,0.043831,-1.7079,late,small,sev1,drug_developer,96.55,41.25000000000000000000000000,65.5,57.44,5,13.17051939914308455689342750,0.8283508526045316514832982948
STRO,296,7.70,0.040584,-1.7439,7.70,0.040584,-1.7439,mid,micro,sev2,drug_developer,62.04,41.25000000000000000000000000,66.5,78.30,34.14165845501507957836901669,7.738720176774463256591716686,0.7794188332969193795062267861
AKRO,297,7.38,0.047078,-1.6739,7.38,0.037338,-1.7825,late,unknown,none,drug_developer,50,41.25000000000000000000000000,44.0,50,9.999699537287422630851511323,5,0.8194925471284524331433581762
CNTX,298,6.12,0.027597,-1.9173,6.12,0.034091,-1.8238,mid,unknown,none,drug_developer,50,41.25000000000000000000000000,,50,8.972797037833318403057720436,5,0.6988295331161780673181324647
URGN,299,5.74,0.030844,-1.8685,5.74,0.030844,-1.8685,late,small,sev2,drug_developer,47.99,41.25000000000000000000000000,72.0,75.30,24.49672495643290667628147347,6.044505410760554793476604180,0.8225032197634937360964758225
VOR,300,5.54,0.034091,-1.8238,5.54,0.027597,-1.9173,late,small,sev1,drug_developer,45.19,41.25000000000000000000000000,,53.87,5,27.14846991481650832359565784,0.8026202697863196848513787752
PRAX,301,5.43,0.017857,-2.1002,5.03,0.017857,-2.1002,late,mid,sev2,drug_developer,96.55,41.25000000000000000000000000,71.0,11.01,21.08587224325461210263806261,5,0.8088929044693410432478014697
NMRA,302,5.39,0.01461,-2.1805,5.39,0.024351,-1.9712,late,small,sev2,drug_developer,51.72,41.25000000000000000000000000,55.0,65.18,7.075596418484466077759750018,7.767278023336551000016935093,0.7912384082638807371757248503
BMEA,303,5.29,0.024351,-1.9712,5.29,0.021104,-2.0315,mid,micro,sev2,commercial_biotech,50,41.25000000000000000000000000,55.5,90.00,13.22613395443279882946639195,10.08599838753023380811609783,0.7518723404255319148936170213
EOLS,304,4.80,0.021104,-2.0315,4.80,0.01461,-2.1805,late,small,sev2,commercial_pharma,71.30,41.25000000000000000000000000,48.5,86.45,32.87602908479057748933357370,5,0.8685168607359105728924080112
IBRX,305,4.74,0.011364,-2.278,4.74,0.011364,-2.278,late,mid,sev2,drug_developer,50.53,41.25000000000000000000000000,52.5,43.15,10.49756625202812330989724175,5,0.7846938775510204081632653061
SMMT,306,4.67,0.008117,-2.4036,4.67,0.008117,-2.4036,late,large,sev2,drug_developer,92.79,41.25000000000000000000000000,71.5,10.00,19.97295835586803677663601946,5,0.8151449643947100712105798576
OCGN,307,4.14,0.001623,-2.9434,3.78,0.001623,-2.9434,late,small,sev2,drug_developer,53.01,41.25000000000000000000000000,,75.89,13.54786371011357490535424554,5,0.8569491752699655868043194494
IOVA,308,3.78,0.00487,-2.5849,3.78,0.00487,-2.5849,late,small,sev2,commercial_biotech,70.25,41.25000000000000000000000000,55.0,81.25,22.77777777777777777777777778,11.33028501752781588172534675,0.7961626130889437198919045941
