date,ticker,tier_dev,actionable_rank,weight_pct,size_band,catalyst_mode,mom_state,fwd_20d,resid_20d,fwd_60d,resid_60d
2025-01-31,VRDN,A,1,6.37,L,specific_days,neutral,-19.4818,-15.1897,-30.0514,-12.3673
2025-01-31,VERA,A,2,6.37,L,specific_days,headwind,-18.0898,-14.2035,-36.4532,-20.4411
2025-01-31,MLTX,A,3,6.37,L,specific_days,neutral,-4.3299,-1.7829,-9.6907,0.8034
2025-01-31,MRUS,A,4,6.37,L,specific_days,neutral,18.8841,21.0822,9.9975,19.0541
2025-01-31,DNTH,A,5,6.37,L,specific_days,neutral,-2.1296,1.5007,-1.8124,13.1449
2025-01-31,PTGX,B,6,3.82,M,specific_days,headwind,1.0484,4.2117,19.5968,32.63
2025-01-31,ABUS,B,7,1.91,S,specific_days,headwind,5.1829,7.3429,0.3049,9.2043
2025-01-31,AVBP,B,8,6.37,L,specific_days,neutral,-14.3324,-12.3648,-24.4557,-16.349
2025-01-31,ELDN,B,9,6.37,L,specific_days,neutral,-7.1718,-5.3778,-27.3496,-19.9579
2025-01-31,ABEO,B,10,6.37,L,specific_days,neutral,-4.5,-1.8688,-3.125,7.7158
2025-01-31,CNTA,B,11,6.37,L,specific_days,tailwind,-7.9882,-4.9906,-18.4024,-6.0519
2025-01-31,PVLA,B,12,6.37,L,specific_days,neutral,49.3446,50.2799,95.7595,99.6131
2025-01-31,RVMD,B,13,6.37,L,specific_days,headwind,-3.3223,-0.7286,-7.9972,2.6892
2025-01-31,NUVL,B,14,6.37,L,missing,neutral,-11.6323,-8.7164,-13.4001,-1.3861
2025-01-31,AURA,B,15,3.82,M,missing,headwind,-8.2157,-4.8886,-18.0288,-4.3207
2025-01-31,AKRO,B,16,6.37,L,missing,neutral,-8.7837,-4.9056,-23.8626,-7.8843
2025-01-31,ZVRA,B,17,3.82,M,missing,neutral,4.7061,7.2428,-5.8822,4.5694
2025-01-31,WVE,B,18,3.82,M,missing,neutral,-10.8769,-6.3512,-43.2546,-24.6079
2025-02-28,VRDN,A,1,6.41,L,specific_days,neutral,0.2086,2.176,-5.8292,4.9623
2025-02-28,MLTX,A,2,6.41,L,specific_days,neutral,0.3777,1.555,-1.9642,4.4932
2025-02-28,MRUS,A,3,6.41,L,specific_days,neutral,-1.8914,-0.9592,21.2668,26.3798
2025-02-28,DNTH,A,4,6.41,L,specific_days,neutral,1.8858,3.5391,-6.0907,2.9779
2025-02-28,AVBP,A,5,6.41,L,specific_days,headwind,-13.9809,-12.9146,-7.399,-1.5505
2025-02-28,ABUS,B,6,6.41,L,specific_days,tailwind,2.3392,3.3985,-5.848,-0.0375
2025-02-28,BLTE,B,7,3.85,M,specific_days,neutral,16.6696,17.072,6.6993,8.9065
2025-02-28,PCVX,B,8,3.85,M,specific_days,headwind,-3.6616,-2.5169,-54.8682,-48.5892
2025-02-28,ELDN,B,9,6.41,L,specific_days,neutral,-16.3575,-15.5101,-23.8443,-19.1966
2025-02-28,ABEO,B,10,6.41,L,specific_days,neutral,-2.2973,-1.0199,26.2162,33.2226
2025-02-28,CNTA,B,11,6.41,L,specific_days,neutral,-2.992,-1.6053,-14.4282,-6.8222
2025-02-28,PVLA,B,12,6.41,L,specific_days,neutral,43.734,44.1729,21.3299,23.7372
2025-02-28,RVMD,B,13,6.41,L,specific_days,headwind,-2.5822,-1.3252,3.7298,10.6246
2025-02-28,NUVL,B,14,3.85,M,missing,headwind,2.8439,4.2736,3.4633,11.3054
2025-02-28,AURA,B,15,3.85,M,missing,headwind,-12.174,-10.5694,-13.4699,-4.6684
2025-02-28,AKRO,B,16,6.41,L,missing,neutral,-6.1924,-4.379,1.8006,11.7472
2025-02-28,TENX,B,17,3.85,M,missing,neutral,12.5,12.8033,0.0,1.6635
2025-02-28,ZVRA,B,18,3.85,M,missing,neutral,7.0942,8.2375,18.0083,24.2793
2025-03-31,MLTX,A,1,6.21,L,specific_days,neutral,7.7029,4.2766,23.4388,19.0444
2025-03-31,PHVS,A,2,6.21,L,specific_days,headwind,15.0371,12.8959,17.4646,14.7184
2025-03-31,MRUS,A,3,6.21,L,specific_days,neutral,14.3434,11.3085,33.1818,29.2895
2025-03-31,DNTH,A,4,6.21,L,specific_days,neutral,27.451,21.6301,2.1985,-5.267
2025-03-31,REPL,A,5,6.21,L,specific_days,headwind,10.3571,4.6991,9.881,2.6244
2025-03-31,ELDN,A,6,6.21,L,specific_days,neutral,1.8527,-1.3487,-19.2565,-23.3625
2025-03-31,AVXL,B,7,1.86,S,specific_days,headwind,19.4514,12.5653,15.9601,7.1284
2025-03-31,BLTE,B,8,3.73,M,specific_days,neutral,-7.4154,-8.6212,-5.3846,-6.9311
2025-03-31,DRUG,B,9,6.21,L,specific_days,neutral,-10.8834,-17.1408,-24.9792,-33.0046
2025-03-31,CDTX,B,10,6.21,L,specific_days,neutral,11.1522,8.4821,137.5793,134.1548
2025-03-31,ABEO,B,11,6.21,L,specific_days,neutral,20.2473,16.5759,30.6028,25.894
2025-03-31,CNTA,B,12,6.21,L,specific_days,neutral,3.9305,-0.1782,-1.7385,-7.0081
2025-03-31,PVLA,B,13,6.21,L,specific_days,neutral,4.1543,2.5162,-4.451,-6.5519
2025-03-31,RVMD,B,14,6.21,L,specific_days,headwind,23.3492,19.0922,19.0958,13.636
2025-03-31,NUVL,B,15,6.21,L,missing,neutral,10.5882,6.2843,11.7353,6.2154
2025-03-31,AKRO,B,16,6.21,L,missing,neutral,9.1356,3.6238,39.8292,32.7601
2025-03-31,TENX,B,17,3.73,M,missing,neutral,-11.1111,-12.837,-11.1111,-13.3247
2025-03-31,ZVRA,B,18,3.73,M,missing,neutral,-1.6392,-5.053,22.9508,18.5725
2025-04-30,LQDA,A,1,9.26,L,specific_days,tailwind,1.3948,4.9104,26.9671,21.5689
2025-04-30,MLTX,A,2,9.26,L,specific_days,neutral,-7.8909,-3.8154,34.5077,28.2496
2025-04-30,MRUS,A,3,9.26,L,specific_days,neutral,10.033,14.3584,41.1441,34.5024
2025-04-30,DNTH,A,4,9.26,L,specific_days,neutral,-18.5253,-12.0448,1.8433,-8.1076
2025-04-30,ABEO,A,5,9.26,L,specific_days,neutral,-12.8128,-8.5027,-2.3023,-8.9206
2025-04-30,BLTE,B,6,5.56,M,specific_days,neutral,-0.4685,1.2548,0.6624,-1.9837
2025-04-30,CDTX,B,7,9.26,L,specific_days,neutral,4.3218,7.0324,198.1609,193.9988
2025-04-30,INBX,B,8,9.26,L,specific_days,neutral,4.789,9.4284,88.3117,81.1878
2025-04-30,PVLA,B,9,9.26,L,specific_days,neutral,-1.0793,2.1722,59.5268,54.5341
2025-04-30,AKRO,B,10,9.26,L,specific_days,neutral,0.0221,6.3118,14.3677,4.7097
2025-04-30,TENX,B,11,5.56,M,missing,neutral,0.0,1.5147,0.0,-2.3258
2025-04-30,ZVRA,B,12,5.56,M,missing,neutral,9.0315,12.7145,54.0577,48.4024
2025-05-30,LQDA,A,1,7.58,L,specific_days,neutral,-22.3474,-23.9817,59.099,50.1897
2025-05-30,MLTX,A,2,7.58,L,specific_days,neutral,15.4519,13.3574,35.7872,24.3689
2025-05-30,MRUS,A,3,7.58,L,specific_days,neutral,-9.4652,-11.7928,15.3084,2.6195
2025-05-30,DNTH,A,4,7.58,L,specific_days,neutral,0.5705,-2.4382,38.6195,22.2171
2025-05-30,ELDN,A,5,7.58,L,specific_days,neutral,-12.0881,-14.2167,-15.0314,-26.6357
2025-05-30,ABEO,A,6,7.58,L,specific_days,neutral,-8.4337,-10.8371,15.2245,2.1221
2025-05-30,BLTE,B,7,4.55,M,specific_days,neutral,-9.1972,-9.9405,-0.9536,-5.0057
2025-05-30,CDTX,B,8,7.58,L,specific_days,neutral,118.1778,116.2439,192.8304,182.2877
2025-05-30,INBX,B,9,7.58,L,specific_days,tailwind,11.3426,9.178,92.9012,81.1006
2025-05-30,CNTA,B,10,7.58,L,specific_days,headwind,-2.088,-4.5242,26.8456,13.5646
2025-05-30,PVLA,B,11,7.58,L,specific_days,neutral,-12.1718,-13.4954,112.4901,105.2742
2025-05-30,AKRO,B,12,7.58,L,specific_days,neutral,10.7629,7.6377,-2.9568,-19.994
2025-05-30,TENX,B,13,4.55,M,missing,neutral,0.0,-0.8221,0.0,-4.4819
2025-05-30,ZVRA,B,14,7.58,L,missing,tailwind,3.9261,2.136,9.007,-0.7517
2025-06-30,MRUS,A,1,7.81,L,specific_days,neutral,24.5537,19.8647,31.3901,12.2481
2025-06-30,DNTH,A,2,7.81,L,specific_days,neutral,24.0534,18.2127,110.245,86.4011
2025-06-30,ABEO,A,3,7.81,L,specific_days,neutral,18.8889,14.4721,-1.6049,-19.6358
2025-06-30,PVLA,A,4,7.81,L,specific_days,neutral,75.8712,73.1844,158.9766,148.0081
2025-06-30,BLTE,B,5,4.69,M,specific_days,neutral,8.5549,7.1378,24.7201,18.9349
2025-06-30,CDTX,B,6,7.81,L,specific_days,neutral,27.8401,24.2221,53.9262,39.1564
2025-06-30,INBX,B,7,7.81,L,specific_days,neutral,67.4847,63.5221,84.8671,68.6905
2025-06-30,XENE,B,8,7.81,L,specific_days,neutral,-3.4902,-7.7241,16.3914,-0.8928
2025-06-30,MLTX,B,9,7.81,L,specific_days,neutral,16.8633,12.7166,17.9575,1.0294
2025-06-30,AKRO,B,10,7.81,L,specific_days,neutral,-4.221,-10.0512,-9.7257,-33.5264
2025-06-30,CELC,B,11,7.81,L,specific_days,neutral,194.5556,189.7546,320.2562,300.657
2025-06-30,LQDA,B,12,4.69,M,missing,headwind,65.1667,61.9373,90.8333,77.6496
2025-06-30,TENX,B,13,4.69,M,missing,neutral,12.5,10.8527,12.5,5.7753
2025-06-30,ZVRA,B,14,7.81,L,missing,tailwind,20.7822,17.2219,-11.1733,-25.7075
2025-07-31,ABEO,A,1,7.25,L,specific_days,neutral,6.0381,0.7554,-16.5254,-42.7699
2025-07-31,PVLA,A,2,7.25,L,specific_days,neutral,40.3557,36.7532,95.0752,77.1779
2025-07-31,BLTE,B,3,4.35,M,specific_days,neutral,-1.8411,-3.6978,40.3226,31.0984
2025-07-31,DRUG,B,4,7.25,L,specific_days,neutral,26.7767,19.5815,82.9914,47.2457
2025-07-31,CDTX,B,5,7.25,L,specific_days,neutral,3.7043,-0.7993,52.8776,30.5037
2025-07-31,INBX,B,6,7.25,L,specific_days,tailwind,29.0741,24.5287,31.2963,8.7148
2025-07-31,XENE,B,7,4.35,M,specific_days,headwind,26.5574,21.3278,35.082,9.1013
2025-07-31,VRDN,B,8,7.25,L,specific_days,neutral,5.9161,-1.3637,26.7668,-9.399
2025-07-31,MLTX,B,9,7.25,L,specific_days,neutral,3.5525,-1.5766,-82.124,-107.6053
2025-07-31,AKRO,B,10,7.25,L,specific_days,neutral,-2.9564,-9.7759,11.0606,-22.8185
2025-07-31,DNTH,B,11,7.25,L,specific_days,neutral,20.4954,13.3142,61.5833,25.9074
2025-07-31,CELC,B,12,7.25,L,specific_days,neutral,36.8078,32.1235,76.8229,53.5515
2025-07-31,MRUS,B,13,7.25,L,missing,neutral,0.8237,-4.797,44.0207,16.0973
2025-07-31,LQDA,B,14,7.25,L,missing,tailwind,55.3167,51.3994,24.5475,5.0864
2025-07-31,TENX,B,15,4.35,M,missing,neutral,-11.1111,-13.0341,11.1111,1.5578
2025-08-29,ELDN,A,1,3.43,M,specific_days,headwind,3.8639,-1.7873,-44.4048,-70.7928
2025-08-29,ABEO,A,2,5.71,L,specific_days,tailwind,-20.3424,-25.9656,-34.3404,-60.5975
2025-08-29,CDTX,B,3,5.71,L,specific_days,neutral,41.8639,36.8099,243.8627,220.2636
2025-08-29,INBX,B,4,5.71,L,specific_days,tailwind,15.8865,10.9931,197.6241,174.7748
2025-08-29,XENE,B,5,5.71,L,specific_days,tailwind,-1.8858,-7.6394,6.3291,-20.537
2025-08-29,PVLA,B,6,5.71,L,specific_days,tailwind,10.0462,5.4737,73.7581,52.4071
2025-08-29,VRDN,B,7,5.71,L,specific_days,tailwind,9.8479,2.1616,65.0706,29.1803
2025-08-29,MLTX,B,8,5.71,L,specific_days,tailwind,11.1928,5.8171,-77.2735,-102.3748
2025-08-29,AKRO,B,9,5.71,L,specific_days,neutral,5.0616,-2.0849,19.5203,-13.8495
2025-08-29,DNTH,B,10,5.71,L,specific_days,tailwind,55.7488,47.9266,75.8591,39.3341
2025-08-29,CELC,B,11,5.71,L,specific_days,tailwind,-1.2297,-6.5125,90.3182,65.6504
2025-08-29,NAUT,B,12,1.71,S,missing,headwind,21.8824,15.1042,229.4117,197.7615
2025-08-29,MRUS,B,13,5.71,L,missing,neutral,3.9065,-2.2988,44.4344,15.4593
2025-08-29,LQDA,B,14,5.71,L,missing,tailwind,-21.2428,-25.6307,5.1662,-15.3227
2025-08-29,IKT,B,15,5.71,L,missing,tailwind,15.8865,8.7495,197.6241,164.2985
2025-08-29,ACRV,B,16,5.71,L,missing,tailwind,23.8806,14.4702,71.6419,27.7006
2025-08-29,CLYM,B,17,5.71,L,missing,tailwind,-4.4843,-11.2746,-23.7669,-55.4736
2025-08-29,ARTV,B,18,5.71,L,missing,tailwind,-6.0317,-14.9012,-0.6349,-42.0503
2025-08-29,TENX,B,19,3.43,M,missing,neutral,25.0,22.8213,37.5,27.3267
2025-09-30,VRDN,A,1,6.71,L,specific_days,tailwind,8.9329,-6.2318,50.964,16.7853
2025-09-30,XENE,B,2,6.71,L,specific_days,tailwind,8.7168,-2.2487,13.8548,-10.8598
2025-09-30,PVLA,B,3,6.71,L,specific_days,tailwind,16.2423,7.4608,58.5798,38.7877
2025-09-30,AKRO,B,4,6.71,L,specific_days,neutral,16.0043,16.0043,,
2025-09-30,DNTH,B,5,6.71,L,specific_days,tailwind,-13.5114,-28.3401,9.4529,-23.9687
2025-09-30,CELC,B,6,6.71,L,specific_days,tailwind,64.6174,55.0082,126.3379,104.6804
2025-09-30,NAUT,B,7,6.71,L,specific_days,tailwind,71.2164,59.8849,133.4769,107.9376
2025-09-30,IKT,B,8,6.71,L,missing,tailwind,101.5597,88.275,129.7822,99.8406
2025-09-30,MRUS,B,9,6.71,L,missing,neutral,0.7966,-11.6325,2.9209,-25.0922
2025-09-30,ACRV,B,10,6.71,L,missing,tailwind,9.3923,-7.4663,28.1769,-9.8197
2025-09-30,LQDA,B,11,6.71,L,missing,tailwind,4.9887,-3.7153,59.8186,40.2011
2025-09-30,ABEO,B,12,4.03,M,missing,headwind,0.0,-10.3394,0.3906,-22.9128
2025-09-30,CLYM,B,13,6.71,L,missing,tailwind,5.5837,-6.9543,133.5025,105.244
2025-09-30,ARTV,B,14,6.71,L,missing,neutral,61.9863,44.3117,46.2329,6.3972
2025-09-30,ELDN,B,15,2.01,S,missing,headwind,49.6166,38.5647,-42.8592,-67.7683
2025-09-30,TENX,B,16,6.71,L,missing,tailwind,-9.0909,-12.5224,54.5455,46.8115
2025-10-31,KALV,A,1,5.99,L,specific_days,headwind,33.9815,21.2589,48.3334,30.5375
2025-10-31,VRDN,A,2,5.99,L,specific_days,neutral,38.0567,20.7392,42.2462,18.023
2025-10-31,AKRO,A,3,5.99,L,specific_days,neutral,0.4992,0.4992,,
2025-10-31,XENE,B,4,3.59,M,specific_days,headwind,8.7549,-3.9006,1.5564,-16.1457
2025-10-31,PVLA,B,5,5.99,L,specific_days,tailwind,33.7715,23.5585,11.0099,-3.2758
2025-10-31,PTGX,B,6,5.99,L,specific_days,tailwind,18.499,10.9963,9.4141,-1.0804
2025-10-31,DNTH,B,7,5.99,L,specific_days,tailwind,29.2389,13.069,53.7761,31.1581
2025-10-31,CELC,B,8,5.99,L,specific_days,tailwind,34.5126,22.2123,46.3625,29.1572
2025-10-31,NAUT,B,9,5.99,L,specific_days,tailwind,21.6217,7.5734,11.8919,-7.7584
2025-10-31,TENX,B,10,5.99,L,specific_days,tailwind,30.0,26.6412,100.0,95.3018
2025-10-31,ACRV,B,11,5.99,L,specific_days,tailwind,1.2876,-18.7059,-12.0172,-39.9834
2025-10-31,NUVL,B,12,5.99,L,missing,neutral,17.5554,3.886,14.427,-4.6933
2025-10-31,IKT,B,13,1.8,S,missing,headwind,3.2908,-11.9146,-8.3251,-29.5939
2025-10-31,MRUS,B,14,5.99,L,missing,neutral,1.4349,1.4349,,
2025-10-31,LQDA,B,15,3.59,M,missing,headwind,29.3814,18.9439,60.9437,46.344
2025-10-31,ABEO,B,16,3.59,M,missing,headwind,6.0432,-6.1388,8.0576,-8.9822
2025-10-31,CLYM,B,17,3.59,M,missing,headwind,-5.5,-20.4401,151.0,130.1023
2025-10-31,ARTV,B,18,5.99,L,missing,tailwind,-0.2653,-20.7016,26.7904,-1.7953
2025-10-31,ELDN,B,19,5.99,L,missing,tailwind,-62.6115,-75.9748,-50.9137,-69.6058
